Timestamp,ActivityState,activity_name,teu_id,pm_name,activity_type,activity_order
2024-01-01 07:00:00.000000,START,TEU_1_qc_pick_qc_01,1,,qc_pick,1
2024-01-01 07:01:00.000000,STOP,TEU_1_qc_pick_qc_01,1,,qc_pick,1
2024-01-01 07:00:00.000000,WAIT_START,TEU_1_qc_transfer_qc_01,1,,qc_transfer,2
2024-01-01 07:01:00.000000,WAIT_STOP,TEU_1_qc_transfer_qc_01,1,,qc_transfer,2
2024-01-01 07:01:00.000000,START,TEU_1_qc_transfer_qc_01,1,,qc_transfer,2
2024-01-01 07:02:00.000000,STOP,TEU_1_qc_transfer_qc_01,1,,qc_transfer,2
2024-01-01 07:00:00.000000,WAIT_START,TEU_1_qc_load_to_pm_pm_01,1,pm_01,qc_load_to_pm,3
2024-01-01 07:02:00.000000,WAIT_STOP,TEU_1_qc_load_to_pm_pm_01,1,pm_01,qc_load_to_pm,3
2024-01-01 07:02:00.000000,START,TEU_1_qc_load_to_pm_pm_01,1,pm_01,qc_load_to_pm,3
2024-01-01 07:04:00.000000,STOP,TEU_1_qc_load_to_pm_pm_01,1,pm_01,qc_load_to_pm,3
2024-01-01 07:00:00.000000,WAIT_START,TEU_1_qc_travelback_pm_01,1,pm_01,qc_travelback,4
2024-01-01 07:04:00.000000,WAIT_STOP,TEU_1_qc_travelback_pm_01,1,pm_01,qc_travelback,4
2024-01-01 07:04:00.000000,START,TEU_1_qc_travelback_pm_01,1,pm_01,qc_travelback,4
2024-01-01 07:05:00.000000,STOP,TEU_1_qc_travelback_pm_01,1,pm_01,qc_travelback,4
2024-01-01 07:00:00.000000,WAIT_START,TEU_1_pm_travel_to_Yard4_pm_01,1,pm_01,pm_travel_to_yard,5
2024-01-01 07:04:00.000000,WAIT_STOP,TEU_1_pm_travel_to_Yard4_pm_01,1,pm_01,pm_travel_to_yard,5
2024-01-01 07:04:00.000000,START,TEU_1_pm_travel_to_Yard4_pm_01,1,pm_01,pm_travel_to_yard,5
2024-01-01 07:04:49.127167,STOP,TEU_1_pm_travel_to_Yard4_pm_01,1,pm_01,pm_travel_to_yard,5
2024-01-01 07:00:00.000000,WAIT_START,TEU_1_pm_unload_Yard4_pm_01,1,pm_01,pm_unload,6
2024-01-01 07:04:49.127167,WAIT_STOP,TEU_1_pm_unload_Yard4_pm_01,1,pm_01,pm_unload,6
2024-01-01 07:04:49.127167,START,TEU_1_pm_unload_Yard4_pm_01,1,pm_01,pm_unload,6
2024-01-01 07:06:49.127167,STOP,TEU_1_pm_unload_Yard4_pm_01,1,pm_01,pm_unload,6
2024-01-01 07:00:00.000000,WAIT_START,TEU_1_pm_return_pm_01,1,pm_01,pm_return,7
2024-01-01 07:06:49.127167,WAIT_STOP,TEU_1_pm_return_pm_01,1,pm_01,pm_return,7
2024-01-01 07:06:49.127167,START,TEU_1_pm_return_pm_01,1,pm_01,pm_return,7
2024-01-01 07:07:38.254333,STOP,TEU_1_pm_return_pm_01,1,pm_01,pm_return,7
2024-01-01 07:01:00.000000,START,TEU_2_qc_pick_qc_02,2,,qc_pick,1
2024-01-01 07:02:00.000000,STOP,TEU_2_qc_pick_qc_02,2,,qc_pick,1
2024-01-01 07:00:00.000000,WAIT_START,TEU_2_qc_transfer_qc_02,2,,qc_transfer,2
2024-01-01 07:02:00.000000,WAIT_STOP,TEU_2_qc_transfer_qc_02,2,,qc_transfer,2
2024-01-01 07:02:00.000000,START,TEU_2_qc_transfer_qc_02,2,,qc_transfer,2
2024-01-01 07:03:00.000000,STOP,TEU_2_qc_transfer_qc_02,2,,qc_transfer,2
2024-01-01 07:00:00.000000,WAIT_START,TEU_2_qc_load_to_pm_pm_02,2,pm_02,qc_load_to_pm,3
2024-01-01 07:03:00.000000,WAIT_STOP,TEU_2_qc_load_to_pm_pm_02,2,pm_02,qc_load_to_pm,3
2024-01-01 07:03:00.000000,START,TEU_2_qc_load_to_pm_pm_02,2,pm_02,qc_load_to_pm,3
2024-01-01 07:05:00.000000,STOP,TEU_2_qc_load_to_pm_pm_02,2,pm_02,qc_load_to_pm,3
2024-01-01 07:00:00.000000,WAIT_START,TEU_2_qc_travelback_pm_02,2,pm_02,qc_travelback,4
2024-01-01 07:05:00.000000,WAIT_STOP,TEU_2_qc_travelback_pm_02,2,pm_02,qc_travelback,4
2024-01-01 07:05:00.000000,START,TEU_2_qc_travelback_pm_02,2,pm_02,qc_travelback,4
2024-01-01 07:06:00.000000,STOP,TEU_2_qc_travelback_pm_02,2,pm_02,qc_travelback,4
2024-01-01 07:00:00.000000,WAIT_START,TEU_2_pm_travel_to_Yard1_pm_02,2,pm_02,pm_travel_to_yard,5
2024-01-01 07:05:00.000000,WAIT_STOP,TEU_2_pm_travel_to_Yard1_pm_02,2,pm_02,pm_travel_to_yard,5
2024-01-01 07:05:00.000000,START,TEU_2_pm_travel_to_Yard1_pm_02,2,pm_02,pm_travel_to_yard,5
2024-01-01 07:05:12.281792,STOP,TEU_2_pm_travel_to_Yard1_pm_02,2,pm_02,pm_travel_to_yard,5
2024-01-01 07:00:00.000000,WAIT_START,TEU_2_pm_unload_Yard1_pm_02,2,pm_02,pm_unload,6
2024-01-01 07:05:12.281792,WAIT_STOP,TEU_2_pm_unload_Yard1_pm_02,2,pm_02,pm_unload,6
2024-01-01 07:05:12.281792,START,TEU_2_pm_unload_Yard1_pm_02,2,pm_02,pm_unload,6
2024-01-01 07:07:12.281792,STOP,TEU_2_pm_unload_Yard1_pm_02,2,pm_02,pm_unload,6
2024-01-01 07:00:00.000000,WAIT_START,TEU_2_pm_return_pm_02,2,pm_02,pm_return,7
2024-01-01 07:07:12.281792,WAIT_STOP,TEU_2_pm_return_pm_02,2,pm_02,pm_return,7
2024-01-01 07:07:12.281792,START,TEU_2_pm_return_pm_02,2,pm_02,pm_return,7
2024-01-01 07:07:24.563583,STOP,TEU_2_pm_return_pm_02,2,pm_02,pm_return,7
2024-01-01 07:02:00.000000,START,TEU_3_qc_pick_qc_03,3,,qc_pick,1
2024-01-01 07:03:00.000000,STOP,TEU_3_qc_pick_qc_03,3,,qc_pick,1
2024-01-01 07:00:00.000000,WAIT_START,TEU_3_qc_transfer_qc_03,3,,qc_transfer,2
2024-01-01 07:03:00.000000,WAIT_STOP,TEU_3_qc_transfer_qc_03,3,,qc_transfer,2
2024-01-01 07:03:00.000000,START,TEU_3_qc_transfer_qc_03,3,,qc_transfer,2
2024-01-01 07:04:00.000000,STOP,TEU_3_qc_transfer_qc_03,3,,qc_transfer,2
2024-01-01 07:00:00.000000,WAIT_START,TEU_3_qc_load_to_pm_pm_03,3,pm_03,qc_load_to_pm,3
2024-01-01 07:04:00.000000,WAIT_STOP,TEU_3_qc_load_to_pm_pm_03,3,pm_03,qc_load_to_pm,3
2024-01-01 07:04:00.000000,START,TEU_3_qc_load_to_pm_pm_03,3,pm_03,qc_load_to_pm,3
2024-01-01 07:06:00.000000,STOP,TEU_3_qc_load_to_pm_pm_03,3,pm_03,qc_load_to_pm,3
2024-01-01 07:00:00.000000,WAIT_START,TEU_3_qc_travelback_pm_03,3,pm_03,qc_travelback,4
2024-01-01 07:06:00.000000,WAIT_STOP,TEU_3_qc_travelback_pm_03,3,pm_03,qc_travelback,4
2024-01-01 07:06:00.000000,START,TEU_3_qc_travelback_pm_03,3,pm_03,qc_travelback,4
2024-01-01 07:07:00.000000,STOP,TEU_3_qc_travelback_pm_03,3,pm_03,qc_travelback,4
2024-01-01 07:00:00.000000,WAIT_START,TEU_3_pm_travel_to_Yard1_pm_03,3,pm_03,pm_travel_to_yard,5
2024-01-01 07:06:00.000000,WAIT_STOP,TEU_3_pm_travel_to_Yard1_pm_03,3,pm_03,pm_travel_to_yard,5
2024-01-01 07:06:00.000000,START,TEU_3_pm_travel_to_Yard1_pm_03,3,pm_03,pm_travel_to_yard,5
2024-01-01 07:06:12.281792,STOP,TEU_3_pm_travel_to_Yard1_pm_03,3,pm_03,pm_travel_to_yard,5
2024-01-01 07:00:00.000000,WAIT_START,TEU_3_pm_unload_Yard1_pm_03,3,pm_03,pm_unload,6
2024-01-01 07:06:12.281792,WAIT_STOP,TEU_3_pm_unload_Yard1_pm_03,3,pm_03,pm_unload,6
2024-01-01 07:07:12.281792,START,TEU_3_pm_unload_Yard1_pm_03,3,pm_03,pm_unload,6
2024-01-01 07:09:12.281792,STOP,TEU_3_pm_unload_Yard1_pm_03,3,pm_03,pm_unload,6
2024-01-01 07:00:00.000000,WAIT_START,TEU_3_pm_return_pm_03,3,pm_03,pm_return,7
2024-01-01 07:09:12.281792,WAIT_STOP,TEU_3_pm_return_pm_03,3,pm_03,pm_return,7
2024-01-01 07:09:12.281792,START,TEU_3_pm_return_pm_03,3,pm_03,pm_return,7
2024-01-01 07:09:24.563583,STOP,TEU_3_pm_return_pm_03,3,pm_03,pm_return,7
2024-01-01 07:00:00.000000,WAIT_START,TEU_4_qc_pick_qc_01,4,,qc_pick,1
2024-01-01 07:05:00.000000,WAIT_STOP,TEU_4_qc_pick_qc_01,4,,qc_pick,1
2024-01-01 07:05:00.000000,START,TEU_4_qc_pick_qc_01,4,,qc_pick,1
2024-01-01 07:06:00.000000,STOP,TEU_4_qc_pick_qc_01,4,,qc_pick,1
2024-01-01 07:00:00.000000,WAIT_START,TEU_4_qc_transfer_qc_01,4,,qc_transfer,2
2024-01-01 07:06:00.000000,WAIT_STOP,TEU_4_qc_transfer_qc_01,4,,qc_transfer,2
2024-01-01 07:06:00.000000,START,TEU_4_qc_transfer_qc_01,4,,qc_transfer,2
2024-01-01 07:07:00.000000,STOP,TEU_4_qc_transfer_qc_01,4,,qc_transfer,2
2024-01-01 07:00:00.000000,WAIT_START,TEU_4_qc_load_to_pm_pm_04,4,pm_04,qc_load_to_pm,3
2024-01-01 07:07:00.000000,WAIT_STOP,TEU_4_qc_load_to_pm_pm_04,4,pm_04,qc_load_to_pm,3
2024-01-01 07:07:00.000000,START,TEU_4_qc_load_to_pm_pm_04,4,pm_04,qc_load_to_pm,3
2024-01-01 07:09:00.000000,STOP,TEU_4_qc_load_to_pm_pm_04,4,pm_04,qc_load_to_pm,3
2024-01-01 07:00:00.000000,WAIT_START,TEU_4_qc_travelback_pm_04,4,pm_04,qc_travelback,4
2024-01-01 07:09:00.000000,WAIT_STOP,TEU_4_qc_travelback_pm_04,4,pm_04,qc_travelback,4
2024-01-01 07:09:00.000000,START,TEU_4_qc_travelback_pm_04,4,pm_04,qc_travelback,4
2024-01-01 07:10:00.000000,STOP,TEU_4_qc_travelback_pm_04,4,pm_04,qc_travelback,4
2024-01-01 07:00:00.000000,WAIT_START,TEU_4_pm_travel_to_Yard4_pm_04,4,pm_04,pm_travel_to_yard,5
2024-01-01 07:09:00.000000,WAIT_STOP,TEU_4_pm_travel_to_Yard4_pm_04,4,pm_04,pm_travel_to_yard,5
2024-01-01 07:09:00.000000,START,TEU_4_pm_travel_to_Yard4_pm_04,4,pm_04,pm_travel_to_yard,5
2024-01-01 07:09:49.127167,STOP,TEU_4_pm_travel_to_Yard4_pm_04,4,pm_04,pm_travel_to_yard,5
2024-01-01 07:00:00.000000,WAIT_START,TEU_4_pm_unload_Yard4_pm_04,4,pm_04,pm_unload,6
2024-01-01 07:09:49.127167,WAIT_STOP,TEU_4_pm_unload_Yard4_pm_04,4,pm_04,pm_unload,6
2024-01-01 07:09:49.127167,START,TEU_4_pm_unload_Yard4_pm_04,4,pm_04,pm_unload,6
2024-01-01 07:11:49.127167,STOP,TEU_4_pm_unload_Yard4_pm_04,4,pm_04,pm_unload,6
2024-01-01 07:00:00.000000,WAIT_START,TEU_4_pm_return_pm_04,4,pm_04,pm_return,7
2024-01-01 07:11:49.127167,WAIT_STOP,TEU_4_pm_return_pm_04,4,pm_04,pm_return,7
2024-01-01 07:11:49.127167,START,TEU_4_pm_return_pm_04,4,pm_04,pm_return,7
2024-01-01 07:12:38.254333,STOP,TEU_4_pm_return_pm_04,4,pm_04,pm_return,7
2024-01-01 07:00:00.000000,WAIT_START,TEU_5_qc_pick_qc_02,5,,qc_pick,1
2024-01-01 07:06:00.000000,WAIT_STOP,TEU_5_qc_pick_qc_02,5,,qc_pick,1
2024-01-01 07:06:00.000000,START,TEU_5_qc_pick_qc_02,5,,qc_pick,1
2024-01-01 07:07:00.000000,STOP,TEU_5_qc_pick_qc_02,5,,qc_pick,1
2024-01-01 07:00:00.000000,WAIT_START,TEU_5_qc_transfer_qc_02,5,,qc_transfer,2
2024-01-01 07:07:00.000000,WAIT_STOP,TEU_5_qc_transfer_qc_02,5,,qc_transfer,2
2024-01-01 07:07:00.000000,START,TEU_5_qc_transfer_qc_02,5,,qc_transfer,2
2024-01-01 07:08:00.000000,STOP,TEU_5_qc_transfer_qc_02,5,,qc_transfer,2
2024-01-01 07:00:00.000000,WAIT_START,TEU_5_qc_load_to_pm_pm_05,5,pm_05,qc_load_to_pm,3
2024-01-01 07:08:00.000000,WAIT_STOP,TEU_5_qc_load_to_pm_pm_05,5,pm_05,qc_load_to_pm,3
2024-01-01 07:08:00.000000,START,TEU_5_qc_load_to_pm_pm_05,5,pm_05,qc_load_to_pm,3
2024-01-01 07:10:00.000000,STOP,TEU_5_qc_load_to_pm_pm_05,5,pm_05,qc_load_to_pm,3
2024-01-01 07:00:00.000000,WAIT_START,TEU_5_qc_travelback_pm_05,5,pm_05,qc_travelback,4
2024-01-01 07:10:00.000000,WAIT_STOP,TEU_5_qc_travelback_pm_05,5,pm_05,qc_travelback,4
2024-01-01 07:10:00.000000,START,TEU_5_qc_travelback_pm_05,5,pm_05,qc_travelback,4
2024-01-01 07:11:00.000000,STOP,TEU_5_qc_travelback_pm_05,5,pm_05,qc_travelback,4
2024-01-01 07:00:00.000000,WAIT_START,TEU_5_pm_travel_to_Yard1_pm_05,5,pm_05,pm_travel_to_yard,5
2024-01-01 07:10:00.000000,WAIT_STOP,TEU_5_pm_travel_to_Yard1_pm_05,5,pm_05,pm_travel_to_yard,5
2024-01-01 07:10:00.000000,START,TEU_5_pm_travel_to_Yard1_pm_05,5,pm_05,pm_travel_to_yard,5
2024-01-01 07:10:12.281792,STOP,TEU_5_pm_travel_to_Yard1_pm_05,5,pm_05,pm_travel_to_yard,5
2024-01-01 07:00:00.000000,WAIT_START,TEU_5_pm_unload_Yard1_pm_05,5,pm_05,pm_unload,6
2024-01-01 07:10:12.281792,WAIT_STOP,TEU_5_pm_unload_Yard1_pm_05,5,pm_05,pm_unload,6
2024-01-01 07:10:12.281792,START,TEU_5_pm_unload_Yard1_pm_05,5,pm_05,pm_unload,6
2024-01-01 07:12:12.281792,STOP,TEU_5_pm_unload_Yard1_pm_05,5,pm_05,pm_unload,6
2024-01-01 07:00:00.000000,WAIT_START,TEU_5_pm_return_pm_05,5,pm_05,pm_return,7
2024-01-01 07:12:12.281792,WAIT_STOP,TEU_5_pm_return_pm_05,5,pm_05,pm_return,7
2024-01-01 07:12:12.281792,START,TEU_5_pm_return_pm_05,5,pm_05,pm_return,7
2024-01-01 07:12:24.563583,STOP,TEU_5_pm_return_pm_05,5,pm_05,pm_return,7
2024-01-01 07:00:00.000000,WAIT_START,TEU_6_qc_pick_qc_03,6,,qc_pick,1
2024-01-01 07:07:00.000000,WAIT_STOP,TEU_6_qc_pick_qc_03,6,,qc_pick,1
2024-01-01 07:07:00.000000,START,TEU_6_qc_pick_qc_03,6,,qc_pick,1
2024-01-01 07:08:00.000000,STOP,TEU_6_qc_pick_qc_03,6,,qc_pick,1
2024-01-01 07:00:00.000000,WAIT_START,TEU_6_qc_transfer_qc_03,6,,qc_transfer,2
2024-01-01 07:08:00.000000,WAIT_STOP,TEU_6_qc_transfer_qc_03,6,,qc_transfer,2
2024-01-01 07:08:00.000000,START,TEU_6_qc_transfer_qc_03,6,,qc_transfer,2
2024-01-01 07:09:00.000000,STOP,TEU_6_qc_transfer_qc_03,6,,qc_transfer,2
2024-01-01 07:00:00.000000,WAIT_START,TEU_6_qc_load_to_pm_pm_06,6,pm_06,qc_load_to_pm,3
2024-01-01 07:09:00.000000,WAIT_STOP,TEU_6_qc_load_to_pm_pm_06,6,pm_06,qc_load_to_pm,3
2024-01-01 07:09:00.000000,START,TEU_6_qc_load_to_pm_pm_06,6,pm_06,qc_load_to_pm,3
2024-01-01 07:11:00.000000,STOP,TEU_6_qc_load_to_pm_pm_06,6,pm_06,qc_load_to_pm,3
2024-01-01 07:00:00.000000,WAIT_START,TEU_6_qc_travelback_pm_06,6,pm_06,qc_travelback,4
2024-01-01 07:11:00.000000,WAIT_STOP,TEU_6_qc_travelback_pm_06,6,pm_06,qc_travelback,4
2024-01-01 07:11:00.000000,START,TEU_6_qc_travelback_pm_06,6,pm_06,qc_travelback,4
2024-01-01 07:12:00.000000,STOP,TEU_6_qc_travelback_pm_06,6,pm_06,qc_travelback,4
2024-01-01 07:00:00.000000,WAIT_START,TEU_6_pm_travel_to_Yard1_pm_06,6,pm_06,pm_travel_to_yard,5
2024-01-01 07:11:00.000000,WAIT_STOP,TEU_6_pm_travel_to_Yard1_pm_06,6,pm_06,pm_travel_to_yard,5
2024-01-01 07:11:00.000000,START,TEU_6_pm_travel_to_Yard1_pm_06,6,pm_06,pm_travel_to_yard,5
2024-01-01 07:11:12.281792,STOP,TEU_6_pm_travel_to_Yard1_pm_06,6,pm_06,pm_travel_to_yard,5
2024-01-01 07:00:00.000000,WAIT_START,TEU_6_pm_unload_Yard1_pm_06,6,pm_06,pm_unload,6
2024-01-01 07:11:12.281792,WAIT_STOP,TEU_6_pm_unload_Yard1_pm_06,6,pm_06,pm_unload,6
2024-01-01 07:12:12.281792,START,TEU_6_pm_unload_Yard1_pm_06,6,pm_06,pm_unload,6
2024-01-01 07:14:12.281792,STOP,TEU_6_pm_unload_Yard1_pm_06,6,pm_06,pm_unload,6
2024-01-01 07:00:00.000000,WAIT_START,TEU_6_pm_return_pm_06,6,pm_06,pm_return,7
2024-01-01 07:14:12.281792,WAIT_STOP,TEU_6_pm_return_pm_06,6,pm_06,pm_return,7
2024-01-01 07:14:12.281792,START,TEU_6_pm_return_pm_06,6,pm_06,pm_return,7
2024-01-01 07:14:24.563583,STOP,TEU_6_pm_return_pm_06,6,pm_06,pm_return,7
2024-01-01 07:00:00.000000,WAIT_START,TEU_7_qc_pick_qc_01,7,,qc_pick,1
2024-01-01 07:10:00.000000,WAIT_STOP,TEU_7_qc_pick_qc_01,7,,qc_pick,1
2024-01-01 07:10:00.000000,START,TEU_7_qc_pick_qc_01,7,,qc_pick,1
2024-01-01 07:11:00.000000,STOP,TEU_7_qc_pick_qc_01,7,,qc_pick,1
2024-01-01 07:00:00.000000,WAIT_START,TEU_7_qc_transfer_qc_01,7,,qc_transfer,2
2024-01-01 07:11:00.000000,WAIT_STOP,TEU_7_qc_transfer_qc_01,7,,qc_transfer,2
2024-01-01 07:11:00.000000,START,TEU_7_qc_transfer_qc_01,7,,qc_transfer,2
2024-01-01 07:12:00.000000,STOP,TEU_7_qc_transfer_qc_01,7,,qc_transfer,2
2024-01-01 07:00:00.000000,WAIT_START,TEU_7_qc_load_to_pm_pm_07,7,pm_07,qc_load_to_pm,3
2024-01-01 07:12:00.000000,WAIT_STOP,TEU_7_qc_load_to_pm_pm_07,7,pm_07,qc_load_to_pm,3
2024-01-01 07:12:00.000000,START,TEU_7_qc_load_to_pm_pm_07,7,pm_07,qc_load_to_pm,3
2024-01-01 07:14:00.000000,STOP,TEU_7_qc_load_to_pm_pm_07,7,pm_07,qc_load_to_pm,3
2024-01-01 07:00:00.000000,WAIT_START,TEU_7_qc_travelback_pm_07,7,pm_07,qc_travelback,4
2024-01-01 07:14:00.000000,WAIT_STOP,TEU_7_qc_travelback_pm_07,7,pm_07,qc_travelback,4
2024-01-01 07:14:00.000000,START,TEU_7_qc_travelback_pm_07,7,pm_07,qc_travelback,4
2024-01-01 07:15:00.000000,STOP,TEU_7_qc_travelback_pm_07,7,pm_07,qc_travelback,4
2024-01-01 07:00:00.000000,WAIT_START,TEU_7_pm_travel_to_Yard1_pm_07,7,pm_07,pm_travel_to_yard,5
2024-01-01 07:14:00.000000,WAIT_STOP,TEU_7_pm_travel_to_Yard1_pm_07,7,pm_07,pm_travel_to_yard,5
2024-01-01 07:14:00.000000,START,TEU_7_pm_travel_to_Yard1_pm_07,7,pm_07,pm_travel_to_yard,5
2024-01-01 07:14:12.281792,STOP,TEU_7_pm_travel_to_Yard1_pm_07,7,pm_07,pm_travel_to_yard,5
2024-01-01 07:00:00.000000,WAIT_START,TEU_7_pm_unload_Yard1_pm_07,7,pm_07,pm_unload,6
2024-01-01 07:14:12.281792,WAIT_STOP,TEU_7_pm_unload_Yard1_pm_07,7,pm_07,pm_unload,6
2024-01-01 07:14:12.281792,START,TEU_7_pm_unload_Yard1_pm_07,7,pm_07,pm_unload,6
2024-01-01 07:16:12.281792,STOP,TEU_7_pm_unload_Yard1_pm_07,7,pm_07,pm_unload,6
2024-01-01 07:00:00.000000,WAIT_START,TEU_7_pm_return_pm_07,7,pm_07,pm_return,7
2024-01-01 07:16:12.281792,WAIT_STOP,TEU_7_pm_return_pm_07,7,pm_07,pm_return,7
2024-01-01 07:16:12.281792,START,TEU_7_pm_return_pm_07,7,pm_07,pm_return,7
2024-01-01 07:16:24.563583,STOP,TEU_7_pm_return_pm_07,7,pm_07,pm_return,7
2024-01-01 07:00:00.000000,WAIT_START,TEU_8_qc_pick_qc_02,8,,qc_pick,1
2024-01-01 07:11:00.000000,WAIT_STOP,TEU_8_qc_pick_qc_02,8,,qc_pick,1
2024-01-01 07:11:00.000000,START,TEU_8_qc_pick_qc_02,8,,qc_pick,1
2024-01-01 07:12:00.000000,STOP,TEU_8_qc_pick_qc_02,8,,qc_pick,1
2024-01-01 07:00:00.000000,WAIT_START,TEU_8_qc_transfer_qc_02,8,,qc_transfer,2
2024-01-01 07:12:00.000000,WAIT_STOP,TEU_8_qc_transfer_qc_02,8,,qc_transfer,2
2024-01-01 07:12:00.000000,START,TEU_8_qc_transfer_qc_02,8,,qc_transfer,2
2024-01-01 07:13:00.000000,STOP,TEU_8_qc_transfer_qc_02,8,,qc_transfer,2
2024-01-01 07:00:00.000000,WAIT_START,TEU_8_qc_load_to_pm_pm_08,8,pm_08,qc_load_to_pm,3
2024-01-01 07:13:00.000000,WAIT_STOP,TEU_8_qc_load_to_pm_pm_08,8,pm_08,qc_load_to_pm,3
2024-01-01 07:13:00.000000,START,TEU_8_qc_load_to_pm_pm_08,8,pm_08,qc_load_to_pm,3
2024-01-01 07:15:00.000000,STOP,TEU_8_qc_load_to_pm_pm_08,8,pm_08,qc_load_to_pm,3
2024-01-01 07:00:00.000000,WAIT_START,TEU_8_qc_travelback_pm_08,8,pm_08,qc_travelback,4
2024-01-01 07:15:00.000000,WAIT_STOP,TEU_8_qc_travelback_pm_08,8,pm_08,qc_travelback,4
2024-01-01 07:15:00.000000,START,TEU_8_qc_travelback_pm_08,8,pm_08,qc_travelback,4
2024-01-01 07:16:00.000000,STOP,TEU_8_qc_travelback_pm_08,8,pm_08,qc_travelback,4
2024-01-01 07:00:00.000000,WAIT_START,TEU_8_pm_travel_to_Yard1_pm_08,8,pm_08,pm_travel_to_yard,5
2024-01-01 07:15:00.000000,WAIT_STOP,TEU_8_pm_travel_to_Yard1_pm_08,8,pm_08,pm_travel_to_yard,5
2024-01-01 07:15:00.000000,START,TEU_8_pm_travel_to_Yard1_pm_08,8,pm_08,pm_travel_to_yard,5
2024-01-01 07:15:12.281792,STOP,TEU_8_pm_travel_to_Yard1_pm_08,8,pm_08,pm_travel_to_yard,5
2024-01-01 07:00:00.000000,WAIT_START,TEU_8_pm_unload_Yard1_pm_08,8,pm_08,pm_unload,6
2024-01-01 07:15:12.281792,WAIT_STOP,TEU_8_pm_unload_Yard1_pm_08,8,pm_08,pm_unload,6
2024-01-01 07:16:12.281792,START,TEU_8_pm_unload_Yard1_pm_08,8,pm_08,pm_unload,6
2024-01-01 07:18:12.281792,STOP,TEU_8_pm_unload_Yard1_pm_08,8,pm_08,pm_unload,6
2024-01-01 07:00:00.000000,WAIT_START,TEU_8_pm_return_pm_08,8,pm_08,pm_return,7
2024-01-01 07:18:12.281792,WAIT_STOP,TEU_8_pm_return_pm_08,8,pm_08,pm_return,7
2024-01-01 07:18:12.281792,START,TEU_8_pm_return_pm_08,8,pm_08,pm_return,7
2024-01-01 07:18:24.563583,STOP,TEU_8_pm_return_pm_08,8,pm_08,pm_return,7
2024-01-01 07:00:00.000000,WAIT_START,TEU_9_qc_pick_qc_03,9,,qc_pick,1
2024-01-01 07:12:00.000000,WAIT_STOP,TEU_9_qc_pick_qc_03,9,,qc_pick,1
2024-01-01 07:12:00.000000,START,TEU_9_qc_pick_qc_03,9,,qc_pick,1
2024-01-01 07:13:00.000000,STOP,TEU_9_qc_pick_qc_03,9,,qc_pick,1
2024-01-01 07:00:00.000000,WAIT_START,TEU_9_qc_transfer_qc_03,9,,qc_transfer,2
2024-01-01 07:13:00.000000,WAIT_STOP,TEU_9_qc_transfer_qc_03,9,,qc_transfer,2
2024-01-01 07:13:00.000000,START,TEU_9_qc_transfer_qc_03,9,,qc_transfer,2
2024-01-01 07:14:00.000000,STOP,TEU_9_qc_transfer_qc_03,9,,qc_transfer,2
2024-01-01 07:00:00.000000,WAIT_START,TEU_9_qc_load_to_pm_pm_09,9,pm_09,qc_load_to_pm,3
2024-01-01 07:14:00.000000,WAIT_STOP,TEU_9_qc_load_to_pm_pm_09,9,pm_09,qc_load_to_pm,3
2024-01-01 07:14:00.000000,START,TEU_9_qc_load_to_pm_pm_09,9,pm_09,qc_load_to_pm,3
2024-01-01 07:16:00.000000,STOP,TEU_9_qc_load_to_pm_pm_09,9,pm_09,qc_load_to_pm,3
2024-01-01 07:00:00.000000,WAIT_START,TEU_9_qc_travelback_pm_09,9,pm_09,qc_travelback,4
2024-01-01 07:16:00.000000,WAIT_STOP,TEU_9_qc_travelback_pm_09,9,pm_09,qc_travelback,4
2024-01-01 07:16:00.000000,START,TEU_9_qc_travelback_pm_09,9,pm_09,qc_travelback,4
2024-01-01 07:17:00.000000,STOP,TEU_9_qc_travelback_pm_09,9,pm_09,qc_travelback,4
2024-01-01 07:00:00.000000,WAIT_START,TEU_9_pm_travel_to_Yard4_pm_09,9,pm_09,pm_travel_to_yard,5
2024-01-01 07:16:00.000000,WAIT_STOP,TEU_9_pm_travel_to_Yard4_pm_09,9,pm_09,pm_travel_to_yard,5
2024-01-01 07:16:00.000000,START,TEU_9_pm_travel_to_Yard4_pm_09,9,pm_09,pm_travel_to_yard,5
2024-01-01 07:16:49.127167,STOP,TEU_9_pm_travel_to_Yard4_pm_09,9,pm_09,pm_travel_to_yard,5
2024-01-01 07:00:00.000000,WAIT_START,TEU_9_pm_unload_Yard4_pm_09,9,pm_09,pm_unload,6
2024-01-01 07:16:49.127167,WAIT_STOP,TEU_9_pm_unload_Yard4_pm_09,9,pm_09,pm_unload,6
2024-01-01 07:16:49.127167,START,TEU_9_pm_unload_Yard4_pm_09,9,pm_09,pm_unload,6
2024-01-01 07:18:49.127167,STOP,TEU_9_pm_unload_Yard4_pm_09,9,pm_09,pm_unload,6
2024-01-01 07:00:00.000000,WAIT_START,TEU_9_pm_return_pm_09,9,pm_09,pm_return,7
2024-01-01 07:18:49.127167,WAIT_STOP,TEU_9_pm_return_pm_09,9,pm_09,pm_return,7
2024-01-01 07:18:49.127167,START,TEU_9_pm_return_pm_09,9,pm_09,pm_return,7
2024-01-01 07:19:38.254333,STOP,TEU_9_pm_return_pm_09,9,pm_09,pm_return,7
2024-01-01 07:00:00.000000,WAIT_START,TEU_10_qc_pick_qc_01,10,,qc_pick,1
2024-01-01 07:15:00.000000,WAIT_STOP,TEU_10_qc_pick_qc_01,10,,qc_pick,1
2024-01-01 07:15:00.000000,START,TEU_10_qc_pick_qc_01,10,,qc_pick,1
2024-01-01 07:16:00.000000,STOP,TEU_10_qc_pick_qc_01,10,,qc_pick,1
2024-01-01 07:00:00.000000,WAIT_START,TEU_10_qc_transfer_qc_01,10,,qc_transfer,2
2024-01-01 07:16:00.000000,WAIT_STOP,TEU_10_qc_transfer_qc_01,10,,qc_transfer,2
2024-01-01 07:16:00.000000,START,TEU_10_qc_transfer_qc_01,10,,qc_transfer,2
2024-01-01 07:17:00.000000,STOP,TEU_10_qc_transfer_qc_01,10,,qc_transfer,2
2024-01-01 07:00:00.000000,WAIT_START,TEU_10_qc_load_to_pm_pm_01,10,pm_01,qc_load_to_pm,3
2024-01-01 07:17:00.000000,WAIT_STOP,TEU_10_qc_load_to_pm_pm_01,10,pm_01,qc_load_to_pm,3
2024-01-01 07:17:00.000000,START,TEU_10_qc_load_to_pm_pm_01,10,pm_01,qc_load_to_pm,3
2024-01-01 07:19:00.000000,STOP,TEU_10_qc_load_to_pm_pm_01,10,pm_01,qc_load_to_pm,3
2024-01-01 07:00:00.000000,WAIT_START,TEU_10_qc_travelback_pm_01,10,pm_01,qc_travelback,4
2024-01-01 07:19:00.000000,WAIT_STOP,TEU_10_qc_travelback_pm_01,10,pm_01,qc_travelback,4
2024-01-01 07:19:00.000000,START,TEU_10_qc_travelback_pm_01,10,pm_01,qc_travelback,4
2024-01-01 07:20:00.000000,STOP,TEU_10_qc_travelback_pm_01,10,pm_01,qc_travelback,4
2024-01-01 07:00:00.000000,WAIT_START,TEU_10_pm_travel_to_Yard4_pm_01,10,pm_01,pm_travel_to_yard,5
2024-01-01 07:19:00.000000,WAIT_STOP,TEU_10_pm_travel_to_Yard4_pm_01,10,pm_01,pm_travel_to_yard,5
2024-01-01 07:19:00.000000,START,TEU_10_pm_travel_to_Yard4_pm_01,10,pm_01,pm_travel_to_yard,5
2024-01-01 07:19:49.127167,STOP,TEU_10_pm_travel_to_Yard4_pm_01,10,pm_01,pm_travel_to_yard,5
2024-01-01 07:00:00.000000,WAIT_START,TEU_10_pm_unload_Yard4_pm_01,10,pm_01,pm_unload,6
2024-01-01 07:19:49.127167,WAIT_STOP,TEU_10_pm_unload_Yard4_pm_01,10,pm_01,pm_unload,6
2024-01-01 07:19:49.127167,START,TEU_10_pm_unload_Yard4_pm_01,10,pm_01,pm_unload,6
2024-01-01 07:21:49.127167,STOP,TEU_10_pm_unload_Yard4_pm_01,10,pm_01,pm_unload,6
2024-01-01 07:00:00.000000,WAIT_START,TEU_10_pm_return_pm_01,10,pm_01,pm_return,7
2024-01-01 07:21:49.127167,WAIT_STOP,TEU_10_pm_return_pm_01,10,pm_01,pm_return,7
2024-01-01 07:21:49.127167,START,TEU_10_pm_return_pm_01,10,pm_01,pm_return,7
2024-01-01 07:22:38.254333,STOP,TEU_10_pm_return_pm_01,10,pm_01,pm_return,7
2024-01-01 07:00:00.000000,WAIT_START,TEU_11_qc_pick_qc_02,11,,qc_pick,1
2024-01-01 07:16:00.000000,WAIT_STOP,TEU_11_qc_pick_qc_02,11,,qc_pick,1
2024-01-01 07:16:00.000000,START,TEU_11_qc_pick_qc_02,11,,qc_pick,1
2024-01-01 07:17:00.000000,STOP,TEU_11_qc_pick_qc_02,11,,qc_pick,1
2024-01-01 07:00:00.000000,WAIT_START,TEU_11_qc_transfer_qc_02,11,,qc_transfer,2
2024-01-01 07:17:00.000000,WAIT_STOP,TEU_11_qc_transfer_qc_02,11,,qc_transfer,2
2024-01-01 07:17:00.000000,START,TEU_11_qc_transfer_qc_02,11,,qc_transfer,2
2024-01-01 07:18:00.000000,STOP,TEU_11_qc_transfer_qc_02,11,,qc_transfer,2
2024-01-01 07:00:00.000000,WAIT_START,TEU_11_qc_load_to_pm_pm_02,11,pm_02,qc_load_to_pm,3
2024-01-01 07:18:00.000000,WAIT_STOP,TEU_11_qc_load_to_pm_pm_02,11,pm_02,qc_load_to_pm,3
2024-01-01 07:18:00.000000,START,TEU_11_qc_load_to_pm_pm_02,11,pm_02,qc_load_to_pm,3
2024-01-01 07:20:00.000000,STOP,TEU_11_qc_load_to_pm_pm_02,11,pm_02,qc_load_to_pm,3
2024-01-01 07:00:00.000000,WAIT_START,TEU_11_qc_travelback_pm_02,11,pm_02,qc_travelback,4
2024-01-01 07:20:00.000000,WAIT_STOP,TEU_11_qc_travelback_pm_02,11,pm_02,qc_travelback,4
2024-01-01 07:20:00.000000,START,TEU_11_qc_travelback_pm_02,11,pm_02,qc_travelback,4
2024-01-01 07:21:00.000000,STOP,TEU_11_qc_travelback_pm_02,11,pm_02,qc_travelback,4
2024-01-01 07:00:00.000000,WAIT_START,TEU_11_pm_travel_to_Yard1_pm_02,11,pm_02,pm_travel_to_yard,5
2024-01-01 07:20:00.000000,WAIT_STOP,TEU_11_pm_travel_to_Yard1_pm_02,11,pm_02,pm_travel_to_yard,5
2024-01-01 07:20:00.000000,START,TEU_11_pm_travel_to_Yard1_pm_02,11,pm_02,pm_travel_to_yard,5
2024-01-01 07:20:12.281792,STOP,TEU_11_pm_travel_to_Yard1_pm_02,11,pm_02,pm_travel_to_yard,5
2024-01-01 07:00:00.000000,WAIT_START,TEU_11_pm_unload_Yard1_pm_02,11,pm_02,pm_unload,6
2024-01-01 07:20:12.281792,WAIT_STOP,TEU_11_pm_unload_Yard1_pm_02,11,pm_02,pm_unload,6
2024-01-01 07:20:12.281792,START,TEU_11_pm_unload_Yard1_pm_02,11,pm_02,pm_unload,6
2024-01-01 07:22:12.281792,STOP,TEU_11_pm_unload_Yard1_pm_02,11,pm_02,pm_unload,6
2024-01-01 07:00:00.000000,WAIT_START,TEU_11_pm_return_pm_02,11,pm_02,pm_return,7
2024-01-01 07:22:12.281792,WAIT_STOP,TEU_11_pm_return_pm_02,11,pm_02,pm_return,7
2024-01-01 07:22:12.281792,START,TEU_11_pm_return_pm_02,11,pm_02,pm_return,7
2024-01-01 07:22:24.563583,STOP,TEU_11_pm_return_pm_02,11,pm_02,pm_return,7
2024-01-01 07:00:00.000000,WAIT_START,TEU_12_qc_pick_qc_03,12,,qc_pick,1
2024-01-01 07:17:00.000000,WAIT_STOP,TEU_12_qc_pick_qc_03,12,,qc_pick,1
2024-01-01 07:17:00.000000,START,TEU_12_qc_pick_qc_03,12,,qc_pick,1
2024-01-01 07:18:00.000000,STOP,TEU_12_qc_pick_qc_03,12,,qc_pick,1
2024-01-01 07:00:00.000000,WAIT_START,TEU_12_qc_transfer_qc_03,12,,qc_transfer,2
2024-01-01 07:18:00.000000,WAIT_STOP,TEU_12_qc_transfer_qc_03,12,,qc_transfer,2
2024-01-01 07:18:00.000000,START,TEU_12_qc_transfer_qc_03,12,,qc_transfer,2
2024-01-01 07:19:00.000000,STOP,TEU_12_qc_transfer_qc_03,12,,qc_transfer,2
2024-01-01 07:00:00.000000,WAIT_START,TEU_12_qc_load_to_pm_pm_03,12,pm_03,qc_load_to_pm,3
2024-01-01 07:19:00.000000,WAIT_STOP,TEU_12_qc_load_to_pm_pm_03,12,pm_03,qc_load_to_pm,3
2024-01-01 07:19:00.000000,START,TEU_12_qc_load_to_pm_pm_03,12,pm_03,qc_load_to_pm,3
2024-01-01 07:21:00.000000,STOP,TEU_12_qc_load_to_pm_pm_03,12,pm_03,qc_load_to_pm,3
2024-01-01 07:00:00.000000,WAIT_START,TEU_12_qc_travelback_pm_03,12,pm_03,qc_travelback,4
2024-01-01 07:21:00.000000,WAIT_STOP,TEU_12_qc_travelback_pm_03,12,pm_03,qc_travelback,4
2024-01-01 07:21:00.000000,START,TEU_12_qc_travelback_pm_03,12,pm_03,qc_travelback,4
2024-01-01 07:22:00.000000,STOP,TEU_12_qc_travelback_pm_03,12,pm_03,qc_travelback,4
2024-01-01 07:00:00.000000,WAIT_START,TEU_12_pm_travel_to_Yard1_pm_03,12,pm_03,pm_travel_to_yard,5
2024-01-01 07:21:00.000000,WAIT_STOP,TEU_12_pm_travel_to_Yard1_pm_03,12,pm_03,pm_travel_to_yard,5
2024-01-01 07:21:00.000000,START,TEU_12_pm_travel_to_Yard1_pm_03,12,pm_03,pm_travel_to_yard,5
2024-01-01 07:21:12.281792,STOP,TEU_12_pm_travel_to_Yard1_pm_03,12,pm_03,pm_travel_to_yard,5
2024-01-01 07:00:00.000000,WAIT_START,TEU_12_pm_unload_Yard1_pm_03,12,pm_03,pm_unload,6
2024-01-01 07:21:12.281792,WAIT_STOP,TEU_12_pm_unload_Yard1_pm_03,12,pm_03,pm_unload,6
2024-01-01 07:22:12.281792,START,TEU_12_pm_unload_Yard1_pm_03,12,pm_03,pm_unload,6
2024-01-01 07:24:12.281792,STOP,TEU_12_pm_unload_Yard1_pm_03,12,pm_03,pm_unload,6
2024-01-01 07:00:00.000000,WAIT_START,TEU_12_pm_return_pm_03,12,pm_03,pm_return,7
2024-01-01 07:24:12.281792,WAIT_STOP,TEU_12_pm_return_pm_03,12,pm_03,pm_return,7
2024-01-01 07:24:12.281792,START,TEU_12_pm_return_pm_03,12,pm_03,pm_return,7
2024-01-01 07:24:24.563583,STOP,TEU_12_pm_return_pm_03,12,pm_03,pm_return,7
2024-01-01 07:00:00.000000,WAIT_START,TEU_13_qc_pick_qc_01,13,,qc_pick,1
2024-01-01 07:20:00.000000,WAIT_STOP,TEU_13_qc_pick_qc_01,13,,qc_pick,1
2024-01-01 07:20:00.000000,START,TEU_13_qc_pick_qc_01,13,,qc_pick,1
2024-01-01 07:21:00.000000,STOP,TEU_13_qc_pick_qc_01,13,,qc_pick,1
2024-01-01 07:00:00.000000,WAIT_START,TEU_13_qc_transfer_qc_01,13,,qc_transfer,2
2024-01-01 07:21:00.000000,WAIT_STOP,TEU_13_qc_transfer_qc_01,13,,qc_transfer,2
2024-01-01 07:21:00.000000,START,TEU_13_qc_transfer_qc_01,13,,qc_transfer,2
2024-01-01 07:22:00.000000,STOP,TEU_13_qc_transfer_qc_01,13,,qc_transfer,2
2024-01-01 07:00:00.000000,WAIT_START,TEU_13_qc_load_to_pm_pm_04,13,pm_04,qc_load_to_pm,3
2024-01-01 07:22:00.000000,WAIT_STOP,TEU_13_qc_load_to_pm_pm_04,13,pm_04,qc_load_to_pm,3
2024-01-01 07:22:00.000000,START,TEU_13_qc_load_to_pm_pm_04,13,pm_04,qc_load_to_pm,3
2024-01-01 07:24:00.000000,STOP,TEU_13_qc_load_to_pm_pm_04,13,pm_04,qc_load_to_pm,3
2024-01-01 07:00:00.000000,WAIT_START,TEU_13_qc_travelback_pm_04,13,pm_04,qc_travelback,4
2024-01-01 07:24:00.000000,WAIT_STOP,TEU_13_qc_travelback_pm_04,13,pm_04,qc_travelback,4
2024-01-01 07:24:00.000000,START,TEU_13_qc_travelback_pm_04,13,pm_04,qc_travelback,4
2024-01-01 07:25:00.000000,STOP,TEU_13_qc_travelback_pm_04,13,pm_04,qc_travelback,4
2024-01-01 07:00:00.000000,WAIT_START,TEU_13_pm_travel_to_Yard1_pm_04,13,pm_04,pm_travel_to_yard,5
2024-01-01 07:24:00.000000,WAIT_STOP,TEU_13_pm_travel_to_Yard1_pm_04,13,pm_04,pm_travel_to_yard,5
2024-01-01 07:24:00.000000,START,TEU_13_pm_travel_to_Yard1_pm_04,13,pm_04,pm_travel_to_yard,5
2024-01-01 07:24:12.281792,STOP,TEU_13_pm_travel_to_Yard1_pm_04,13,pm_04,pm_travel_to_yard,5
2024-01-01 07:00:00.000000,WAIT_START,TEU_13_pm_unload_Yard1_pm_04,13,pm_04,pm_unload,6
2024-01-01 07:24:12.281792,WAIT_STOP,TEU_13_pm_unload_Yard1_pm_04,13,pm_04,pm_unload,6
2024-01-01 07:24:12.281792,START,TEU_13_pm_unload_Yard1_pm_04,13,pm_04,pm_unload,6
2024-01-01 07:26:12.281792,STOP,TEU_13_pm_unload_Yard1_pm_04,13,pm_04,pm_unload,6
2024-01-01 07:00:00.000000,WAIT_START,TEU_13_pm_return_pm_04,13,pm_04,pm_return,7
2024-01-01 07:26:12.281792,WAIT_STOP,TEU_13_pm_return_pm_04,13,pm_04,pm_return,7
2024-01-01 07:26:12.281792,START,TEU_13_pm_return_pm_04,13,pm_04,pm_return,7
2024-01-01 07:26:24.563583,STOP,TEU_13_pm_return_pm_04,13,pm_04,pm_return,7
2024-01-01 07:00:00.000000,WAIT_START,TEU_14_qc_pick_qc_02,14,,qc_pick,1
2024-01-01 07:21:00.000000,WAIT_STOP,TEU_14_qc_pick_qc_02,14,,qc_pick,1
2024-01-01 07:21:00.000000,START,TEU_14_qc_pick_qc_02,14,,qc_pick,1
2024-01-01 07:22:00.000000,STOP,TEU_14_qc_pick_qc_02,14,,qc_pick,1
2024-01-01 07:00:00.000000,WAIT_START,TEU_14_qc_transfer_qc_02,14,,qc_transfer,2
2024-01-01 07:22:00.000000,WAIT_STOP,TEU_14_qc_transfer_qc_02,14,,qc_transfer,2
2024-01-01 07:22:00.000000,START,TEU_14_qc_transfer_qc_02,14,,qc_transfer,2
2024-01-01 07:23:00.000000,STOP,TEU_14_qc_transfer_qc_02,14,,qc_transfer,2
2024-01-01 07:00:00.000000,WAIT_START,TEU_14_qc_load_to_pm_pm_05,14,pm_05,qc_load_to_pm,3
2024-01-01 07:23:00.000000,WAIT_STOP,TEU_14_qc_load_to_pm_pm_05,14,pm_05,qc_load_to_pm,3
2024-01-01 07:23:00.000000,START,TEU_14_qc_load_to_pm_pm_05,14,pm_05,qc_load_to_pm,3
2024-01-01 07:25:00.000000,STOP,TEU_14_qc_load_to_pm_pm_05,14,pm_05,qc_load_to_pm,3
2024-01-01 07:00:00.000000,WAIT_START,TEU_14_qc_travelback_pm_05,14,pm_05,qc_travelback,4
2024-01-01 07:25:00.000000,WAIT_STOP,TEU_14_qc_travelback_pm_05,14,pm_05,qc_travelback,4
2024-01-01 07:25:00.000000,START,TEU_14_qc_travelback_pm_05,14,pm_05,qc_travelback,4
2024-01-01 07:26:00.000000,STOP,TEU_14_qc_travelback_pm_05,14,pm_05,qc_travelback,4
2024-01-01 07:00:00.000000,WAIT_START,TEU_14_pm_travel_to_Yard4_pm_05,14,pm_05,pm_travel_to_yard,5
2024-01-01 07:25:00.000000,WAIT_STOP,TEU_14_pm_travel_to_Yard4_pm_05,14,pm_05,pm_travel_to_yard,5
2024-01-01 07:25:00.000000,START,TEU_14_pm_travel_to_Yard4_pm_05,14,pm_05,pm_travel_to_yard,5
2024-01-01 07:25:49.127167,STOP,TEU_14_pm_travel_to_Yard4_pm_05,14,pm_05,pm_travel_to_yard,5
2024-01-01 07:00:00.000000,WAIT_START,TEU_14_pm_unload_Yard4_pm_05,14,pm_05,pm_unload,6
2024-01-01 07:25:49.127167,WAIT_STOP,TEU_14_pm_unload_Yard4_pm_05,14,pm_05,pm_unload,6
2024-01-01 07:25:49.127167,START,TEU_14_pm_unload_Yard4_pm_05,14,pm_05,pm_unload,6
2024-01-01 07:27:49.127167,STOP,TEU_14_pm_unload_Yard4_pm_05,14,pm_05,pm_unload,6
2024-01-01 07:00:00.000000,WAIT_START,TEU_14_pm_return_pm_05,14,pm_05,pm_return,7
2024-01-01 07:27:49.127167,WAIT_STOP,TEU_14_pm_return_pm_05,14,pm_05,pm_return,7
2024-01-01 07:27:49.127167,START,TEU_14_pm_return_pm_05,14,pm_05,pm_return,7
2024-01-01 07:28:38.254333,STOP,TEU_14_pm_return_pm_05,14,pm_05,pm_return,7
2024-01-01 07:00:00.000000,WAIT_START,TEU_15_qc_pick_qc_03,15,,qc_pick,1
2024-01-01 07:22:00.000000,WAIT_STOP,TEU_15_qc_pick_qc_03,15,,qc_pick,1
2024-01-01 07:22:00.000000,START,TEU_15_qc_pick_qc_03,15,,qc_pick,1
2024-01-01 07:23:00.000000,STOP,TEU_15_qc_pick_qc_03,15,,qc_pick,1
2024-01-01 07:00:00.000000,WAIT_START,TEU_15_qc_transfer_qc_03,15,,qc_transfer,2
2024-01-01 07:23:00.000000,WAIT_STOP,TEU_15_qc_transfer_qc_03,15,,qc_transfer,2
2024-01-01 07:23:00.000000,START,TEU_15_qc_transfer_qc_03,15,,qc_transfer,2
2024-01-01 07:24:00.000000,STOP,TEU_15_qc_transfer_qc_03,15,,qc_transfer,2
2024-01-01 07:00:00.000000,WAIT_START,TEU_15_qc_load_to_pm_pm_06,15,pm_06,qc_load_to_pm,3
2024-01-01 07:24:00.000000,WAIT_STOP,TEU_15_qc_load_to_pm_pm_06,15,pm_06,qc_load_to_pm,3
2024-01-01 07:24:00.000000,START,TEU_15_qc_load_to_pm_pm_06,15,pm_06,qc_load_to_pm,3
2024-01-01 07:26:00.000000,STOP,TEU_15_qc_load_to_pm_pm_06,15,pm_06,qc_load_to_pm,3
2024-01-01 07:00:00.000000,WAIT_START,TEU_15_qc_travelback_pm_06,15,pm_06,qc_travelback,4
2024-01-01 07:26:00.000000,WAIT_STOP,TEU_15_qc_travelback_pm_06,15,pm_06,qc_travelback,4
2024-01-01 07:26:00.000000,START,TEU_15_qc_travelback_pm_06,15,pm_06,qc_travelback,4
2024-01-01 07:27:00.000000,STOP,TEU_15_qc_travelback_pm_06,15,pm_06,qc_travelback,4
2024-01-01 07:00:00.000000,WAIT_START,TEU_15_pm_travel_to_Yard1_pm_06,15,pm_06,pm_travel_to_yard,5
2024-01-01 07:26:00.000000,WAIT_STOP,TEU_15_pm_travel_to_Yard1_pm_06,15,pm_06,pm_travel_to_yard,5
2024-01-01 07:26:00.000000,START,TEU_15_pm_travel_to_Yard1_pm_06,15,pm_06,pm_travel_to_yard,5
2024-01-01 07:26:12.281792,STOP,TEU_15_pm_travel_to_Yard1_pm_06,15,pm_06,pm_travel_to_yard,5
2024-01-01 07:00:00.000000,WAIT_START,TEU_15_pm_unload_Yard1_pm_06,15,pm_06,pm_unload,6
2024-01-01 07:26:12.281792,WAIT_STOP,TEU_15_pm_unload_Yard1_pm_06,15,pm_06,pm_unload,6
2024-01-01 07:26:12.281792,START,TEU_15_pm_unload_Yard1_pm_06,15,pm_06,pm_unload,6
2024-01-01 07:28:12.281792,STOP,TEU_15_pm_unload_Yard1_pm_06,15,pm_06,pm_unload,6
2024-01-01 07:00:00.000000,WAIT_START,TEU_15_pm_return_pm_06,15,pm_06,pm_return,7
2024-01-01 07:28:12.281792,WAIT_STOP,TEU_15_pm_return_pm_06,15,pm_06,pm_return,7
2024-01-01 07:28:12.281792,START,TEU_15_pm_return_pm_06,15,pm_06,pm_return,7
2024-01-01 07:28:24.563583,STOP,TEU_15_pm_return_pm_06,15,pm_06,pm_return,7
2024-01-01 07:00:00.000000,WAIT_START,TEU_16_qc_pick_qc_01,16,,qc_pick,1
2024-01-01 07:25:00.000000,WAIT_STOP,TEU_16_qc_pick_qc_01,16,,qc_pick,1
2024-01-01 07:25:00.000000,START,TEU_16_qc_pick_qc_01,16,,qc_pick,1
2024-01-01 07:26:00.000000,STOP,TEU_16_qc_pick_qc_01,16,,qc_pick,1
2024-01-01 07:00:00.000000,WAIT_START,TEU_16_qc_transfer_qc_01,16,,qc_transfer,2
2024-01-01 07:26:00.000000,WAIT_STOP,TEU_16_qc_transfer_qc_01,16,,qc_transfer,2
2024-01-01 07:26:00.000000,START,TEU_16_qc_transfer_qc_01,16,,qc_transfer,2
2024-01-01 07:27:00.000000,STOP,TEU_16_qc_transfer_qc_01,16,,qc_transfer,2
2024-01-01 07:00:00.000000,WAIT_START,TEU_16_qc_load_to_pm_pm_07,16,pm_07,qc_load_to_pm,3
2024-01-01 07:27:00.000000,WAIT_STOP,TEU_16_qc_load_to_pm_pm_07,16,pm_07,qc_load_to_pm,3
2024-01-01 07:27:00.000000,START,TEU_16_qc_load_to_pm_pm_07,16,pm_07,qc_load_to_pm,3
2024-01-01 07:29:00.000000,STOP,TEU_16_qc_load_to_pm_pm_07,16,pm_07,qc_load_to_pm,3
2024-01-01 07:00:00.000000,WAIT_START,TEU_16_qc_travelback_pm_07,16,pm_07,qc_travelback,4
2024-01-01 07:29:00.000000,WAIT_STOP,TEU_16_qc_travelback_pm_07,16,pm_07,qc_travelback,4
2024-01-01 07:29:00.000000,START,TEU_16_qc_travelback_pm_07,16,pm_07,qc_travelback,4
2024-01-01 07:30:00.000000,STOP,TEU_16_qc_travelback_pm_07,16,pm_07,qc_travelback,4
2024-01-01 07:00:00.000000,WAIT_START,TEU_16_pm_travel_to_Yard1_pm_07,16,pm_07,pm_travel_to_yard,5
2024-01-01 07:29:00.000000,WAIT_STOP,TEU_16_pm_travel_to_Yard1_pm_07,16,pm_07,pm_travel_to_yard,5
2024-01-01 07:29:00.000000,START,TEU_16_pm_travel_to_Yard1_pm_07,16,pm_07,pm_travel_to_yard,5
2024-01-01 07:29:12.281792,STOP,TEU_16_pm_travel_to_Yard1_pm_07,16,pm_07,pm_travel_to_yard,5
2024-01-01 07:00:00.000000,WAIT_START,TEU_16_pm_unload_Yard1_pm_07,16,pm_07,pm_unload,6
2024-01-01 07:29:12.281792,WAIT_STOP,TEU_16_pm_unload_Yard1_pm_07,16,pm_07,pm_unload,6
2024-01-01 07:29:12.281792,START,TEU_16_pm_unload_Yard1_pm_07,16,pm_07,pm_unload,6
2024-01-01 07:31:12.281792,STOP,TEU_16_pm_unload_Yard1_pm_07,16,pm_07,pm_unload,6
2024-01-01 07:00:00.000000,WAIT_START,TEU_16_pm_return_pm_07,16,pm_07,pm_return,7
2024-01-01 07:31:12.281792,WAIT_STOP,TEU_16_pm_return_pm_07,16,pm_07,pm_return,7
2024-01-01 07:31:12.281792,START,TEU_16_pm_return_pm_07,16,pm_07,pm_return,7
2024-01-01 07:31:24.563583,STOP,TEU_16_pm_return_pm_07,16,pm_07,pm_return,7
2024-01-01 07:00:00.000000,WAIT_START,TEU_17_qc_pick_qc_02,17,,qc_pick,1
2024-01-01 07:26:00.000000,WAIT_STOP,TEU_17_qc_pick_qc_02,17,,qc_pick,1
2024-01-01 07:26:00.000000,START,TEU_17_qc_pick_qc_02,17,,qc_pick,1
2024-01-01 07:27:00.000000,STOP,TEU_17_qc_pick_qc_02,17,,qc_pick,1
2024-01-01 07:00:00.000000,WAIT_START,TEU_17_qc_transfer_qc_02,17,,qc_transfer,2
2024-01-01 07:27:00.000000,WAIT_STOP,TEU_17_qc_transfer_qc_02,17,,qc_transfer,2
2024-01-01 07:27:00.000000,START,TEU_17_qc_transfer_qc_02,17,,qc_transfer,2
2024-01-01 07:28:00.000000,STOP,TEU_17_qc_transfer_qc_02,17,,qc_transfer,2
2024-01-01 07:00:00.000000,WAIT_START,TEU_17_qc_load_to_pm_pm_08,17,pm_08,qc_load_to_pm,3
2024-01-01 07:28:00.000000,WAIT_STOP,TEU_17_qc_load_to_pm_pm_08,17,pm_08,qc_load_to_pm,3
2024-01-01 07:28:00.000000,START,TEU_17_qc_load_to_pm_pm_08,17,pm_08,qc_load_to_pm,3
2024-01-01 07:30:00.000000,STOP,TEU_17_qc_load_to_pm_pm_08,17,pm_08,qc_load_to_pm,3
2024-01-01 07:00:00.000000,WAIT_START,TEU_17_qc_travelback_pm_08,17,pm_08,qc_travelback,4
2024-01-01 07:30:00.000000,WAIT_STOP,TEU_17_qc_travelback_pm_08,17,pm_08,qc_travelback,4
2024-01-01 07:30:00.000000,START,TEU_17_qc_travelback_pm_08,17,pm_08,qc_travelback,4
2024-01-01 07:31:00.000000,STOP,TEU_17_qc_travelback_pm_08,17,pm_08,qc_travelback,4
2024-01-01 07:00:00.000000,WAIT_START,TEU_17_pm_travel_to_Yard4_pm_08,17,pm_08,pm_travel_to_yard,5
2024-01-01 07:30:00.000000,WAIT_STOP,TEU_17_pm_travel_to_Yard4_pm_08,17,pm_08,pm_travel_to_yard,5
2024-01-01 07:30:00.000000,START,TEU_17_pm_travel_to_Yard4_pm_08,17,pm_08,pm_travel_to_yard,5
2024-01-01 07:30:49.127167,STOP,TEU_17_pm_travel_to_Yard4_pm_08,17,pm_08,pm_travel_to_yard,5
2024-01-01 07:00:00.000000,WAIT_START,TEU_17_pm_unload_Yard4_pm_08,17,pm_08,pm_unload,6
2024-01-01 07:30:49.127167,WAIT_STOP,TEU_17_pm_unload_Yard4_pm_08,17,pm_08,pm_unload,6
2024-01-01 07:30:49.127167,START,TEU_17_pm_unload_Yard4_pm_08,17,pm_08,pm_unload,6
2024-01-01 07:32:49.127167,STOP,TEU_17_pm_unload_Yard4_pm_08,17,pm_08,pm_unload,6
2024-01-01 07:00:00.000000,WAIT_START,TEU_17_pm_return_pm_08,17,pm_08,pm_return,7
2024-01-01 07:32:49.127167,WAIT_STOP,TEU_17_pm_return_pm_08,17,pm_08,pm_return,7
2024-01-01 07:32:49.127167,START,TEU_17_pm_return_pm_08,17,pm_08,pm_return,7
2024-01-01 07:33:38.254333,STOP,TEU_17_pm_return_pm_08,17,pm_08,pm_return,7
2024-01-01 07:00:00.000000,WAIT_START,TEU_18_qc_pick_qc_03,18,,qc_pick,1
2024-01-01 07:27:00.000000,WAIT_STOP,TEU_18_qc_pick_qc_03,18,,qc_pick,1
2024-01-01 07:27:00.000000,START,TEU_18_qc_pick_qc_03,18,,qc_pick,1
2024-01-01 07:28:00.000000,STOP,TEU_18_qc_pick_qc_03,18,,qc_pick,1
2024-01-01 07:00:00.000000,WAIT_START,TEU_18_qc_transfer_qc_03,18,,qc_transfer,2
2024-01-01 07:28:00.000000,WAIT_STOP,TEU_18_qc_transfer_qc_03,18,,qc_transfer,2
2024-01-01 07:28:00.000000,START,TEU_18_qc_transfer_qc_03,18,,qc_transfer,2
2024-01-01 07:29:00.000000,STOP,TEU_18_qc_transfer_qc_03,18,,qc_transfer,2
2024-01-01 07:00:00.000000,WAIT_START,TEU_18_qc_load_to_pm_pm_09,18,pm_09,qc_load_to_pm,3
2024-01-01 07:29:00.000000,WAIT_STOP,TEU_18_qc_load_to_pm_pm_09,18,pm_09,qc_load_to_pm,3
2024-01-01 07:29:00.000000,START,TEU_18_qc_load_to_pm_pm_09,18,pm_09,qc_load_to_pm,3
2024-01-01 07:31:00.000000,STOP,TEU_18_qc_load_to_pm_pm_09,18,pm_09,qc_load_to_pm,3
2024-01-01 07:00:00.000000,WAIT_START,TEU_18_qc_travelback_pm_09,18,pm_09,qc_travelback,4
2024-01-01 07:31:00.000000,WAIT_STOP,TEU_18_qc_travelback_pm_09,18,pm_09,qc_travelback,4
2024-01-01 07:31:00.000000,START,TEU_18_qc_travelback_pm_09,18,pm_09,qc_travelback,4
2024-01-01 07:32:00.000000,STOP,TEU_18_qc_travelback_pm_09,18,pm_09,qc_travelback,4
2024-01-01 07:00:00.000000,WAIT_START,TEU_18_pm_travel_to_Yard1_pm_09,18,pm_09,pm_travel_to_yard,5
2024-01-01 07:31:00.000000,WAIT_STOP,TEU_18_pm_travel_to_Yard1_pm_09,18,pm_09,pm_travel_to_yard,5
2024-01-01 07:31:00.000000,START,TEU_18_pm_travel_to_Yard1_pm_09,18,pm_09,pm_travel_to_yard,5
2024-01-01 07:31:12.281792,STOP,TEU_18_pm_travel_to_Yard1_pm_09,18,pm_09,pm_travel_to_yard,5
2024-01-01 07:00:00.000000,WAIT_START,TEU_18_pm_unload_Yard1_pm_09,18,pm_09,pm_unload,6
2024-01-01 07:31:12.281792,WAIT_STOP,TEU_18_pm_unload_Yard1_pm_09,18,pm_09,pm_unload,6
2024-01-01 07:31:12.281792,START,TEU_18_pm_unload_Yard1_pm_09,18,pm_09,pm_unload,6
2024-01-01 07:33:12.281792,STOP,TEU_18_pm_unload_Yard1_pm_09,18,pm_09,pm_unload,6
2024-01-01 07:00:00.000000,WAIT_START,TEU_18_pm_return_pm_09,18,pm_09,pm_return,7
2024-01-01 07:33:12.281792,WAIT_STOP,TEU_18_pm_return_pm_09,18,pm_09,pm_return,7
2024-01-01 07:33:12.281792,START,TEU_18_pm_return_pm_09,18,pm_09,pm_return,7
2024-01-01 07:33:24.563583,STOP,TEU_18_pm_return_pm_09,18,pm_09,pm_return,7
2024-01-01 07:00:00.000000,WAIT_START,TEU_19_qc_pick_qc_01,19,,qc_pick,1
2024-01-01 07:30:00.000000,WAIT_STOP,TEU_19_qc_pick_qc_01,19,,qc_pick,1
2024-01-01 07:30:00.000000,START,TEU_19_qc_pick_qc_01,19,,qc_pick,1
2024-01-01 07:31:00.000000,STOP,TEU_19_qc_pick_qc_01,19,,qc_pick,1
2024-01-01 07:00:00.000000,WAIT_START,TEU_19_qc_transfer_qc_01,19,,qc_transfer,2
2024-01-01 07:31:00.000000,WAIT_STOP,TEU_19_qc_transfer_qc_01,19,,qc_transfer,2
2024-01-01 07:31:00.000000,START,TEU_19_qc_transfer_qc_01,19,,qc_transfer,2
2024-01-01 07:32:00.000000,STOP,TEU_19_qc_transfer_qc_01,19,,qc_transfer,2
2024-01-01 07:00:00.000000,WAIT_START,TEU_19_qc_load_to_pm_pm_01,19,pm_01,qc_load_to_pm,3
2024-01-01 07:32:00.000000,WAIT_STOP,TEU_19_qc_load_to_pm_pm_01,19,pm_01,qc_load_to_pm,3
2024-01-01 07:32:00.000000,START,TEU_19_qc_load_to_pm_pm_01,19,pm_01,qc_load_to_pm,3
2024-01-01 07:34:00.000000,STOP,TEU_19_qc_load_to_pm_pm_01,19,pm_01,qc_load_to_pm,3
2024-01-01 07:00:00.000000,WAIT_START,TEU_19_qc_travelback_pm_01,19,pm_01,qc_travelback,4
2024-01-01 07:34:00.000000,WAIT_STOP,TEU_19_qc_travelback_pm_01,19,pm_01,qc_travelback,4
2024-01-01 07:34:00.000000,START,TEU_19_qc_travelback_pm_01,19,pm_01,qc_travelback,4
2024-01-01 07:35:00.000000,STOP,TEU_19_qc_travelback_pm_01,19,pm_01,qc_travelback,4
2024-01-01 07:00:00.000000,WAIT_START,TEU_19_pm_travel_to_Yard1_pm_01,19,pm_01,pm_travel_to_yard,5
2024-01-01 07:34:00.000000,WAIT_STOP,TEU_19_pm_travel_to_Yard1_pm_01,19,pm_01,pm_travel_to_yard,5
2024-01-01 07:34:00.000000,START,TEU_19_pm_travel_to_Yard1_pm_01,19,pm_01,pm_travel_to_yard,5
2024-01-01 07:34:12.281792,STOP,TEU_19_pm_travel_to_Yard1_pm_01,19,pm_01,pm_travel_to_yard,5
2024-01-01 07:00:00.000000,WAIT_START,TEU_19_pm_unload_Yard1_pm_01,19,pm_01,pm_unload,6
2024-01-01 07:34:12.281792,WAIT_STOP,TEU_19_pm_unload_Yard1_pm_01,19,pm_01,pm_unload,6
2024-01-01 07:34:12.281792,START,TEU_19_pm_unload_Yard1_pm_01,19,pm_01,pm_unload,6
2024-01-01 07:36:12.281792,STOP,TEU_19_pm_unload_Yard1_pm_01,19,pm_01,pm_unload,6
2024-01-01 07:00:00.000000,WAIT_START,TEU_19_pm_return_pm_01,19,pm_01,pm_return,7
2024-01-01 07:36:12.281792,WAIT_STOP,TEU_19_pm_return_pm_01,19,pm_01,pm_return,7
2024-01-01 07:36:12.281792,START,TEU_19_pm_return_pm_01,19,pm_01,pm_return,7
2024-01-01 07:36:24.563583,STOP,TEU_19_pm_return_pm_01,19,pm_01,pm_return,7
2024-01-01 07:00:00.000000,WAIT_START,TEU_20_qc_pick_qc_02,20,,qc_pick,1
2024-01-01 07:31:00.000000,WAIT_STOP,TEU_20_qc_pick_qc_02,20,,qc_pick,1
2024-01-01 07:31:00.000000,START,TEU_20_qc_pick_qc_02,20,,qc_pick,1
2024-01-01 07:32:00.000000,STOP,TEU_20_qc_pick_qc_02,20,,qc_pick,1
2024-01-01 07:00:00.000000,WAIT_START,TEU_20_qc_transfer_qc_02,20,,qc_transfer,2
2024-01-01 07:32:00.000000,WAIT_STOP,TEU_20_qc_transfer_qc_02,20,,qc_transfer,2
2024-01-01 07:32:00.000000,START,TEU_20_qc_transfer_qc_02,20,,qc_transfer,2
2024-01-01 07:33:00.000000,STOP,TEU_20_qc_transfer_qc_02,20,,qc_transfer,2
2024-01-01 07:00:00.000000,WAIT_START,TEU_20_qc_load_to_pm_pm_02,20,pm_02,qc_load_to_pm,3
2024-01-01 07:33:00.000000,WAIT_STOP,TEU_20_qc_load_to_pm_pm_02,20,pm_02,qc_load_to_pm,3
2024-01-01 07:33:00.000000,START,TEU_20_qc_load_to_pm_pm_02,20,pm_02,qc_load_to_pm,3
2024-01-01 07:35:00.000000,STOP,TEU_20_qc_load_to_pm_pm_02,20,pm_02,qc_load_to_pm,3
2024-01-01 07:00:00.000000,WAIT_START,TEU_20_qc_travelback_pm_02,20,pm_02,qc_travelback,4
2024-01-01 07:35:00.000000,WAIT_STOP,TEU_20_qc_travelback_pm_02,20,pm_02,qc_travelback,4
2024-01-01 07:35:00.000000,START,TEU_20_qc_travelback_pm_02,20,pm_02,qc_travelback,4
2024-01-01 07:36:00.000000,STOP,TEU_20_qc_travelback_pm_02,20,pm_02,qc_travelback,4
2024-01-01 07:00:00.000000,WAIT_START,TEU_20_pm_travel_to_Yard4_pm_02,20,pm_02,pm_travel_to_yard,5
2024-01-01 07:35:00.000000,WAIT_STOP,TEU_20_pm_travel_to_Yard4_pm_02,20,pm_02,pm_travel_to_yard,5
2024-01-01 07:35:00.000000,START,TEU_20_pm_travel_to_Yard4_pm_02,20,pm_02,pm_travel_to_yard,5
2024-01-01 07:35:49.127167,STOP,TEU_20_pm_travel_to_Yard4_pm_02,20,pm_02,pm_travel_to_yard,5
2024-01-01 07:00:00.000000,WAIT_START,TEU_20_pm_unload_Yard4_pm_02,20,pm_02,pm_unload,6
2024-01-01 07:35:49.127167,WAIT_STOP,TEU_20_pm_unload_Yard4_pm_02,20,pm_02,pm_unload,6
2024-01-01 07:35:49.127167,START,TEU_20_pm_unload_Yard4_pm_02,20,pm_02,pm_unload,6
2024-01-01 07:37:49.127167,STOP,TEU_20_pm_unload_Yard4_pm_02,20,pm_02,pm_unload,6
2024-01-01 07:00:00.000000,WAIT_START,TEU_20_pm_return_pm_02,20,pm_02,pm_return,7
2024-01-01 07:37:49.127167,WAIT_STOP,TEU_20_pm_return_pm_02,20,pm_02,pm_return,7
2024-01-01 07:37:49.127167,START,TEU_20_pm_return_pm_02,20,pm_02,pm_return,7
2024-01-01 07:38:38.254333,STOP,TEU_20_pm_return_pm_02,20,pm_02,pm_return,7
2024-01-01 07:00:00.000000,WAIT_START,TEU_21_qc_pick_qc_03,21,,qc_pick,1
2024-01-01 07:32:00.000000,WAIT_STOP,TEU_21_qc_pick_qc_03,21,,qc_pick,1
2024-01-01 07:32:00.000000,START,TEU_21_qc_pick_qc_03,21,,qc_pick,1
2024-01-01 07:33:00.000000,STOP,TEU_21_qc_pick_qc_03,21,,qc_pick,1
2024-01-01 07:00:00.000000,WAIT_START,TEU_21_qc_transfer_qc_03,21,,qc_transfer,2
2024-01-01 07:33:00.000000,WAIT_STOP,TEU_21_qc_transfer_qc_03,21,,qc_transfer,2
2024-01-01 07:33:00.000000,START,TEU_21_qc_transfer_qc_03,21,,qc_transfer,2
2024-01-01 07:34:00.000000,STOP,TEU_21_qc_transfer_qc_03,21,,qc_transfer,2
2024-01-01 07:00:00.000000,WAIT_START,TEU_21_qc_load_to_pm_pm_03,21,pm_03,qc_load_to_pm,3
2024-01-01 07:34:00.000000,WAIT_STOP,TEU_21_qc_load_to_pm_pm_03,21,pm_03,qc_load_to_pm,3
2024-01-01 07:34:00.000000,START,TEU_21_qc_load_to_pm_pm_03,21,pm_03,qc_load_to_pm,3
2024-01-01 07:36:00.000000,STOP,TEU_21_qc_load_to_pm_pm_03,21,pm_03,qc_load_to_pm,3
2024-01-01 07:00:00.000000,WAIT_START,TEU_21_qc_travelback_pm_03,21,pm_03,qc_travelback,4
2024-01-01 07:36:00.000000,WAIT_STOP,TEU_21_qc_travelback_pm_03,21,pm_03,qc_travelback,4
2024-01-01 07:36:00.000000,START,TEU_21_qc_travelback_pm_03,21,pm_03,qc_travelback,4
2024-01-01 07:37:00.000000,STOP,TEU_21_qc_travelback_pm_03,21,pm_03,qc_travelback,4
2024-01-01 07:00:00.000000,WAIT_START,TEU_21_pm_travel_to_Yard4_pm_03,21,pm_03,pm_travel_to_yard,5
2024-01-01 07:36:00.000000,WAIT_STOP,TEU_21_pm_travel_to_Yard4_pm_03,21,pm_03,pm_travel_to_yard,5
2024-01-01 07:36:00.000000,START,TEU_21_pm_travel_to_Yard4_pm_03,21,pm_03,pm_travel_to_yard,5
2024-01-01 07:36:49.127167,STOP,TEU_21_pm_travel_to_Yard4_pm_03,21,pm_03,pm_travel_to_yard,5
2024-01-01 07:00:00.000000,WAIT_START,TEU_21_pm_unload_Yard4_pm_03,21,pm_03,pm_unload,6
2024-01-01 07:36:49.127167,WAIT_STOP,TEU_21_pm_unload_Yard4_pm_03,21,pm_03,pm_unload,6
2024-01-01 07:37:49.127167,START,TEU_21_pm_unload_Yard4_pm_03,21,pm_03,pm_unload,6
2024-01-01 07:39:49.127167,STOP,TEU_21_pm_unload_Yard4_pm_03,21,pm_03,pm_unload,6
2024-01-01 07:00:00.000000,WAIT_START,TEU_21_pm_return_pm_03,21,pm_03,pm_return,7
2024-01-01 07:39:49.127167,WAIT_STOP,TEU_21_pm_return_pm_03,21,pm_03,pm_return,7
2024-01-01 07:39:49.127167,START,TEU_21_pm_return_pm_03,21,pm_03,pm_return,7
2024-01-01 07:40:38.254333,STOP,TEU_21_pm_return_pm_03,21,pm_03,pm_return,7
2024-01-01 07:00:00.000000,WAIT_START,TEU_22_qc_pick_qc_01,22,,qc_pick,1
2024-01-01 07:35:00.000000,WAIT_STOP,TEU_22_qc_pick_qc_01,22,,qc_pick,1
2024-01-01 07:35:00.000000,START,TEU_22_qc_pick_qc_01,22,,qc_pick,1
2024-01-01 07:36:00.000000,STOP,TEU_22_qc_pick_qc_01,22,,qc_pick,1
2024-01-01 07:00:00.000000,WAIT_START,TEU_22_qc_transfer_qc_01,22,,qc_transfer,2
2024-01-01 07:36:00.000000,WAIT_STOP,TEU_22_qc_transfer_qc_01,22,,qc_transfer,2
2024-01-01 07:36:00.000000,START,TEU_22_qc_transfer_qc_01,22,,qc_transfer,2
2024-01-01 07:37:00.000000,STOP,TEU_22_qc_transfer_qc_01,22,,qc_transfer,2
2024-01-01 07:00:00.000000,WAIT_START,TEU_22_qc_load_to_pm_pm_04,22,pm_04,qc_load_to_pm,3
2024-01-01 07:37:00.000000,WAIT_STOP,TEU_22_qc_load_to_pm_pm_04,22,pm_04,qc_load_to_pm,3
2024-01-01 07:37:00.000000,START,TEU_22_qc_load_to_pm_pm_04,22,pm_04,qc_load_to_pm,3
2024-01-01 07:39:00.000000,STOP,TEU_22_qc_load_to_pm_pm_04,22,pm_04,qc_load_to_pm,3
2024-01-01 07:00:00.000000,WAIT_START,TEU_22_qc_travelback_pm_04,22,pm_04,qc_travelback,4
2024-01-01 07:39:00.000000,WAIT_STOP,TEU_22_qc_travelback_pm_04,22,pm_04,qc_travelback,4
2024-01-01 07:39:00.000000,START,TEU_22_qc_travelback_pm_04,22,pm_04,qc_travelback,4
2024-01-01 07:40:00.000000,STOP,TEU_22_qc_travelback_pm_04,22,pm_04,qc_travelback,4
2024-01-01 07:00:00.000000,WAIT_START,TEU_22_pm_travel_to_Yard1_pm_04,22,pm_04,pm_travel_to_yard,5
2024-01-01 07:39:00.000000,WAIT_STOP,TEU_22_pm_travel_to_Yard1_pm_04,22,pm_04,pm_travel_to_yard,5
2024-01-01 07:39:00.000000,START,TEU_22_pm_travel_to_Yard1_pm_04,22,pm_04,pm_travel_to_yard,5
2024-01-01 07:39:12.281792,STOP,TEU_22_pm_travel_to_Yard1_pm_04,22,pm_04,pm_travel_to_yard,5
2024-01-01 07:00:00.000000,WAIT_START,TEU_22_pm_unload_Yard1_pm_04,22,pm_04,pm_unload,6
2024-01-01 07:39:12.281792,WAIT_STOP,TEU_22_pm_unload_Yard1_pm_04,22,pm_04,pm_unload,6
2024-01-01 07:39:12.281792,START,TEU_22_pm_unload_Yard1_pm_04,22,pm_04,pm_unload,6
2024-01-01 07:41:12.281792,STOP,TEU_22_pm_unload_Yard1_pm_04,22,pm_04,pm_unload,6
2024-01-01 07:00:00.000000,WAIT_START,TEU_22_pm_return_pm_04,22,pm_04,pm_return,7
2024-01-01 07:41:12.281792,WAIT_STOP,TEU_22_pm_return_pm_04,22,pm_04,pm_return,7
2024-01-01 07:41:12.281792,START,TEU_22_pm_return_pm_04,22,pm_04,pm_return,7
2024-01-01 07:41:24.563583,STOP,TEU_22_pm_return_pm_04,22,pm_04,pm_return,7
2024-01-01 07:00:00.000000,WAIT_START,TEU_23_qc_pick_qc_02,23,,qc_pick,1
2024-01-01 07:36:00.000000,WAIT_STOP,TEU_23_qc_pick_qc_02,23,,qc_pick,1
2024-01-01 07:36:00.000000,START,TEU_23_qc_pick_qc_02,23,,qc_pick,1
2024-01-01 07:37:00.000000,STOP,TEU_23_qc_pick_qc_02,23,,qc_pick,1
2024-01-01 07:00:00.000000,WAIT_START,TEU_23_qc_transfer_qc_02,23,,qc_transfer,2
2024-01-01 07:37:00.000000,WAIT_STOP,TEU_23_qc_transfer_qc_02,23,,qc_transfer,2
2024-01-01 07:37:00.000000,START,TEU_23_qc_transfer_qc_02,23,,qc_transfer,2
2024-01-01 07:38:00.000000,STOP,TEU_23_qc_transfer_qc_02,23,,qc_transfer,2
2024-01-01 07:00:00.000000,WAIT_START,TEU_23_qc_load_to_pm_pm_05,23,pm_05,qc_load_to_pm,3
2024-01-01 07:38:00.000000,WAIT_STOP,TEU_23_qc_load_to_pm_pm_05,23,pm_05,qc_load_to_pm,3
2024-01-01 07:38:00.000000,START,TEU_23_qc_load_to_pm_pm_05,23,pm_05,qc_load_to_pm,3
2024-01-01 07:40:00.000000,STOP,TEU_23_qc_load_to_pm_pm_05,23,pm_05,qc_load_to_pm,3
2024-01-01 07:00:00.000000,WAIT_START,TEU_23_qc_travelback_pm_05,23,pm_05,qc_travelback,4
2024-01-01 07:40:00.000000,WAIT_STOP,TEU_23_qc_travelback_pm_05,23,pm_05,qc_travelback,4
2024-01-01 07:40:00.000000,START,TEU_23_qc_travelback_pm_05,23,pm_05,qc_travelback,4
2024-01-01 07:41:00.000000,STOP,TEU_23_qc_travelback_pm_05,23,pm_05,qc_travelback,4
2024-01-01 07:00:00.000000,WAIT_START,TEU_23_pm_travel_to_Yard1_pm_05,23,pm_05,pm_travel_to_yard,5
2024-01-01 07:40:00.000000,WAIT_STOP,TEU_23_pm_travel_to_Yard1_pm_05,23,pm_05,pm_travel_to_yard,5
2024-01-01 07:40:00.000000,START,TEU_23_pm_travel_to_Yard1_pm_05,23,pm_05,pm_travel_to_yard,5
2024-01-01 07:40:12.281792,STOP,TEU_23_pm_travel_to_Yard1_pm_05,23,pm_05,pm_travel_to_yard,5
2024-01-01 07:00:00.000000,WAIT_START,TEU_23_pm_unload_Yard1_pm_05,23,pm_05,pm_unload,6
2024-01-01 07:40:12.281792,WAIT_STOP,TEU_23_pm_unload_Yard1_pm_05,23,pm_05,pm_unload,6
2024-01-01 07:41:12.281792,START,TEU_23_pm_unload_Yard1_pm_05,23,pm_05,pm_unload,6
2024-01-01 07:43:12.281792,STOP,TEU_23_pm_unload_Yard1_pm_05,23,pm_05,pm_unload,6
2024-01-01 07:00:00.000000,WAIT_START,TEU_23_pm_return_pm_05,23,pm_05,pm_return,7
2024-01-01 07:43:12.281792,WAIT_STOP,TEU_23_pm_return_pm_05,23,pm_05,pm_return,7
2024-01-01 07:43:12.281792,START,TEU_23_pm_return_pm_05,23,pm_05,pm_return,7
2024-01-01 07:43:24.563583,STOP,TEU_23_pm_return_pm_05,23,pm_05,pm_return,7
2024-01-01 07:00:00.000000,WAIT_START,TEU_24_qc_pick_qc_03,24,,qc_pick,1
2024-01-01 07:37:00.000000,WAIT_STOP,TEU_24_qc_pick_qc_03,24,,qc_pick,1
2024-01-01 07:37:00.000000,START,TEU_24_qc_pick_qc_03,24,,qc_pick,1
2024-01-01 07:38:00.000000,STOP,TEU_24_qc_pick_qc_03,24,,qc_pick,1
2024-01-01 07:00:00.000000,WAIT_START,TEU_24_qc_transfer_qc_03,24,,qc_transfer,2
2024-01-01 07:38:00.000000,WAIT_STOP,TEU_24_qc_transfer_qc_03,24,,qc_transfer,2
2024-01-01 07:38:00.000000,START,TEU_24_qc_transfer_qc_03,24,,qc_transfer,2
2024-01-01 07:39:00.000000,STOP,TEU_24_qc_transfer_qc_03,24,,qc_transfer,2
2024-01-01 07:00:00.000000,WAIT_START,TEU_24_qc_load_to_pm_pm_06,24,pm_06,qc_load_to_pm,3
2024-01-01 07:39:00.000000,WAIT_STOP,TEU_24_qc_load_to_pm_pm_06,24,pm_06,qc_load_to_pm,3
2024-01-01 07:39:00.000000,START,TEU_24_qc_load_to_pm_pm_06,24,pm_06,qc_load_to_pm,3
2024-01-01 07:41:00.000000,STOP,TEU_24_qc_load_to_pm_pm_06,24,pm_06,qc_load_to_pm,3
2024-01-01 07:00:00.000000,WAIT_START,TEU_24_qc_travelback_pm_06,24,pm_06,qc_travelback,4
2024-01-01 07:41:00.000000,WAIT_STOP,TEU_24_qc_travelback_pm_06,24,pm_06,qc_travelback,4
2024-01-01 07:41:00.000000,START,TEU_24_qc_travelback_pm_06,24,pm_06,qc_travelback,4
2024-01-01 07:42:00.000000,STOP,TEU_24_qc_travelback_pm_06,24,pm_06,qc_travelback,4
2024-01-01 07:00:00.000000,WAIT_START,TEU_24_pm_travel_to_Yard4_pm_06,24,pm_06,pm_travel_to_yard,5
2024-01-01 07:41:00.000000,WAIT_STOP,TEU_24_pm_travel_to_Yard4_pm_06,24,pm_06,pm_travel_to_yard,5
2024-01-01 07:41:00.000000,START,TEU_24_pm_travel_to_Yard4_pm_06,24,pm_06,pm_travel_to_yard,5
2024-01-01 07:41:49.127167,STOP,TEU_24_pm_travel_to_Yard4_pm_06,24,pm_06,pm_travel_to_yard,5
2024-01-01 07:00:00.000000,WAIT_START,TEU_24_pm_unload_Yard4_pm_06,24,pm_06,pm_unload,6
2024-01-01 07:41:49.127167,WAIT_STOP,TEU_24_pm_unload_Yard4_pm_06,24,pm_06,pm_unload,6
2024-01-01 07:41:49.127167,START,TEU_24_pm_unload_Yard4_pm_06,24,pm_06,pm_unload,6
2024-01-01 07:43:49.127167,STOP,TEU_24_pm_unload_Yard4_pm_06,24,pm_06,pm_unload,6
2024-01-01 07:00:00.000000,WAIT_START,TEU_24_pm_return_pm_06,24,pm_06,pm_return,7
2024-01-01 07:43:49.127167,WAIT_STOP,TEU_24_pm_return_pm_06,24,pm_06,pm_return,7
2024-01-01 07:43:49.127167,START,TEU_24_pm_return_pm_06,24,pm_06,pm_return,7
2024-01-01 07:44:38.254333,STOP,TEU_24_pm_return_pm_06,24,pm_06,pm_return,7
2024-01-01 07:00:00.000000,WAIT_START,TEU_25_qc_pick_qc_01,25,,qc_pick,1
2024-01-01 07:40:00.000000,WAIT_STOP,TEU_25_qc_pick_qc_01,25,,qc_pick,1
2024-01-01 07:40:00.000000,START,TEU_25_qc_pick_qc_01,25,,qc_pick,1
2024-01-01 07:41:00.000000,STOP,TEU_25_qc_pick_qc_01,25,,qc_pick,1
2024-01-01 07:00:00.000000,WAIT_START,TEU_25_qc_transfer_qc_01,25,,qc_transfer,2
2024-01-01 07:41:00.000000,WAIT_STOP,TEU_25_qc_transfer_qc_01,25,,qc_transfer,2
2024-01-01 07:41:00.000000,START,TEU_25_qc_transfer_qc_01,25,,qc_transfer,2
2024-01-01 07:42:00.000000,STOP,TEU_25_qc_transfer_qc_01,25,,qc_transfer,2
2024-01-01 07:00:00.000000,WAIT_START,TEU_25_qc_load_to_pm_pm_07,25,pm_07,qc_load_to_pm,3
2024-01-01 07:42:00.000000,WAIT_STOP,TEU_25_qc_load_to_pm_pm_07,25,pm_07,qc_load_to_pm,3
2024-01-01 07:42:00.000000,START,TEU_25_qc_load_to_pm_pm_07,25,pm_07,qc_load_to_pm,3
2024-01-01 07:44:00.000000,STOP,TEU_25_qc_load_to_pm_pm_07,25,pm_07,qc_load_to_pm,3
2024-01-01 07:00:00.000000,WAIT_START,TEU_25_qc_travelback_pm_07,25,pm_07,qc_travelback,4
2024-01-01 07:44:00.000000,WAIT_STOP,TEU_25_qc_travelback_pm_07,25,pm_07,qc_travelback,4
2024-01-01 07:44:00.000000,START,TEU_25_qc_travelback_pm_07,25,pm_07,qc_travelback,4
2024-01-01 07:45:00.000000,STOP,TEU_25_qc_travelback_pm_07,25,pm_07,qc_travelback,4
2024-01-01 07:00:00.000000,WAIT_START,TEU_25_pm_travel_to_Yard4_pm_07,25,pm_07,pm_travel_to_yard,5
2024-01-01 07:44:00.000000,WAIT_STOP,TEU_25_pm_travel_to_Yard4_pm_07,25,pm_07,pm_travel_to_yard,5
2024-01-01 07:44:00.000000,START,TEU_25_pm_travel_to_Yard4_pm_07,25,pm_07,pm_travel_to_yard,5
2024-01-01 07:44:49.127167,STOP,TEU_25_pm_travel_to_Yard4_pm_07,25,pm_07,pm_travel_to_yard,5
2024-01-01 07:00:00.000000,WAIT_START,TEU_25_pm_unload_Yard4_pm_07,25,pm_07,pm_unload,6
2024-01-01 07:44:49.127167,WAIT_STOP,TEU_25_pm_unload_Yard4_pm_07,25,pm_07,pm_unload,6
2024-01-01 07:44:49.127167,START,TEU_25_pm_unload_Yard4_pm_07,25,pm_07,pm_unload,6
2024-01-01 07:46:49.127167,STOP,TEU_25_pm_unload_Yard4_pm_07,25,pm_07,pm_unload,6
2024-01-01 07:00:00.000000,WAIT_START,TEU_25_pm_return_pm_07,25,pm_07,pm_return,7
2024-01-01 07:46:49.127167,WAIT_STOP,TEU_25_pm_return_pm_07,25,pm_07,pm_return,7
2024-01-01 07:46:49.127167,START,TEU_25_pm_return_pm_07,25,pm_07,pm_return,7
2024-01-01 07:47:38.254333,STOP,TEU_25_pm_return_pm_07,25,pm_07,pm_return,7
2024-01-01 07:00:00.000000,WAIT_START,TEU_26_qc_pick_qc_02,26,,qc_pick,1
2024-01-01 07:41:00.000000,WAIT_STOP,TEU_26_qc_pick_qc_02,26,,qc_pick,1
2024-01-01 07:41:00.000000,START,TEU_26_qc_pick_qc_02,26,,qc_pick,1
2024-01-01 07:42:00.000000,STOP,TEU_26_qc_pick_qc_02,26,,qc_pick,1
2024-01-01 07:00:00.000000,WAIT_START,TEU_26_qc_transfer_qc_02,26,,qc_transfer,2
2024-01-01 07:42:00.000000,WAIT_STOP,TEU_26_qc_transfer_qc_02,26,,qc_transfer,2
2024-01-01 07:42:00.000000,START,TEU_26_qc_transfer_qc_02,26,,qc_transfer,2
2024-01-01 07:43:00.000000,STOP,TEU_26_qc_transfer_qc_02,26,,qc_transfer,2
2024-01-01 07:00:00.000000,WAIT_START,TEU_26_qc_load_to_pm_pm_08,26,pm_08,qc_load_to_pm,3
2024-01-01 07:43:00.000000,WAIT_STOP,TEU_26_qc_load_to_pm_pm_08,26,pm_08,qc_load_to_pm,3
2024-01-01 07:43:00.000000,START,TEU_26_qc_load_to_pm_pm_08,26,pm_08,qc_load_to_pm,3
2024-01-01 07:45:00.000000,STOP,TEU_26_qc_load_to_pm_pm_08,26,pm_08,qc_load_to_pm,3
2024-01-01 07:00:00.000000,WAIT_START,TEU_26_qc_travelback_pm_08,26,pm_08,qc_travelback,4
2024-01-01 07:45:00.000000,WAIT_STOP,TEU_26_qc_travelback_pm_08,26,pm_08,qc_travelback,4
2024-01-01 07:45:00.000000,START,TEU_26_qc_travelback_pm_08,26,pm_08,qc_travelback,4
2024-01-01 07:46:00.000000,STOP,TEU_26_qc_travelback_pm_08,26,pm_08,qc_travelback,4
2024-01-01 07:00:00.000000,WAIT_START,TEU_26_pm_travel_to_Yard1_pm_08,26,pm_08,pm_travel_to_yard,5
2024-01-01 07:45:00.000000,WAIT_STOP,TEU_26_pm_travel_to_Yard1_pm_08,26,pm_08,pm_travel_to_yard,5
2024-01-01 07:45:00.000000,START,TEU_26_pm_travel_to_Yard1_pm_08,26,pm_08,pm_travel_to_yard,5
2024-01-01 07:45:12.281792,STOP,TEU_26_pm_travel_to_Yard1_pm_08,26,pm_08,pm_travel_to_yard,5
2024-01-01 07:00:00.000000,WAIT_START,TEU_26_pm_unload_Yard1_pm_08,26,pm_08,pm_unload,6
2024-01-01 07:45:12.281792,WAIT_STOP,TEU_26_pm_unload_Yard1_pm_08,26,pm_08,pm_unload,6
2024-01-01 07:45:12.281792,START,TEU_26_pm_unload_Yard1_pm_08,26,pm_08,pm_unload,6
2024-01-01 07:47:12.281792,STOP,TEU_26_pm_unload_Yard1_pm_08,26,pm_08,pm_unload,6
2024-01-01 07:00:00.000000,WAIT_START,TEU_26_pm_return_pm_08,26,pm_08,pm_return,7
2024-01-01 07:47:12.281792,WAIT_STOP,TEU_26_pm_return_pm_08,26,pm_08,pm_return,7
2024-01-01 07:47:12.281792,START,TEU_26_pm_return_pm_08,26,pm_08,pm_return,7
2024-01-01 07:47:24.563583,STOP,TEU_26_pm_return_pm_08,26,pm_08,pm_return,7
2024-01-01 07:00:00.000000,WAIT_START,TEU_27_qc_pick_qc_03,27,,qc_pick,1
2024-01-01 07:42:00.000000,WAIT_STOP,TEU_27_qc_pick_qc_03,27,,qc_pick,1
2024-01-01 07:42:00.000000,START,TEU_27_qc_pick_qc_03,27,,qc_pick,1
2024-01-01 07:43:00.000000,STOP,TEU_27_qc_pick_qc_03,27,,qc_pick,1
2024-01-01 07:00:00.000000,WAIT_START,TEU_27_qc_transfer_qc_03,27,,qc_transfer,2
2024-01-01 07:43:00.000000,WAIT_STOP,TEU_27_qc_transfer_qc_03,27,,qc_transfer,2
2024-01-01 07:43:00.000000,START,TEU_27_qc_transfer_qc_03,27,,qc_transfer,2
2024-01-01 07:44:00.000000,STOP,TEU_27_qc_transfer_qc_03,27,,qc_transfer,2
2024-01-01 07:00:00.000000,WAIT_START,TEU_27_qc_load_to_pm_pm_09,27,pm_09,qc_load_to_pm,3
2024-01-01 07:44:00.000000,WAIT_STOP,TEU_27_qc_load_to_pm_pm_09,27,pm_09,qc_load_to_pm,3
2024-01-01 07:44:00.000000,START,TEU_27_qc_load_to_pm_pm_09,27,pm_09,qc_load_to_pm,3
2024-01-01 07:46:00.000000,STOP,TEU_27_qc_load_to_pm_pm_09,27,pm_09,qc_load_to_pm,3
2024-01-01 07:00:00.000000,WAIT_START,TEU_27_qc_travelback_pm_09,27,pm_09,qc_travelback,4
2024-01-01 07:46:00.000000,WAIT_STOP,TEU_27_qc_travelback_pm_09,27,pm_09,qc_travelback,4
2024-01-01 07:46:00.000000,START,TEU_27_qc_travelback_pm_09,27,pm_09,qc_travelback,4
2024-01-01 07:47:00.000000,STOP,TEU_27_qc_travelback_pm_09,27,pm_09,qc_travelback,4
2024-01-01 07:00:00.000000,WAIT_START,TEU_27_pm_travel_to_Yard4_pm_09,27,pm_09,pm_travel_to_yard,5
2024-01-01 07:46:00.000000,WAIT_STOP,TEU_27_pm_travel_to_Yard4_pm_09,27,pm_09,pm_travel_to_yard,5
2024-01-01 07:46:00.000000,START,TEU_27_pm_travel_to_Yard4_pm_09,27,pm_09,pm_travel_to_yard,5
2024-01-01 07:46:49.127167,STOP,TEU_27_pm_travel_to_Yard4_pm_09,27,pm_09,pm_travel_to_yard,5
2024-01-01 07:00:00.000000,WAIT_START,TEU_27_pm_unload_Yard4_pm_09,27,pm_09,pm_unload,6
2024-01-01 07:46:49.127167,WAIT_STOP,TEU_27_pm_unload_Yard4_pm_09,27,pm_09,pm_unload,6
2024-01-01 07:46:49.127167,START,TEU_27_pm_unload_Yard4_pm_09,27,pm_09,pm_unload,6
2024-01-01 07:48:49.127167,STOP,TEU_27_pm_unload_Yard4_pm_09,27,pm_09,pm_unload,6
2024-01-01 07:00:00.000000,WAIT_START,TEU_27_pm_return_pm_09,27,pm_09,pm_return,7
2024-01-01 07:48:49.127167,WAIT_STOP,TEU_27_pm_return_pm_09,27,pm_09,pm_return,7
2024-01-01 07:48:49.127167,START,TEU_27_pm_return_pm_09,27,pm_09,pm_return,7
2024-01-01 07:49:38.254333,STOP,TEU_27_pm_return_pm_09,27,pm_09,pm_return,7
2024-01-01 07:00:00.000000,WAIT_START,TEU_28_qc_pick_qc_01,28,,qc_pick,1
2024-01-01 07:45:00.000000,WAIT_STOP,TEU_28_qc_pick_qc_01,28,,qc_pick,1
2024-01-01 07:45:00.000000,START,TEU_28_qc_pick_qc_01,28,,qc_pick,1
2024-01-01 07:46:00.000000,STOP,TEU_28_qc_pick_qc_01,28,,qc_pick,1
2024-01-01 07:00:00.000000,WAIT_START,TEU_28_qc_transfer_qc_01,28,,qc_transfer,2
2024-01-01 07:46:00.000000,WAIT_STOP,TEU_28_qc_transfer_qc_01,28,,qc_transfer,2
2024-01-01 07:46:00.000000,START,TEU_28_qc_transfer_qc_01,28,,qc_transfer,2
2024-01-01 07:47:00.000000,STOP,TEU_28_qc_transfer_qc_01,28,,qc_transfer,2
2024-01-01 07:00:00.000000,WAIT_START,TEU_28_qc_load_to_pm_pm_01,28,pm_01,qc_load_to_pm,3
2024-01-01 07:47:00.000000,WAIT_STOP,TEU_28_qc_load_to_pm_pm_01,28,pm_01,qc_load_to_pm,3
2024-01-01 07:47:00.000000,START,TEU_28_qc_load_to_pm_pm_01,28,pm_01,qc_load_to_pm,3
2024-01-01 07:49:00.000000,STOP,TEU_28_qc_load_to_pm_pm_01,28,pm_01,qc_load_to_pm,3
2024-01-01 07:00:00.000000,WAIT_START,TEU_28_qc_travelback_pm_01,28,pm_01,qc_travelback,4
2024-01-01 07:49:00.000000,WAIT_STOP,TEU_28_qc_travelback_pm_01,28,pm_01,qc_travelback,4
2024-01-01 07:49:00.000000,START,TEU_28_qc_travelback_pm_01,28,pm_01,qc_travelback,4
2024-01-01 07:50:00.000000,STOP,TEU_28_qc_travelback_pm_01,28,pm_01,qc_travelback,4
2024-01-01 07:00:00.000000,WAIT_START,TEU_28_pm_travel_to_Yard4_pm_01,28,pm_01,pm_travel_to_yard,5
2024-01-01 07:49:00.000000,WAIT_STOP,TEU_28_pm_travel_to_Yard4_pm_01,28,pm_01,pm_travel_to_yard,5
2024-01-01 07:49:00.000000,START,TEU_28_pm_travel_to_Yard4_pm_01,28,pm_01,pm_travel_to_yard,5
2024-01-01 07:49:49.127167,STOP,TEU_28_pm_travel_to_Yard4_pm_01,28,pm_01,pm_travel_to_yard,5
2024-01-01 07:00:00.000000,WAIT_START,TEU_28_pm_unload_Yard4_pm_01,28,pm_01,pm_unload,6
2024-01-01 07:49:49.127167,WAIT_STOP,TEU_28_pm_unload_Yard4_pm_01,28,pm_01,pm_unload,6
2024-01-01 07:49:49.127167,START,TEU_28_pm_unload_Yard4_pm_01,28,pm_01,pm_unload,6
2024-01-01 07:51:49.127167,STOP,TEU_28_pm_unload_Yard4_pm_01,28,pm_01,pm_unload,6
2024-01-01 07:00:00.000000,WAIT_START,TEU_28_pm_return_pm_01,28,pm_01,pm_return,7
2024-01-01 07:51:49.127167,WAIT_STOP,TEU_28_pm_return_pm_01,28,pm_01,pm_return,7
2024-01-01 07:51:49.127167,START,TEU_28_pm_return_pm_01,28,pm_01,pm_return,7
2024-01-01 07:52:38.254333,STOP,TEU_28_pm_return_pm_01,28,pm_01,pm_return,7
2024-01-01 07:00:00.000000,WAIT_START,TEU_29_qc_pick_qc_02,29,,qc_pick,1
2024-01-01 07:46:00.000000,WAIT_STOP,TEU_29_qc_pick_qc_02,29,,qc_pick,1
2024-01-01 07:46:00.000000,START,TEU_29_qc_pick_qc_02,29,,qc_pick,1
2024-01-01 07:47:00.000000,STOP,TEU_29_qc_pick_qc_02,29,,qc_pick,1
2024-01-01 07:00:00.000000,WAIT_START,TEU_29_qc_transfer_qc_02,29,,qc_transfer,2
2024-01-01 07:47:00.000000,WAIT_STOP,TEU_29_qc_transfer_qc_02,29,,qc_transfer,2
2024-01-01 07:47:00.000000,START,TEU_29_qc_transfer_qc_02,29,,qc_transfer,2
2024-01-01 07:48:00.000000,STOP,TEU_29_qc_transfer_qc_02,29,,qc_transfer,2
2024-01-01 07:00:00.000000,WAIT_START,TEU_29_qc_load_to_pm_pm_02,29,pm_02,qc_load_to_pm,3
2024-01-01 07:48:00.000000,WAIT_STOP,TEU_29_qc_load_to_pm_pm_02,29,pm_02,qc_load_to_pm,3
2024-01-01 07:48:00.000000,START,TEU_29_qc_load_to_pm_pm_02,29,pm_02,qc_load_to_pm,3
2024-01-01 07:50:00.000000,STOP,TEU_29_qc_load_to_pm_pm_02,29,pm_02,qc_load_to_pm,3
2024-01-01 07:00:00.000000,WAIT_START,TEU_29_qc_travelback_pm_02,29,pm_02,qc_travelback,4
2024-01-01 07:50:00.000000,WAIT_STOP,TEU_29_qc_travelback_pm_02,29,pm_02,qc_travelback,4
2024-01-01 07:50:00.000000,START,TEU_29_qc_travelback_pm_02,29,pm_02,qc_travelback,4
2024-01-01 07:51:00.000000,STOP,TEU_29_qc_travelback_pm_02,29,pm_02,qc_travelback,4
2024-01-01 07:00:00.000000,WAIT_START,TEU_29_pm_travel_to_Yard1_pm_02,29,pm_02,pm_travel_to_yard,5
2024-01-01 07:50:00.000000,WAIT_STOP,TEU_29_pm_travel_to_Yard1_pm_02,29,pm_02,pm_travel_to_yard,5
2024-01-01 07:50:00.000000,START,TEU_29_pm_travel_to_Yard1_pm_02,29,pm_02,pm_travel_to_yard,5
2024-01-01 07:50:12.281792,STOP,TEU_29_pm_travel_to_Yard1_pm_02,29,pm_02,pm_travel_to_yard,5
2024-01-01 07:00:00.000000,WAIT_START,TEU_29_pm_unload_Yard1_pm_02,29,pm_02,pm_unload,6
2024-01-01 07:50:12.281792,WAIT_STOP,TEU_29_pm_unload_Yard1_pm_02,29,pm_02,pm_unload,6
2024-01-01 07:50:12.281792,START,TEU_29_pm_unload_Yard1_pm_02,29,pm_02,pm_unload,6
2024-01-01 07:52:12.281792,STOP,TEU_29_pm_unload_Yard1_pm_02,29,pm_02,pm_unload,6
2024-01-01 07:00:00.000000,WAIT_START,TEU_29_pm_return_pm_02,29,pm_02,pm_return,7
2024-01-01 07:52:12.281792,WAIT_STOP,TEU_29_pm_return_pm_02,29,pm_02,pm_return,7
2024-01-01 07:52:12.281792,START,TEU_29_pm_return_pm_02,29,pm_02,pm_return,7
2024-01-01 07:52:24.563583,STOP,TEU_29_pm_return_pm_02,29,pm_02,pm_return,7
2024-01-01 07:00:00.000000,WAIT_START,TEU_30_qc_pick_qc_03,30,,qc_pick,1
2024-01-01 07:47:00.000000,WAIT_STOP,TEU_30_qc_pick_qc_03,30,,qc_pick,1
2024-01-01 07:47:00.000000,START,TEU_30_qc_pick_qc_03,30,,qc_pick,1
2024-01-01 07:48:00.000000,STOP,TEU_30_qc_pick_qc_03,30,,qc_pick,1
2024-01-01 07:00:00.000000,WAIT_START,TEU_30_qc_transfer_qc_03,30,,qc_transfer,2
2024-01-01 07:48:00.000000,WAIT_STOP,TEU_30_qc_transfer_qc_03,30,,qc_transfer,2
2024-01-01 07:48:00.000000,START,TEU_30_qc_transfer_qc_03,30,,qc_transfer,2
2024-01-01 07:49:00.000000,STOP,TEU_30_qc_transfer_qc_03,30,,qc_transfer,2
2024-01-01 07:00:00.000000,WAIT_START,TEU_30_qc_load_to_pm_pm_03,30,pm_03,qc_load_to_pm,3
2024-01-01 07:49:00.000000,WAIT_STOP,TEU_30_qc_load_to_pm_pm_03,30,pm_03,qc_load_to_pm,3
2024-01-01 07:49:00.000000,START,TEU_30_qc_load_to_pm_pm_03,30,pm_03,qc_load_to_pm,3
2024-01-01 07:51:00.000000,STOP,TEU_30_qc_load_to_pm_pm_03,30,pm_03,qc_load_to_pm,3
2024-01-01 07:00:00.000000,WAIT_START,TEU_30_qc_travelback_pm_03,30,pm_03,qc_travelback,4
2024-01-01 07:51:00.000000,WAIT_STOP,TEU_30_qc_travelback_pm_03,30,pm_03,qc_travelback,4
2024-01-01 07:51:00.000000,START,TEU_30_qc_travelback_pm_03,30,pm_03,qc_travelback,4
2024-01-01 07:52:00.000000,STOP,TEU_30_qc_travelback_pm_03,30,pm_03,qc_travelback,4
2024-01-01 07:00:00.000000,WAIT_START,TEU_30_pm_travel_to_Yard1_pm_03,30,pm_03,pm_travel_to_yard,5
2024-01-01 07:51:00.000000,WAIT_STOP,TEU_30_pm_travel_to_Yard1_pm_03,30,pm_03,pm_travel_to_yard,5
2024-01-01 07:51:00.000000,START,TEU_30_pm_travel_to_Yard1_pm_03,30,pm_03,pm_travel_to_yard,5
2024-01-01 07:51:12.281792,STOP,TEU_30_pm_travel_to_Yard1_pm_03,30,pm_03,pm_travel_to_yard,5
2024-01-01 07:00:00.000000,WAIT_START,TEU_30_pm_unload_Yard1_pm_03,30,pm_03,pm_unload,6
2024-01-01 07:51:12.281792,WAIT_STOP,TEU_30_pm_unload_Yard1_pm_03,30,pm_03,pm_unload,6
2024-01-01 07:52:12.281792,START,TEU_30_pm_unload_Yard1_pm_03,30,pm_03,pm_unload,6
2024-01-01 07:54:12.281792,STOP,TEU_30_pm_unload_Yard1_pm_03,30,pm_03,pm_unload,6
2024-01-01 07:00:00.000000,WAIT_START,TEU_30_pm_return_pm_03,30,pm_03,pm_return,7
2024-01-01 07:54:12.281792,WAIT_STOP,TEU_30_pm_return_pm_03,30,pm_03,pm_return,7
2024-01-01 07:54:12.281792,START,TEU_30_pm_return_pm_03,30,pm_03,pm_return,7
2024-01-01 07:54:24.563583,STOP,TEU_30_pm_return_pm_03,30,pm_03,pm_return,7
2024-01-01 07:00:00.000000,WAIT_START,TEU_31_qc_pick_qc_01,31,,qc_pick,1
2024-01-01 07:50:00.000000,WAIT_STOP,TEU_31_qc_pick_qc_01,31,,qc_pick,1
2024-01-01 07:50:00.000000,START,TEU_31_qc_pick_qc_01,31,,qc_pick,1
2024-01-01 07:51:00.000000,STOP,TEU_31_qc_pick_qc_01,31,,qc_pick,1
2024-01-01 07:00:00.000000,WAIT_START,TEU_31_qc_transfer_qc_01,31,,qc_transfer,2
2024-01-01 07:51:00.000000,WAIT_STOP,TEU_31_qc_transfer_qc_01,31,,qc_transfer,2
2024-01-01 07:51:00.000000,START,TEU_31_qc_transfer_qc_01,31,,qc_transfer,2
2024-01-01 07:52:00.000000,STOP,TEU_31_qc_transfer_qc_01,31,,qc_transfer,2
2024-01-01 07:00:00.000000,WAIT_START,TEU_31_qc_load_to_pm_pm_04,31,pm_04,qc_load_to_pm,3
2024-01-01 07:52:00.000000,WAIT_STOP,TEU_31_qc_load_to_pm_pm_04,31,pm_04,qc_load_to_pm,3
2024-01-01 07:52:00.000000,START,TEU_31_qc_load_to_pm_pm_04,31,pm_04,qc_load_to_pm,3
2024-01-01 07:54:00.000000,STOP,TEU_31_qc_load_to_pm_pm_04,31,pm_04,qc_load_to_pm,3
2024-01-01 07:00:00.000000,WAIT_START,TEU_31_qc_travelback_pm_04,31,pm_04,qc_travelback,4
2024-01-01 07:54:00.000000,WAIT_STOP,TEU_31_qc_travelback_pm_04,31,pm_04,qc_travelback,4
2024-01-01 07:54:00.000000,START,TEU_31_qc_travelback_pm_04,31,pm_04,qc_travelback,4
2024-01-01 07:55:00.000000,STOP,TEU_31_qc_travelback_pm_04,31,pm_04,qc_travelback,4
2024-01-01 07:00:00.000000,WAIT_START,TEU_31_pm_travel_to_Yard4_pm_04,31,pm_04,pm_travel_to_yard,5
2024-01-01 07:54:00.000000,WAIT_STOP,TEU_31_pm_travel_to_Yard4_pm_04,31,pm_04,pm_travel_to_yard,5
2024-01-01 07:54:00.000000,START,TEU_31_pm_travel_to_Yard4_pm_04,31,pm_04,pm_travel_to_yard,5
2024-01-01 07:54:49.127167,STOP,TEU_31_pm_travel_to_Yard4_pm_04,31,pm_04,pm_travel_to_yard,5
2024-01-01 07:00:00.000000,WAIT_START,TEU_31_pm_unload_Yard4_pm_04,31,pm_04,pm_unload,6
2024-01-01 07:54:49.127167,WAIT_STOP,TEU_31_pm_unload_Yard4_pm_04,31,pm_04,pm_unload,6
2024-01-01 07:54:49.127167,START,TEU_31_pm_unload_Yard4_pm_04,31,pm_04,pm_unload,6
2024-01-01 07:56:49.127167,STOP,TEU_31_pm_unload_Yard4_pm_04,31,pm_04,pm_unload,6
2024-01-01 07:00:00.000000,WAIT_START,TEU_31_pm_return_pm_04,31,pm_04,pm_return,7
2024-01-01 07:56:49.127167,WAIT_STOP,TEU_31_pm_return_pm_04,31,pm_04,pm_return,7
2024-01-01 07:56:49.127167,START,TEU_31_pm_return_pm_04,31,pm_04,pm_return,7
2024-01-01 07:57:38.254333,STOP,TEU_31_pm_return_pm_04,31,pm_04,pm_return,7
2024-01-01 07:00:00.000000,WAIT_START,TEU_32_qc_pick_qc_02,32,,qc_pick,1
2024-01-01 07:51:00.000000,WAIT_STOP,TEU_32_qc_pick_qc_02,32,,qc_pick,1
2024-01-01 07:51:00.000000,START,TEU_32_qc_pick_qc_02,32,,qc_pick,1
2024-01-01 07:52:00.000000,STOP,TEU_32_qc_pick_qc_02,32,,qc_pick,1
2024-01-01 07:00:00.000000,WAIT_START,TEU_32_qc_transfer_qc_02,32,,qc_transfer,2
2024-01-01 07:52:00.000000,WAIT_STOP,TEU_32_qc_transfer_qc_02,32,,qc_transfer,2
2024-01-01 07:52:00.000000,START,TEU_32_qc_transfer_qc_02,32,,qc_transfer,2
2024-01-01 07:53:00.000000,STOP,TEU_32_qc_transfer_qc_02,32,,qc_transfer,2
2024-01-01 07:00:00.000000,WAIT_START,TEU_32_qc_load_to_pm_pm_05,32,pm_05,qc_load_to_pm,3
2024-01-01 07:53:00.000000,WAIT_STOP,TEU_32_qc_load_to_pm_pm_05,32,pm_05,qc_load_to_pm,3
2024-01-01 07:53:00.000000,START,TEU_32_qc_load_to_pm_pm_05,32,pm_05,qc_load_to_pm,3
2024-01-01 07:55:00.000000,STOP,TEU_32_qc_load_to_pm_pm_05,32,pm_05,qc_load_to_pm,3
2024-01-01 07:00:00.000000,WAIT_START,TEU_32_qc_travelback_pm_05,32,pm_05,qc_travelback,4
2024-01-01 07:55:00.000000,WAIT_STOP,TEU_32_qc_travelback_pm_05,32,pm_05,qc_travelback,4
2024-01-01 07:55:00.000000,START,TEU_32_qc_travelback_pm_05,32,pm_05,qc_travelback,4
2024-01-01 07:56:00.000000,STOP,TEU_32_qc_travelback_pm_05,32,pm_05,qc_travelback,4
2024-01-01 07:00:00.000000,WAIT_START,TEU_32_pm_travel_to_Yard4_pm_05,32,pm_05,pm_travel_to_yard,5
2024-01-01 07:55:00.000000,WAIT_STOP,TEU_32_pm_travel_to_Yard4_pm_05,32,pm_05,pm_travel_to_yard,5
2024-01-01 07:55:00.000000,START,TEU_32_pm_travel_to_Yard4_pm_05,32,pm_05,pm_travel_to_yard,5
2024-01-01 07:55:49.127167,STOP,TEU_32_pm_travel_to_Yard4_pm_05,32,pm_05,pm_travel_to_yard,5
2024-01-01 07:00:00.000000,WAIT_START,TEU_32_pm_unload_Yard4_pm_05,32,pm_05,pm_unload,6
2024-01-01 07:55:49.127167,WAIT_STOP,TEU_32_pm_unload_Yard4_pm_05,32,pm_05,pm_unload,6
2024-01-01 07:56:49.127167,START,TEU_32_pm_unload_Yard4_pm_05,32,pm_05,pm_unload,6
2024-01-01 07:58:49.127167,STOP,TEU_32_pm_unload_Yard4_pm_05,32,pm_05,pm_unload,6
2024-01-01 07:00:00.000000,WAIT_START,TEU_32_pm_return_pm_05,32,pm_05,pm_return,7
2024-01-01 07:58:49.127167,WAIT_STOP,TEU_32_pm_return_pm_05,32,pm_05,pm_return,7
2024-01-01 07:58:49.127167,START,TEU_32_pm_return_pm_05,32,pm_05,pm_return,7
2024-01-01 07:59:38.254333,STOP,TEU_32_pm_return_pm_05,32,pm_05,pm_return,7
2024-01-01 07:00:00.000000,WAIT_START,TEU_33_qc_pick_qc_03,33,,qc_pick,1
2024-01-01 07:52:00.000000,WAIT_STOP,TEU_33_qc_pick_qc_03,33,,qc_pick,1
2024-01-01 07:52:00.000000,START,TEU_33_qc_pick_qc_03,33,,qc_pick,1
2024-01-01 07:53:00.000000,STOP,TEU_33_qc_pick_qc_03,33,,qc_pick,1
2024-01-01 07:00:00.000000,WAIT_START,TEU_33_qc_transfer_qc_03,33,,qc_transfer,2
2024-01-01 07:53:00.000000,WAIT_STOP,TEU_33_qc_transfer_qc_03,33,,qc_transfer,2
2024-01-01 07:53:00.000000,START,TEU_33_qc_transfer_qc_03,33,,qc_transfer,2
2024-01-01 07:54:00.000000,STOP,TEU_33_qc_transfer_qc_03,33,,qc_transfer,2
2024-01-01 07:00:00.000000,WAIT_START,TEU_33_qc_load_to_pm_pm_06,33,pm_06,qc_load_to_pm,3
2024-01-01 07:54:00.000000,WAIT_STOP,TEU_33_qc_load_to_pm_pm_06,33,pm_06,qc_load_to_pm,3
2024-01-01 07:54:00.000000,START,TEU_33_qc_load_to_pm_pm_06,33,pm_06,qc_load_to_pm,3
2024-01-01 07:56:00.000000,STOP,TEU_33_qc_load_to_pm_pm_06,33,pm_06,qc_load_to_pm,3
2024-01-01 07:00:00.000000,WAIT_START,TEU_33_qc_travelback_pm_06,33,pm_06,qc_travelback,4
2024-01-01 07:56:00.000000,WAIT_STOP,TEU_33_qc_travelback_pm_06,33,pm_06,qc_travelback,4
2024-01-01 07:56:00.000000,START,TEU_33_qc_travelback_pm_06,33,pm_06,qc_travelback,4
2024-01-01 07:57:00.000000,STOP,TEU_33_qc_travelback_pm_06,33,pm_06,qc_travelback,4
2024-01-01 07:00:00.000000,WAIT_START,TEU_33_pm_travel_to_Yard4_pm_06,33,pm_06,pm_travel_to_yard,5
2024-01-01 07:56:00.000000,WAIT_STOP,TEU_33_pm_travel_to_Yard4_pm_06,33,pm_06,pm_travel_to_yard,5
2024-01-01 07:56:00.000000,START,TEU_33_pm_travel_to_Yard4_pm_06,33,pm_06,pm_travel_to_yard,5
2024-01-01 07:56:49.127167,STOP,TEU_33_pm_travel_to_Yard4_pm_06,33,pm_06,pm_travel_to_yard,5
2024-01-01 07:00:00.000000,WAIT_START,TEU_33_pm_unload_Yard4_pm_06,33,pm_06,pm_unload,6
2024-01-01 07:56:49.127167,WAIT_STOP,TEU_33_pm_unload_Yard4_pm_06,33,pm_06,pm_unload,6
2024-01-01 07:58:49.127167,START,TEU_33_pm_unload_Yard4_pm_06,33,pm_06,pm_unload,6
2024-01-01 08:00:49.127167,STOP,TEU_33_pm_unload_Yard4_pm_06,33,pm_06,pm_unload,6
2024-01-01 07:00:00.000000,WAIT_START,TEU_33_pm_return_pm_06,33,pm_06,pm_return,7
2024-01-01 08:00:49.127167,WAIT_STOP,TEU_33_pm_return_pm_06,33,pm_06,pm_return,7
2024-01-01 08:00:49.127167,START,TEU_33_pm_return_pm_06,33,pm_06,pm_return,7
2024-01-01 08:01:38.254333,STOP,TEU_33_pm_return_pm_06,33,pm_06,pm_return,7
2024-01-01 07:00:00.000000,WAIT_START,TEU_34_qc_pick_qc_01,34,,qc_pick,1
2024-01-01 07:55:00.000000,WAIT_STOP,TEU_34_qc_pick_qc_01,34,,qc_pick,1
2024-01-01 07:55:00.000000,START,TEU_34_qc_pick_qc_01,34,,qc_pick,1
2024-01-01 07:56:00.000000,STOP,TEU_34_qc_pick_qc_01,34,,qc_pick,1
2024-01-01 07:00:00.000000,WAIT_START,TEU_34_qc_transfer_qc_01,34,,qc_transfer,2
2024-01-01 07:56:00.000000,WAIT_STOP,TEU_34_qc_transfer_qc_01,34,,qc_transfer,2
2024-01-01 07:56:00.000000,START,TEU_34_qc_transfer_qc_01,34,,qc_transfer,2
2024-01-01 07:57:00.000000,STOP,TEU_34_qc_transfer_qc_01,34,,qc_transfer,2
2024-01-01 07:00:00.000000,WAIT_START,TEU_34_qc_load_to_pm_pm_07,34,pm_07,qc_load_to_pm,3
2024-01-01 07:57:00.000000,WAIT_STOP,TEU_34_qc_load_to_pm_pm_07,34,pm_07,qc_load_to_pm,3
2024-01-01 07:57:00.000000,START,TEU_34_qc_load_to_pm_pm_07,34,pm_07,qc_load_to_pm,3
2024-01-01 07:59:00.000000,STOP,TEU_34_qc_load_to_pm_pm_07,34,pm_07,qc_load_to_pm,3
2024-01-01 07:00:00.000000,WAIT_START,TEU_34_qc_travelback_pm_07,34,pm_07,qc_travelback,4
2024-01-01 07:59:00.000000,WAIT_STOP,TEU_34_qc_travelback_pm_07,34,pm_07,qc_travelback,4
2024-01-01 07:59:00.000000,START,TEU_34_qc_travelback_pm_07,34,pm_07,qc_travelback,4
2024-01-01 08:00:00.000000,STOP,TEU_34_qc_travelback_pm_07,34,pm_07,qc_travelback,4
2024-01-01 07:00:00.000000,WAIT_START,TEU_34_pm_travel_to_Yard1_pm_07,34,pm_07,pm_travel_to_yard,5
2024-01-01 07:59:00.000000,WAIT_STOP,TEU_34_pm_travel_to_Yard1_pm_07,34,pm_07,pm_travel_to_yard,5
2024-01-01 07:59:00.000000,START,TEU_34_pm_travel_to_Yard1_pm_07,34,pm_07,pm_travel_to_yard,5
2024-01-01 07:59:12.281792,STOP,TEU_34_pm_travel_to_Yard1_pm_07,34,pm_07,pm_travel_to_yard,5
2024-01-01 07:00:00.000000,WAIT_START,TEU_34_pm_unload_Yard1_pm_07,34,pm_07,pm_unload,6
2024-01-01 07:59:12.281792,WAIT_STOP,TEU_34_pm_unload_Yard1_pm_07,34,pm_07,pm_unload,6
2024-01-01 07:59:12.281792,START,TEU_34_pm_unload_Yard1_pm_07,34,pm_07,pm_unload,6
2024-01-01 08:01:12.281792,STOP,TEU_34_pm_unload_Yard1_pm_07,34,pm_07,pm_unload,6
2024-01-01 07:00:00.000000,WAIT_START,TEU_34_pm_return_pm_07,34,pm_07,pm_return,7
2024-01-01 08:01:12.281792,WAIT_STOP,TEU_34_pm_return_pm_07,34,pm_07,pm_return,7
2024-01-01 08:01:12.281792,START,TEU_34_pm_return_pm_07,34,pm_07,pm_return,7
2024-01-01 08:01:24.563583,STOP,TEU_34_pm_return_pm_07,34,pm_07,pm_return,7
2024-01-01 07:00:00.000000,WAIT_START,TEU_35_qc_pick_qc_02,35,,qc_pick,1
2024-01-01 07:56:00.000000,WAIT_STOP,TEU_35_qc_pick_qc_02,35,,qc_pick,1
2024-01-01 07:56:00.000000,START,TEU_35_qc_pick_qc_02,35,,qc_pick,1
2024-01-01 07:57:00.000000,STOP,TEU_35_qc_pick_qc_02,35,,qc_pick,1
2024-01-01 07:00:00.000000,WAIT_START,TEU_35_qc_transfer_qc_02,35,,qc_transfer,2
2024-01-01 07:57:00.000000,WAIT_STOP,TEU_35_qc_transfer_qc_02,35,,qc_transfer,2
2024-01-01 07:57:00.000000,START,TEU_35_qc_transfer_qc_02,35,,qc_transfer,2
2024-01-01 07:58:00.000000,STOP,TEU_35_qc_transfer_qc_02,35,,qc_transfer,2
2024-01-01 07:00:00.000000,WAIT_START,TEU_35_qc_load_to_pm_pm_08,35,pm_08,qc_load_to_pm,3
2024-01-01 07:58:00.000000,WAIT_STOP,TEU_35_qc_load_to_pm_pm_08,35,pm_08,qc_load_to_pm,3
2024-01-01 07:58:00.000000,START,TEU_35_qc_load_to_pm_pm_08,35,pm_08,qc_load_to_pm,3
2024-01-01 08:00:00.000000,STOP,TEU_35_qc_load_to_pm_pm_08,35,pm_08,qc_load_to_pm,3
2024-01-01 07:00:00.000000,WAIT_START,TEU_35_qc_travelback_pm_08,35,pm_08,qc_travelback,4
2024-01-01 08:00:00.000000,WAIT_STOP,TEU_35_qc_travelback_pm_08,35,pm_08,qc_travelback,4
2024-01-01 08:00:00.000000,START,TEU_35_qc_travelback_pm_08,35,pm_08,qc_travelback,4
2024-01-01 08:01:00.000000,STOP,TEU_35_qc_travelback_pm_08,35,pm_08,qc_travelback,4
2024-01-01 07:00:00.000000,WAIT_START,TEU_35_pm_travel_to_Yard4_pm_08,35,pm_08,pm_travel_to_yard,5
2024-01-01 08:00:00.000000,WAIT_STOP,TEU_35_pm_travel_to_Yard4_pm_08,35,pm_08,pm_travel_to_yard,5
2024-01-01 08:00:00.000000,START,TEU_35_pm_travel_to_Yard4_pm_08,35,pm_08,pm_travel_to_yard,5
2024-01-01 08:00:49.127167,STOP,TEU_35_pm_travel_to_Yard4_pm_08,35,pm_08,pm_travel_to_yard,5
2024-01-01 07:00:00.000000,WAIT_START,TEU_35_pm_unload_Yard4_pm_08,35,pm_08,pm_unload,6
2024-01-01 08:00:49.127167,WAIT_STOP,TEU_35_pm_unload_Yard4_pm_08,35,pm_08,pm_unload,6
2024-01-01 08:00:49.127167,START,TEU_35_pm_unload_Yard4_pm_08,35,pm_08,pm_unload,6
2024-01-01 08:02:49.127167,STOP,TEU_35_pm_unload_Yard4_pm_08,35,pm_08,pm_unload,6
2024-01-01 07:00:00.000000,WAIT_START,TEU_35_pm_return_pm_08,35,pm_08,pm_return,7
2024-01-01 08:02:49.127167,WAIT_STOP,TEU_35_pm_return_pm_08,35,pm_08,pm_return,7
2024-01-01 08:02:49.127167,START,TEU_35_pm_return_pm_08,35,pm_08,pm_return,7
2024-01-01 08:03:38.254333,STOP,TEU_35_pm_return_pm_08,35,pm_08,pm_return,7
2024-01-01 07:00:00.000000,WAIT_START,TEU_36_qc_pick_qc_03,36,,qc_pick,1
2024-01-01 07:57:00.000000,WAIT_STOP,TEU_36_qc_pick_qc_03,36,,qc_pick,1
2024-01-01 07:57:00.000000,START,TEU_36_qc_pick_qc_03,36,,qc_pick,1
2024-01-01 07:58:00.000000,STOP,TEU_36_qc_pick_qc_03,36,,qc_pick,1
2024-01-01 07:00:00.000000,WAIT_START,TEU_36_qc_transfer_qc_03,36,,qc_transfer,2
2024-01-01 07:58:00.000000,WAIT_STOP,TEU_36_qc_transfer_qc_03,36,,qc_transfer,2
2024-01-01 07:58:00.000000,START,TEU_36_qc_transfer_qc_03,36,,qc_transfer,2
2024-01-01 07:59:00.000000,STOP,TEU_36_qc_transfer_qc_03,36,,qc_transfer,2
2024-01-01 07:00:00.000000,WAIT_START,TEU_36_qc_load_to_pm_pm_09,36,pm_09,qc_load_to_pm,3
2024-01-01 07:59:00.000000,WAIT_STOP,TEU_36_qc_load_to_pm_pm_09,36,pm_09,qc_load_to_pm,3
2024-01-01 07:59:00.000000,START,TEU_36_qc_load_to_pm_pm_09,36,pm_09,qc_load_to_pm,3
2024-01-01 08:01:00.000000,STOP,TEU_36_qc_load_to_pm_pm_09,36,pm_09,qc_load_to_pm,3
2024-01-01 07:00:00.000000,WAIT_START,TEU_36_qc_travelback_pm_09,36,pm_09,qc_travelback,4
2024-01-01 08:01:00.000000,WAIT_STOP,TEU_36_qc_travelback_pm_09,36,pm_09,qc_travelback,4
2024-01-01 08:01:00.000000,START,TEU_36_qc_travelback_pm_09,36,pm_09,qc_travelback,4
2024-01-01 08:02:00.000000,STOP,TEU_36_qc_travelback_pm_09,36,pm_09,qc_travelback,4
2024-01-01 07:00:00.000000,WAIT_START,TEU_36_pm_travel_to_Yard4_pm_09,36,pm_09,pm_travel_to_yard,5
2024-01-01 08:01:00.000000,WAIT_STOP,TEU_36_pm_travel_to_Yard4_pm_09,36,pm_09,pm_travel_to_yard,5
2024-01-01 08:01:00.000000,START,TEU_36_pm_travel_to_Yard4_pm_09,36,pm_09,pm_travel_to_yard,5
2024-01-01 08:01:49.127167,STOP,TEU_36_pm_travel_to_Yard4_pm_09,36,pm_09,pm_travel_to_yard,5
2024-01-01 07:00:00.000000,WAIT_START,TEU_36_pm_unload_Yard4_pm_09,36,pm_09,pm_unload,6
2024-01-01 08:01:49.127167,WAIT_STOP,TEU_36_pm_unload_Yard4_pm_09,36,pm_09,pm_unload,6
2024-01-01 08:02:49.127167,START,TEU_36_pm_unload_Yard4_pm_09,36,pm_09,pm_unload,6
2024-01-01 08:04:49.127167,STOP,TEU_36_pm_unload_Yard4_pm_09,36,pm_09,pm_unload,6
2024-01-01 07:00:00.000000,WAIT_START,TEU_36_pm_return_pm_09,36,pm_09,pm_return,7
2024-01-01 08:04:49.127167,WAIT_STOP,TEU_36_pm_return_pm_09,36,pm_09,pm_return,7
2024-01-01 08:04:49.127167,START,TEU_36_pm_return_pm_09,36,pm_09,pm_return,7
2024-01-01 08:05:38.254333,STOP,TEU_36_pm_return_pm_09,36,pm_09,pm_return,7
2024-01-01 07:00:00.000000,WAIT_START,TEU_37_qc_pick_qc_01,37,,qc_pick,1
2024-01-01 08:00:00.000000,WAIT_STOP,TEU_37_qc_pick_qc_01,37,,qc_pick,1
2024-01-01 08:00:00.000000,START,TEU_37_qc_pick_qc_01,37,,qc_pick,1
2024-01-01 08:01:00.000000,STOP,TEU_37_qc_pick_qc_01,37,,qc_pick,1
2024-01-01 07:00:00.000000,WAIT_START,TEU_37_qc_transfer_qc_01,37,,qc_transfer,2
2024-01-01 08:01:00.000000,WAIT_STOP,TEU_37_qc_transfer_qc_01,37,,qc_transfer,2
2024-01-01 08:01:00.000000,START,TEU_37_qc_transfer_qc_01,37,,qc_transfer,2
2024-01-01 08:02:00.000000,STOP,TEU_37_qc_transfer_qc_01,37,,qc_transfer,2
2024-01-01 07:00:00.000000,WAIT_START,TEU_37_qc_load_to_pm_pm_01,37,pm_01,qc_load_to_pm,3
2024-01-01 08:02:00.000000,WAIT_STOP,TEU_37_qc_load_to_pm_pm_01,37,pm_01,qc_load_to_pm,3
2024-01-01 08:02:00.000000,START,TEU_37_qc_load_to_pm_pm_01,37,pm_01,qc_load_to_pm,3
2024-01-01 08:04:00.000000,STOP,TEU_37_qc_load_to_pm_pm_01,37,pm_01,qc_load_to_pm,3
2024-01-01 07:00:00.000000,WAIT_START,TEU_37_qc_travelback_pm_01,37,pm_01,qc_travelback,4
2024-01-01 08:04:00.000000,WAIT_STOP,TEU_37_qc_travelback_pm_01,37,pm_01,qc_travelback,4
2024-01-01 08:04:00.000000,START,TEU_37_qc_travelback_pm_01,37,pm_01,qc_travelback,4
2024-01-01 08:05:00.000000,STOP,TEU_37_qc_travelback_pm_01,37,pm_01,qc_travelback,4
2024-01-01 07:00:00.000000,WAIT_START,TEU_37_pm_travel_to_Yard1_pm_01,37,pm_01,pm_travel_to_yard,5
2024-01-01 08:04:00.000000,WAIT_STOP,TEU_37_pm_travel_to_Yard1_pm_01,37,pm_01,pm_travel_to_yard,5
2024-01-01 08:04:00.000000,START,TEU_37_pm_travel_to_Yard1_pm_01,37,pm_01,pm_travel_to_yard,5
2024-01-01 08:04:12.281792,STOP,TEU_37_pm_travel_to_Yard1_pm_01,37,pm_01,pm_travel_to_yard,5
2024-01-01 07:00:00.000000,WAIT_START,TEU_37_pm_unload_Yard1_pm_01,37,pm_01,pm_unload,6
2024-01-01 08:04:12.281792,WAIT_STOP,TEU_37_pm_unload_Yard1_pm_01,37,pm_01,pm_unload,6
2024-01-01 08:04:12.281792,START,TEU_37_pm_unload_Yard1_pm_01,37,pm_01,pm_unload,6
2024-01-01 08:06:12.281792,STOP,TEU_37_pm_unload_Yard1_pm_01,37,pm_01,pm_unload,6
2024-01-01 07:00:00.000000,WAIT_START,TEU_37_pm_return_pm_01,37,pm_01,pm_return,7
2024-01-01 08:06:12.281792,WAIT_STOP,TEU_37_pm_return_pm_01,37,pm_01,pm_return,7
2024-01-01 08:06:12.281792,START,TEU_37_pm_return_pm_01,37,pm_01,pm_return,7
2024-01-01 08:06:24.563583,STOP,TEU_37_pm_return_pm_01,37,pm_01,pm_return,7
2024-01-01 07:00:00.000000,WAIT_START,TEU_38_qc_pick_qc_02,38,,qc_pick,1
2024-01-01 08:01:00.000000,WAIT_STOP,TEU_38_qc_pick_qc_02,38,,qc_pick,1
2024-01-01 08:01:00.000000,START,TEU_38_qc_pick_qc_02,38,,qc_pick,1
2024-01-01 08:02:00.000000,STOP,TEU_38_qc_pick_qc_02,38,,qc_pick,1
2024-01-01 07:00:00.000000,WAIT_START,TEU_38_qc_transfer_qc_02,38,,qc_transfer,2
2024-01-01 08:02:00.000000,WAIT_STOP,TEU_38_qc_transfer_qc_02,38,,qc_transfer,2
2024-01-01 08:02:00.000000,START,TEU_38_qc_transfer_qc_02,38,,qc_transfer,2
2024-01-01 08:03:00.000000,STOP,TEU_38_qc_transfer_qc_02,38,,qc_transfer,2
2024-01-01 07:00:00.000000,WAIT_START,TEU_38_qc_load_to_pm_pm_02,38,pm_02,qc_load_to_pm,3
2024-01-01 08:03:00.000000,WAIT_STOP,TEU_38_qc_load_to_pm_pm_02,38,pm_02,qc_load_to_pm,3
2024-01-01 08:03:00.000000,START,TEU_38_qc_load_to_pm_pm_02,38,pm_02,qc_load_to_pm,3
2024-01-01 08:05:00.000000,STOP,TEU_38_qc_load_to_pm_pm_02,38,pm_02,qc_load_to_pm,3
2024-01-01 07:00:00.000000,WAIT_START,TEU_38_qc_travelback_pm_02,38,pm_02,qc_travelback,4
2024-01-01 08:05:00.000000,WAIT_STOP,TEU_38_qc_travelback_pm_02,38,pm_02,qc_travelback,4
2024-01-01 08:05:00.000000,START,TEU_38_qc_travelback_pm_02,38,pm_02,qc_travelback,4
2024-01-01 08:06:00.000000,STOP,TEU_38_qc_travelback_pm_02,38,pm_02,qc_travelback,4
2024-01-01 07:00:00.000000,WAIT_START,TEU_38_pm_travel_to_Yard1_pm_02,38,pm_02,pm_travel_to_yard,5
2024-01-01 08:05:00.000000,WAIT_STOP,TEU_38_pm_travel_to_Yard1_pm_02,38,pm_02,pm_travel_to_yard,5
2024-01-01 08:05:00.000000,START,TEU_38_pm_travel_to_Yard1_pm_02,38,pm_02,pm_travel_to_yard,5
2024-01-01 08:05:12.281792,STOP,TEU_38_pm_travel_to_Yard1_pm_02,38,pm_02,pm_travel_to_yard,5
2024-01-01 07:00:00.000000,WAIT_START,TEU_38_pm_unload_Yard1_pm_02,38,pm_02,pm_unload,6
2024-01-01 08:05:12.281792,WAIT_STOP,TEU_38_pm_unload_Yard1_pm_02,38,pm_02,pm_unload,6
2024-01-01 08:06:12.281792,START,TEU_38_pm_unload_Yard1_pm_02,38,pm_02,pm_unload,6
2024-01-01 08:08:12.281792,STOP,TEU_38_pm_unload_Yard1_pm_02,38,pm_02,pm_unload,6
2024-01-01 07:00:00.000000,WAIT_START,TEU_38_pm_return_pm_02,38,pm_02,pm_return,7
2024-01-01 08:08:12.281792,WAIT_STOP,TEU_38_pm_return_pm_02,38,pm_02,pm_return,7
2024-01-01 08:08:12.281792,START,TEU_38_pm_return_pm_02,38,pm_02,pm_return,7
2024-01-01 08:08:24.563583,STOP,TEU_38_pm_return_pm_02,38,pm_02,pm_return,7
2024-01-01 07:00:00.000000,WAIT_START,TEU_39_qc_pick_qc_03,39,,qc_pick,1
2024-01-01 08:02:00.000000,WAIT_STOP,TEU_39_qc_pick_qc_03,39,,qc_pick,1
2024-01-01 08:02:00.000000,START,TEU_39_qc_pick_qc_03,39,,qc_pick,1
2024-01-01 08:03:00.000000,STOP,TEU_39_qc_pick_qc_03,39,,qc_pick,1
2024-01-01 07:00:00.000000,WAIT_START,TEU_39_qc_transfer_qc_03,39,,qc_transfer,2
2024-01-01 08:03:00.000000,WAIT_STOP,TEU_39_qc_transfer_qc_03,39,,qc_transfer,2
2024-01-01 08:03:00.000000,START,TEU_39_qc_transfer_qc_03,39,,qc_transfer,2
2024-01-01 08:04:00.000000,STOP,TEU_39_qc_transfer_qc_03,39,,qc_transfer,2
2024-01-01 07:00:00.000000,WAIT_START,TEU_39_qc_load_to_pm_pm_03,39,pm_03,qc_load_to_pm,3
2024-01-01 08:04:00.000000,WAIT_STOP,TEU_39_qc_load_to_pm_pm_03,39,pm_03,qc_load_to_pm,3
2024-01-01 08:04:00.000000,START,TEU_39_qc_load_to_pm_pm_03,39,pm_03,qc_load_to_pm,3
2024-01-01 08:06:00.000000,STOP,TEU_39_qc_load_to_pm_pm_03,39,pm_03,qc_load_to_pm,3
2024-01-01 07:00:00.000000,WAIT_START,TEU_39_qc_travelback_pm_03,39,pm_03,qc_travelback,4
2024-01-01 08:06:00.000000,WAIT_STOP,TEU_39_qc_travelback_pm_03,39,pm_03,qc_travelback,4
2024-01-01 08:06:00.000000,START,TEU_39_qc_travelback_pm_03,39,pm_03,qc_travelback,4
2024-01-01 08:07:00.000000,STOP,TEU_39_qc_travelback_pm_03,39,pm_03,qc_travelback,4
2024-01-01 07:00:00.000000,WAIT_START,TEU_39_pm_travel_to_Yard1_pm_03,39,pm_03,pm_travel_to_yard,5
2024-01-01 08:06:00.000000,WAIT_STOP,TEU_39_pm_travel_to_Yard1_pm_03,39,pm_03,pm_travel_to_yard,5
2024-01-01 08:06:00.000000,START,TEU_39_pm_travel_to_Yard1_pm_03,39,pm_03,pm_travel_to_yard,5
2024-01-01 08:06:12.281792,STOP,TEU_39_pm_travel_to_Yard1_pm_03,39,pm_03,pm_travel_to_yard,5
2024-01-01 07:00:00.000000,WAIT_START,TEU_39_pm_unload_Yard1_pm_03,39,pm_03,pm_unload,6
2024-01-01 08:06:12.281792,WAIT_STOP,TEU_39_pm_unload_Yard1_pm_03,39,pm_03,pm_unload,6
2024-01-01 08:08:12.281792,START,TEU_39_pm_unload_Yard1_pm_03,39,pm_03,pm_unload,6
2024-01-01 08:10:12.281792,STOP,TEU_39_pm_unload_Yard1_pm_03,39,pm_03,pm_unload,6
2024-01-01 07:00:00.000000,WAIT_START,TEU_39_pm_return_pm_03,39,pm_03,pm_return,7
2024-01-01 08:10:12.281792,WAIT_STOP,TEU_39_pm_return_pm_03,39,pm_03,pm_return,7
2024-01-01 08:10:12.281792,START,TEU_39_pm_return_pm_03,39,pm_03,pm_return,7
2024-01-01 08:10:24.563583,STOP,TEU_39_pm_return_pm_03,39,pm_03,pm_return,7
2024-01-01 07:00:00.000000,WAIT_START,TEU_40_qc_pick_qc_01,40,,qc_pick,1
2024-01-01 08:05:00.000000,WAIT_STOP,TEU_40_qc_pick_qc_01,40,,qc_pick,1
2024-01-01 08:05:00.000000,START,TEU_40_qc_pick_qc_01,40,,qc_pick,1
2024-01-01 08:06:00.000000,STOP,TEU_40_qc_pick_qc_01,40,,qc_pick,1
2024-01-01 07:00:00.000000,WAIT_START,TEU_40_qc_transfer_qc_01,40,,qc_transfer,2
2024-01-01 08:06:00.000000,WAIT_STOP,TEU_40_qc_transfer_qc_01,40,,qc_transfer,2
2024-01-01 08:06:00.000000,START,TEU_40_qc_transfer_qc_01,40,,qc_transfer,2
2024-01-01 08:07:00.000000,STOP,TEU_40_qc_transfer_qc_01,40,,qc_transfer,2
2024-01-01 07:00:00.000000,WAIT_START,TEU_40_qc_load_to_pm_pm_04,40,pm_04,qc_load_to_pm,3
2024-01-01 08:07:00.000000,WAIT_STOP,TEU_40_qc_load_to_pm_pm_04,40,pm_04,qc_load_to_pm,3
2024-01-01 08:07:00.000000,START,TEU_40_qc_load_to_pm_pm_04,40,pm_04,qc_load_to_pm,3
2024-01-01 08:09:00.000000,STOP,TEU_40_qc_load_to_pm_pm_04,40,pm_04,qc_load_to_pm,3
2024-01-01 07:00:00.000000,WAIT_START,TEU_40_qc_travelback_pm_04,40,pm_04,qc_travelback,4
2024-01-01 08:09:00.000000,WAIT_STOP,TEU_40_qc_travelback_pm_04,40,pm_04,qc_travelback,4
2024-01-01 08:09:00.000000,START,TEU_40_qc_travelback_pm_04,40,pm_04,qc_travelback,4
2024-01-01 08:10:00.000000,STOP,TEU_40_qc_travelback_pm_04,40,pm_04,qc_travelback,4
2024-01-01 07:00:00.000000,WAIT_START,TEU_40_pm_travel_to_Yard4_pm_04,40,pm_04,pm_travel_to_yard,5
2024-01-01 08:09:00.000000,WAIT_STOP,TEU_40_pm_travel_to_Yard4_pm_04,40,pm_04,pm_travel_to_yard,5
2024-01-01 08:09:00.000000,START,TEU_40_pm_travel_to_Yard4_pm_04,40,pm_04,pm_travel_to_yard,5
2024-01-01 08:09:49.127167,STOP,TEU_40_pm_travel_to_Yard4_pm_04,40,pm_04,pm_travel_to_yard,5
2024-01-01 07:00:00.000000,WAIT_START,TEU_40_pm_unload_Yard4_pm_04,40,pm_04,pm_unload,6
2024-01-01 08:09:49.127167,WAIT_STOP,TEU_40_pm_unload_Yard4_pm_04,40,pm_04,pm_unload,6
2024-01-01 08:09:49.127167,START,TEU_40_pm_unload_Yard4_pm_04,40,pm_04,pm_unload,6
2024-01-01 08:11:49.127167,STOP,TEU_40_pm_unload_Yard4_pm_04,40,pm_04,pm_unload,6
2024-01-01 07:00:00.000000,WAIT_START,TEU_40_pm_return_pm_04,40,pm_04,pm_return,7
2024-01-01 08:11:49.127167,WAIT_STOP,TEU_40_pm_return_pm_04,40,pm_04,pm_return,7
2024-01-01 08:11:49.127167,START,TEU_40_pm_return_pm_04,40,pm_04,pm_return,7
2024-01-01 08:12:38.254333,STOP,TEU_40_pm_return_pm_04,40,pm_04,pm_return,7
2024-01-01 07:00:00.000000,WAIT_START,TEU_41_qc_pick_qc_02,41,,qc_pick,1
2024-01-01 08:06:00.000000,WAIT_STOP,TEU_41_qc_pick_qc_02,41,,qc_pick,1
2024-01-01 08:06:00.000000,START,TEU_41_qc_pick_qc_02,41,,qc_pick,1
2024-01-01 08:07:00.000000,STOP,TEU_41_qc_pick_qc_02,41,,qc_pick,1
2024-01-01 07:00:00.000000,WAIT_START,TEU_41_qc_transfer_qc_02,41,,qc_transfer,2
2024-01-01 08:07:00.000000,WAIT_STOP,TEU_41_qc_transfer_qc_02,41,,qc_transfer,2
2024-01-01 08:07:00.000000,START,TEU_41_qc_transfer_qc_02,41,,qc_transfer,2
2024-01-01 08:08:00.000000,STOP,TEU_41_qc_transfer_qc_02,41,,qc_transfer,2
2024-01-01 07:00:00.000000,WAIT_START,TEU_41_qc_load_to_pm_pm_05,41,pm_05,qc_load_to_pm,3
2024-01-01 08:08:00.000000,WAIT_STOP,TEU_41_qc_load_to_pm_pm_05,41,pm_05,qc_load_to_pm,3
2024-01-01 08:08:00.000000,START,TEU_41_qc_load_to_pm_pm_05,41,pm_05,qc_load_to_pm,3
2024-01-01 08:10:00.000000,STOP,TEU_41_qc_load_to_pm_pm_05,41,pm_05,qc_load_to_pm,3
2024-01-01 07:00:00.000000,WAIT_START,TEU_41_qc_travelback_pm_05,41,pm_05,qc_travelback,4
2024-01-01 08:10:00.000000,WAIT_STOP,TEU_41_qc_travelback_pm_05,41,pm_05,qc_travelback,4
2024-01-01 08:10:00.000000,START,TEU_41_qc_travelback_pm_05,41,pm_05,qc_travelback,4
2024-01-01 08:11:00.000000,STOP,TEU_41_qc_travelback_pm_05,41,pm_05,qc_travelback,4
2024-01-01 07:00:00.000000,WAIT_START,TEU_41_pm_travel_to_Yard1_pm_05,41,pm_05,pm_travel_to_yard,5
2024-01-01 08:10:00.000000,WAIT_STOP,TEU_41_pm_travel_to_Yard1_pm_05,41,pm_05,pm_travel_to_yard,5
2024-01-01 08:10:00.000000,START,TEU_41_pm_travel_to_Yard1_pm_05,41,pm_05,pm_travel_to_yard,5
2024-01-01 08:10:12.281792,STOP,TEU_41_pm_travel_to_Yard1_pm_05,41,pm_05,pm_travel_to_yard,5
2024-01-01 07:00:00.000000,WAIT_START,TEU_41_pm_unload_Yard1_pm_05,41,pm_05,pm_unload,6
2024-01-01 08:10:12.281792,WAIT_STOP,TEU_41_pm_unload_Yard1_pm_05,41,pm_05,pm_unload,6
2024-01-01 08:10:12.281792,START,TEU_41_pm_unload_Yard1_pm_05,41,pm_05,pm_unload,6
2024-01-01 08:12:12.281792,STOP,TEU_41_pm_unload_Yard1_pm_05,41,pm_05,pm_unload,6
2024-01-01 07:00:00.000000,WAIT_START,TEU_41_pm_return_pm_05,41,pm_05,pm_return,7
2024-01-01 08:12:12.281792,WAIT_STOP,TEU_41_pm_return_pm_05,41,pm_05,pm_return,7
2024-01-01 08:12:12.281792,START,TEU_41_pm_return_pm_05,41,pm_05,pm_return,7
2024-01-01 08:12:24.563583,STOP,TEU_41_pm_return_pm_05,41,pm_05,pm_return,7
2024-01-01 07:00:00.000000,WAIT_START,TEU_42_qc_pick_qc_03,42,,qc_pick,1
2024-01-01 08:07:00.000000,WAIT_STOP,TEU_42_qc_pick_qc_03,42,,qc_pick,1
2024-01-01 08:07:00.000000,START,TEU_42_qc_pick_qc_03,42,,qc_pick,1
2024-01-01 08:08:00.000000,STOP,TEU_42_qc_pick_qc_03,42,,qc_pick,1
2024-01-01 07:00:00.000000,WAIT_START,TEU_42_qc_transfer_qc_03,42,,qc_transfer,2
2024-01-01 08:08:00.000000,WAIT_STOP,TEU_42_qc_transfer_qc_03,42,,qc_transfer,2
2024-01-01 08:08:00.000000,START,TEU_42_qc_transfer_qc_03,42,,qc_transfer,2
2024-01-01 08:09:00.000000,STOP,TEU_42_qc_transfer_qc_03,42,,qc_transfer,2
2024-01-01 07:00:00.000000,WAIT_START,TEU_42_qc_load_to_pm_pm_06,42,pm_06,qc_load_to_pm,3
2024-01-01 08:09:00.000000,WAIT_STOP,TEU_42_qc_load_to_pm_pm_06,42,pm_06,qc_load_to_pm,3
2024-01-01 08:09:00.000000,START,TEU_42_qc_load_to_pm_pm_06,42,pm_06,qc_load_to_pm,3
2024-01-01 08:11:00.000000,STOP,TEU_42_qc_load_to_pm_pm_06,42,pm_06,qc_load_to_pm,3
2024-01-01 07:00:00.000000,WAIT_START,TEU_42_qc_travelback_pm_06,42,pm_06,qc_travelback,4
2024-01-01 08:11:00.000000,WAIT_STOP,TEU_42_qc_travelback_pm_06,42,pm_06,qc_travelback,4
2024-01-01 08:11:00.000000,START,TEU_42_qc_travelback_pm_06,42,pm_06,qc_travelback,4
2024-01-01 08:12:00.000000,STOP,TEU_42_qc_travelback_pm_06,42,pm_06,qc_travelback,4
2024-01-01 07:00:00.000000,WAIT_START,TEU_42_pm_travel_to_Yard1_pm_06,42,pm_06,pm_travel_to_yard,5
2024-01-01 08:11:00.000000,WAIT_STOP,TEU_42_pm_travel_to_Yard1_pm_06,42,pm_06,pm_travel_to_yard,5
2024-01-01 08:11:00.000000,START,TEU_42_pm_travel_to_Yard1_pm_06,42,pm_06,pm_travel_to_yard,5
2024-01-01 08:11:12.281792,STOP,TEU_42_pm_travel_to_Yard1_pm_06,42,pm_06,pm_travel_to_yard,5
2024-01-01 07:00:00.000000,WAIT_START,TEU_42_pm_unload_Yard1_pm_06,42,pm_06,pm_unload,6
2024-01-01 08:11:12.281792,WAIT_STOP,TEU_42_pm_unload_Yard1_pm_06,42,pm_06,pm_unload,6
2024-01-01 08:12:12.281792,START,TEU_42_pm_unload_Yard1_pm_06,42,pm_06,pm_unload,6
2024-01-01 08:14:12.281792,STOP,TEU_42_pm_unload_Yard1_pm_06,42,pm_06,pm_unload,6
2024-01-01 07:00:00.000000,WAIT_START,TEU_42_pm_return_pm_06,42,pm_06,pm_return,7
2024-01-01 08:14:12.281792,WAIT_STOP,TEU_42_pm_return_pm_06,42,pm_06,pm_return,7
2024-01-01 08:14:12.281792,START,TEU_42_pm_return_pm_06,42,pm_06,pm_return,7
2024-01-01 08:14:24.563583,STOP,TEU_42_pm_return_pm_06,42,pm_06,pm_return,7
2024-01-01 07:00:00.000000,WAIT_START,TEU_43_qc_pick_qc_01,43,,qc_pick,1
2024-01-01 08:10:00.000000,WAIT_STOP,TEU_43_qc_pick_qc_01,43,,qc_pick,1
2024-01-01 08:10:00.000000,START,TEU_43_qc_pick_qc_01,43,,qc_pick,1
2024-01-01 08:11:00.000000,STOP,TEU_43_qc_pick_qc_01,43,,qc_pick,1
2024-01-01 07:00:00.000000,WAIT_START,TEU_43_qc_transfer_qc_01,43,,qc_transfer,2
2024-01-01 08:11:00.000000,WAIT_STOP,TEU_43_qc_transfer_qc_01,43,,qc_transfer,2
2024-01-01 08:11:00.000000,START,TEU_43_qc_transfer_qc_01,43,,qc_transfer,2
2024-01-01 08:12:00.000000,STOP,TEU_43_qc_transfer_qc_01,43,,qc_transfer,2
2024-01-01 07:00:00.000000,WAIT_START,TEU_43_qc_load_to_pm_pm_07,43,pm_07,qc_load_to_pm,3
2024-01-01 08:12:00.000000,WAIT_STOP,TEU_43_qc_load_to_pm_pm_07,43,pm_07,qc_load_to_pm,3
2024-01-01 08:12:00.000000,START,TEU_43_qc_load_to_pm_pm_07,43,pm_07,qc_load_to_pm,3
2024-01-01 08:14:00.000000,STOP,TEU_43_qc_load_to_pm_pm_07,43,pm_07,qc_load_to_pm,3
2024-01-01 07:00:00.000000,WAIT_START,TEU_43_qc_travelback_pm_07,43,pm_07,qc_travelback,4
2024-01-01 08:14:00.000000,WAIT_STOP,TEU_43_qc_travelback_pm_07,43,pm_07,qc_travelback,4
2024-01-01 08:14:00.000000,START,TEU_43_qc_travelback_pm_07,43,pm_07,qc_travelback,4
2024-01-01 08:15:00.000000,STOP,TEU_43_qc_travelback_pm_07,43,pm_07,qc_travelback,4
2024-01-01 07:00:00.000000,WAIT_START,TEU_43_pm_travel_to_Yard4_pm_07,43,pm_07,pm_travel_to_yard,5
2024-01-01 08:14:00.000000,WAIT_STOP,TEU_43_pm_travel_to_Yard4_pm_07,43,pm_07,pm_travel_to_yard,5
2024-01-01 08:14:00.000000,START,TEU_43_pm_travel_to_Yard4_pm_07,43,pm_07,pm_travel_to_yard,5
2024-01-01 08:14:49.127167,STOP,TEU_43_pm_travel_to_Yard4_pm_07,43,pm_07,pm_travel_to_yard,5
2024-01-01 07:00:00.000000,WAIT_START,TEU_43_pm_unload_Yard4_pm_07,43,pm_07,pm_unload,6
2024-01-01 08:14:49.127167,WAIT_STOP,TEU_43_pm_unload_Yard4_pm_07,43,pm_07,pm_unload,6
2024-01-01 08:14:49.127167,START,TEU_43_pm_unload_Yard4_pm_07,43,pm_07,pm_unload,6
2024-01-01 08:16:49.127167,STOP,TEU_43_pm_unload_Yard4_pm_07,43,pm_07,pm_unload,6
2024-01-01 07:00:00.000000,WAIT_START,TEU_43_pm_return_pm_07,43,pm_07,pm_return,7
2024-01-01 08:16:49.127167,WAIT_STOP,TEU_43_pm_return_pm_07,43,pm_07,pm_return,7
2024-01-01 08:16:49.127167,START,TEU_43_pm_return_pm_07,43,pm_07,pm_return,7
2024-01-01 08:17:38.254333,STOP,TEU_43_pm_return_pm_07,43,pm_07,pm_return,7
2024-01-01 07:00:00.000000,WAIT_START,TEU_44_qc_pick_qc_02,44,,qc_pick,1
2024-01-01 08:11:00.000000,WAIT_STOP,TEU_44_qc_pick_qc_02,44,,qc_pick,1
2024-01-01 08:11:00.000000,START,TEU_44_qc_pick_qc_02,44,,qc_pick,1
2024-01-01 08:12:00.000000,STOP,TEU_44_qc_pick_qc_02,44,,qc_pick,1
2024-01-01 07:00:00.000000,WAIT_START,TEU_44_qc_transfer_qc_02,44,,qc_transfer,2
2024-01-01 08:12:00.000000,WAIT_STOP,TEU_44_qc_transfer_qc_02,44,,qc_transfer,2
2024-01-01 08:12:00.000000,START,TEU_44_qc_transfer_qc_02,44,,qc_transfer,2
2024-01-01 08:13:00.000000,STOP,TEU_44_qc_transfer_qc_02,44,,qc_transfer,2
2024-01-01 07:00:00.000000,WAIT_START,TEU_44_qc_load_to_pm_pm_08,44,pm_08,qc_load_to_pm,3
2024-01-01 08:13:00.000000,WAIT_STOP,TEU_44_qc_load_to_pm_pm_08,44,pm_08,qc_load_to_pm,3
2024-01-01 08:13:00.000000,START,TEU_44_qc_load_to_pm_pm_08,44,pm_08,qc_load_to_pm,3
2024-01-01 08:15:00.000000,STOP,TEU_44_qc_load_to_pm_pm_08,44,pm_08,qc_load_to_pm,3
2024-01-01 07:00:00.000000,WAIT_START,TEU_44_qc_travelback_pm_08,44,pm_08,qc_travelback,4
2024-01-01 08:15:00.000000,WAIT_STOP,TEU_44_qc_travelback_pm_08,44,pm_08,qc_travelback,4
2024-01-01 08:15:00.000000,START,TEU_44_qc_travelback_pm_08,44,pm_08,qc_travelback,4
2024-01-01 08:16:00.000000,STOP,TEU_44_qc_travelback_pm_08,44,pm_08,qc_travelback,4
2024-01-01 07:00:00.000000,WAIT_START,TEU_44_pm_travel_to_Yard4_pm_08,44,pm_08,pm_travel_to_yard,5
2024-01-01 08:15:00.000000,WAIT_STOP,TEU_44_pm_travel_to_Yard4_pm_08,44,pm_08,pm_travel_to_yard,5
2024-01-01 08:15:00.000000,START,TEU_44_pm_travel_to_Yard4_pm_08,44,pm_08,pm_travel_to_yard,5
2024-01-01 08:15:49.127167,STOP,TEU_44_pm_travel_to_Yard4_pm_08,44,pm_08,pm_travel_to_yard,5
2024-01-01 07:00:00.000000,WAIT_START,TEU_44_pm_unload_Yard4_pm_08,44,pm_08,pm_unload,6
2024-01-01 08:15:49.127167,WAIT_STOP,TEU_44_pm_unload_Yard4_pm_08,44,pm_08,pm_unload,6
2024-01-01 08:16:49.127167,START,TEU_44_pm_unload_Yard4_pm_08,44,pm_08,pm_unload,6
2024-01-01 08:18:49.127167,STOP,TEU_44_pm_unload_Yard4_pm_08,44,pm_08,pm_unload,6
2024-01-01 07:00:00.000000,WAIT_START,TEU_44_pm_return_pm_08,44,pm_08,pm_return,7
2024-01-01 08:18:49.127167,WAIT_STOP,TEU_44_pm_return_pm_08,44,pm_08,pm_return,7
2024-01-01 08:18:49.127167,START,TEU_44_pm_return_pm_08,44,pm_08,pm_return,7
2024-01-01 08:19:38.254333,STOP,TEU_44_pm_return_pm_08,44,pm_08,pm_return,7
2024-01-01 07:00:00.000000,WAIT_START,TEU_45_qc_pick_qc_03,45,,qc_pick,1
2024-01-01 08:12:00.000000,WAIT_STOP,TEU_45_qc_pick_qc_03,45,,qc_pick,1
2024-01-01 08:12:00.000000,START,TEU_45_qc_pick_qc_03,45,,qc_pick,1
2024-01-01 08:13:00.000000,STOP,TEU_45_qc_pick_qc_03,45,,qc_pick,1
2024-01-01 07:00:00.000000,WAIT_START,TEU_45_qc_transfer_qc_03,45,,qc_transfer,2
2024-01-01 08:13:00.000000,WAIT_STOP,TEU_45_qc_transfer_qc_03,45,,qc_transfer,2
2024-01-01 08:13:00.000000,START,TEU_45_qc_transfer_qc_03,45,,qc_transfer,2
2024-01-01 08:14:00.000000,STOP,TEU_45_qc_transfer_qc_03,45,,qc_transfer,2
2024-01-01 07:00:00.000000,WAIT_START,TEU_45_qc_load_to_pm_pm_09,45,pm_09,qc_load_to_pm,3
2024-01-01 08:14:00.000000,WAIT_STOP,TEU_45_qc_load_to_pm_pm_09,45,pm_09,qc_load_to_pm,3
2024-01-01 08:14:00.000000,START,TEU_45_qc_load_to_pm_pm_09,45,pm_09,qc_load_to_pm,3
2024-01-01 08:16:00.000000,STOP,TEU_45_qc_load_to_pm_pm_09,45,pm_09,qc_load_to_pm,3
2024-01-01 07:00:00.000000,WAIT_START,TEU_45_qc_travelback_pm_09,45,pm_09,qc_travelback,4
2024-01-01 08:16:00.000000,WAIT_STOP,TEU_45_qc_travelback_pm_09,45,pm_09,qc_travelback,4
2024-01-01 08:16:00.000000,START,TEU_45_qc_travelback_pm_09,45,pm_09,qc_travelback,4
2024-01-01 08:17:00.000000,STOP,TEU_45_qc_travelback_pm_09,45,pm_09,qc_travelback,4
2024-01-01 07:00:00.000000,WAIT_START,TEU_45_pm_travel_to_Yard1_pm_09,45,pm_09,pm_travel_to_yard,5
2024-01-01 08:16:00.000000,WAIT_STOP,TEU_45_pm_travel_to_Yard1_pm_09,45,pm_09,pm_travel_to_yard,5
2024-01-01 08:16:00.000000,START,TEU_45_pm_travel_to_Yard1_pm_09,45,pm_09,pm_travel_to_yard,5
2024-01-01 08:16:12.281792,STOP,TEU_45_pm_travel_to_Yard1_pm_09,45,pm_09,pm_travel_to_yard,5
2024-01-01 07:00:00.000000,WAIT_START,TEU_45_pm_unload_Yard1_pm_09,45,pm_09,pm_unload,6
2024-01-01 08:16:12.281792,WAIT_STOP,TEU_45_pm_unload_Yard1_pm_09,45,pm_09,pm_unload,6
2024-01-01 08:16:12.281792,START,TEU_45_pm_unload_Yard1_pm_09,45,pm_09,pm_unload,6
2024-01-01 08:18:12.281792,STOP,TEU_45_pm_unload_Yard1_pm_09,45,pm_09,pm_unload,6
2024-01-01 07:00:00.000000,WAIT_START,TEU_45_pm_return_pm_09,45,pm_09,pm_return,7
2024-01-01 08:18:12.281792,WAIT_STOP,TEU_45_pm_return_pm_09,45,pm_09,pm_return,7
2024-01-01 08:18:12.281792,START,TEU_45_pm_return_pm_09,45,pm_09,pm_return,7
2024-01-01 08:18:24.563583,STOP,TEU_45_pm_return_pm_09,45,pm_09,pm_return,7
2024-01-01 07:00:00.000000,WAIT_START,TEU_46_qc_pick_qc_01,46,,qc_pick,1
2024-01-01 08:15:00.000000,WAIT_STOP,TEU_46_qc_pick_qc_01,46,,qc_pick,1
2024-01-01 08:15:00.000000,START,TEU_46_qc_pick_qc_01,46,,qc_pick,1
2024-01-01 08:16:00.000000,STOP,TEU_46_qc_pick_qc_01,46,,qc_pick,1
2024-01-01 07:00:00.000000,WAIT_START,TEU_46_qc_transfer_qc_01,46,,qc_transfer,2
2024-01-01 08:16:00.000000,WAIT_STOP,TEU_46_qc_transfer_qc_01,46,,qc_transfer,2
2024-01-01 08:16:00.000000,START,TEU_46_qc_transfer_qc_01,46,,qc_transfer,2
2024-01-01 08:17:00.000000,STOP,TEU_46_qc_transfer_qc_01,46,,qc_transfer,2
2024-01-01 07:00:00.000000,WAIT_START,TEU_46_qc_load_to_pm_pm_01,46,pm_01,qc_load_to_pm,3
2024-01-01 08:17:00.000000,WAIT_STOP,TEU_46_qc_load_to_pm_pm_01,46,pm_01,qc_load_to_pm,3
2024-01-01 08:17:00.000000,START,TEU_46_qc_load_to_pm_pm_01,46,pm_01,qc_load_to_pm,3
2024-01-01 08:19:00.000000,STOP,TEU_46_qc_load_to_pm_pm_01,46,pm_01,qc_load_to_pm,3
2024-01-01 07:00:00.000000,WAIT_START,TEU_46_qc_travelback_pm_01,46,pm_01,qc_travelback,4
2024-01-01 08:19:00.000000,WAIT_STOP,TEU_46_qc_travelback_pm_01,46,pm_01,qc_travelback,4
2024-01-01 08:19:00.000000,START,TEU_46_qc_travelback_pm_01,46,pm_01,qc_travelback,4
2024-01-01 08:20:00.000000,STOP,TEU_46_qc_travelback_pm_01,46,pm_01,qc_travelback,4
2024-01-01 07:00:00.000000,WAIT_START,TEU_46_pm_travel_to_Yard1_pm_01,46,pm_01,pm_travel_to_yard,5
2024-01-01 08:19:00.000000,WAIT_STOP,TEU_46_pm_travel_to_Yard1_pm_01,46,pm_01,pm_travel_to_yard,5
2024-01-01 08:19:00.000000,START,TEU_46_pm_travel_to_Yard1_pm_01,46,pm_01,pm_travel_to_yard,5
2024-01-01 08:19:12.281792,STOP,TEU_46_pm_travel_to_Yard1_pm_01,46,pm_01,pm_travel_to_yard,5
2024-01-01 07:00:00.000000,WAIT_START,TEU_46_pm_unload_Yard1_pm_01,46,pm_01,pm_unload,6
2024-01-01 08:19:12.281792,WAIT_STOP,TEU_46_pm_unload_Yard1_pm_01,46,pm_01,pm_unload,6
2024-01-01 08:19:12.281792,START,TEU_46_pm_unload_Yard1_pm_01,46,pm_01,pm_unload,6
2024-01-01 08:21:12.281792,STOP,TEU_46_pm_unload_Yard1_pm_01,46,pm_01,pm_unload,6
2024-01-01 07:00:00.000000,WAIT_START,TEU_46_pm_return_pm_01,46,pm_01,pm_return,7
2024-01-01 08:21:12.281792,WAIT_STOP,TEU_46_pm_return_pm_01,46,pm_01,pm_return,7
2024-01-01 08:21:12.281792,START,TEU_46_pm_return_pm_01,46,pm_01,pm_return,7
2024-01-01 08:21:24.563583,STOP,TEU_46_pm_return_pm_01,46,pm_01,pm_return,7
2024-01-01 07:00:00.000000,WAIT_START,TEU_47_qc_pick_qc_02,47,,qc_pick,1
2024-01-01 08:16:00.000000,WAIT_STOP,TEU_47_qc_pick_qc_02,47,,qc_pick,1
2024-01-01 08:16:00.000000,START,TEU_47_qc_pick_qc_02,47,,qc_pick,1
2024-01-01 08:17:00.000000,STOP,TEU_47_qc_pick_qc_02,47,,qc_pick,1
2024-01-01 07:00:00.000000,WAIT_START,TEU_47_qc_transfer_qc_02,47,,qc_transfer,2
2024-01-01 08:17:00.000000,WAIT_STOP,TEU_47_qc_transfer_qc_02,47,,qc_transfer,2
2024-01-01 08:17:00.000000,START,TEU_47_qc_transfer_qc_02,47,,qc_transfer,2
2024-01-01 08:18:00.000000,STOP,TEU_47_qc_transfer_qc_02,47,,qc_transfer,2
2024-01-01 07:00:00.000000,WAIT_START,TEU_47_qc_load_to_pm_pm_02,47,pm_02,qc_load_to_pm,3
2024-01-01 08:18:00.000000,WAIT_STOP,TEU_47_qc_load_to_pm_pm_02,47,pm_02,qc_load_to_pm,3
2024-01-01 08:18:00.000000,START,TEU_47_qc_load_to_pm_pm_02,47,pm_02,qc_load_to_pm,3
2024-01-01 08:20:00.000000,STOP,TEU_47_qc_load_to_pm_pm_02,47,pm_02,qc_load_to_pm,3
2024-01-01 07:00:00.000000,WAIT_START,TEU_47_qc_travelback_pm_02,47,pm_02,qc_travelback,4
2024-01-01 08:20:00.000000,WAIT_STOP,TEU_47_qc_travelback_pm_02,47,pm_02,qc_travelback,4
2024-01-01 08:20:00.000000,START,TEU_47_qc_travelback_pm_02,47,pm_02,qc_travelback,4
2024-01-01 08:21:00.000000,STOP,TEU_47_qc_travelback_pm_02,47,pm_02,qc_travelback,4
2024-01-01 07:00:00.000000,WAIT_START,TEU_47_pm_travel_to_Yard1_pm_02,47,pm_02,pm_travel_to_yard,5
2024-01-01 08:20:00.000000,WAIT_STOP,TEU_47_pm_travel_to_Yard1_pm_02,47,pm_02,pm_travel_to_yard,5
2024-01-01 08:20:00.000000,START,TEU_47_pm_travel_to_Yard1_pm_02,47,pm_02,pm_travel_to_yard,5
2024-01-01 08:20:12.281792,STOP,TEU_47_pm_travel_to_Yard1_pm_02,47,pm_02,pm_travel_to_yard,5
2024-01-01 07:00:00.000000,WAIT_START,TEU_47_pm_unload_Yard1_pm_02,47,pm_02,pm_unload,6
2024-01-01 08:20:12.281792,WAIT_STOP,TEU_47_pm_unload_Yard1_pm_02,47,pm_02,pm_unload,6
2024-01-01 08:21:12.281792,START,TEU_47_pm_unload_Yard1_pm_02,47,pm_02,pm_unload,6
2024-01-01 08:23:12.281792,STOP,TEU_47_pm_unload_Yard1_pm_02,47,pm_02,pm_unload,6
2024-01-01 07:00:00.000000,WAIT_START,TEU_47_pm_return_pm_02,47,pm_02,pm_return,7
2024-01-01 08:23:12.281792,WAIT_STOP,TEU_47_pm_return_pm_02,47,pm_02,pm_return,7
2024-01-01 08:23:12.281792,START,TEU_47_pm_return_pm_02,47,pm_02,pm_return,7
2024-01-01 08:23:24.563583,STOP,TEU_47_pm_return_pm_02,47,pm_02,pm_return,7
2024-01-01 07:00:00.000000,WAIT_START,TEU_48_qc_pick_qc_03,48,,qc_pick,1
2024-01-01 08:17:00.000000,WAIT_STOP,TEU_48_qc_pick_qc_03,48,,qc_pick,1
2024-01-01 08:17:00.000000,START,TEU_48_qc_pick_qc_03,48,,qc_pick,1
2024-01-01 08:18:00.000000,STOP,TEU_48_qc_pick_qc_03,48,,qc_pick,1
2024-01-01 07:00:00.000000,WAIT_START,TEU_48_qc_transfer_qc_03,48,,qc_transfer,2
2024-01-01 08:18:00.000000,WAIT_STOP,TEU_48_qc_transfer_qc_03,48,,qc_transfer,2
2024-01-01 08:18:00.000000,START,TEU_48_qc_transfer_qc_03,48,,qc_transfer,2
2024-01-01 08:19:00.000000,STOP,TEU_48_qc_transfer_qc_03,48,,qc_transfer,2
2024-01-01 07:00:00.000000,WAIT_START,TEU_48_qc_load_to_pm_pm_03,48,pm_03,qc_load_to_pm,3
2024-01-01 08:19:00.000000,WAIT_STOP,TEU_48_qc_load_to_pm_pm_03,48,pm_03,qc_load_to_pm,3
2024-01-01 08:19:00.000000,START,TEU_48_qc_load_to_pm_pm_03,48,pm_03,qc_load_to_pm,3
2024-01-01 08:21:00.000000,STOP,TEU_48_qc_load_to_pm_pm_03,48,pm_03,qc_load_to_pm,3
2024-01-01 07:00:00.000000,WAIT_START,TEU_48_qc_travelback_pm_03,48,pm_03,qc_travelback,4
2024-01-01 08:21:00.000000,WAIT_STOP,TEU_48_qc_travelback_pm_03,48,pm_03,qc_travelback,4
2024-01-01 08:21:00.000000,START,TEU_48_qc_travelback_pm_03,48,pm_03,qc_travelback,4
2024-01-01 08:22:00.000000,STOP,TEU_48_qc_travelback_pm_03,48,pm_03,qc_travelback,4
2024-01-01 07:00:00.000000,WAIT_START,TEU_48_pm_travel_to_Yard1_pm_03,48,pm_03,pm_travel_to_yard,5
2024-01-01 08:21:00.000000,WAIT_STOP,TEU_48_pm_travel_to_Yard1_pm_03,48,pm_03,pm_travel_to_yard,5
2024-01-01 08:21:00.000000,START,TEU_48_pm_travel_to_Yard1_pm_03,48,pm_03,pm_travel_to_yard,5
2024-01-01 08:21:12.281792,STOP,TEU_48_pm_travel_to_Yard1_pm_03,48,pm_03,pm_travel_to_yard,5
2024-01-01 07:00:00.000000,WAIT_START,TEU_48_pm_unload_Yard1_pm_03,48,pm_03,pm_unload,6
2024-01-01 08:21:12.281792,WAIT_STOP,TEU_48_pm_unload_Yard1_pm_03,48,pm_03,pm_unload,6
2024-01-01 08:23:12.281792,START,TEU_48_pm_unload_Yard1_pm_03,48,pm_03,pm_unload,6
2024-01-01 08:25:12.281792,STOP,TEU_48_pm_unload_Yard1_pm_03,48,pm_03,pm_unload,6
2024-01-01 07:00:00.000000,WAIT_START,TEU_48_pm_return_pm_03,48,pm_03,pm_return,7
2024-01-01 08:25:12.281792,WAIT_STOP,TEU_48_pm_return_pm_03,48,pm_03,pm_return,7
2024-01-01 08:25:12.281792,START,TEU_48_pm_return_pm_03,48,pm_03,pm_return,7
2024-01-01 08:25:24.563583,STOP,TEU_48_pm_return_pm_03,48,pm_03,pm_return,7
2024-01-01 07:00:00.000000,WAIT_START,TEU_49_qc_pick_qc_01,49,,qc_pick,1
2024-01-01 08:20:00.000000,WAIT_STOP,TEU_49_qc_pick_qc_01,49,,qc_pick,1
2024-01-01 08:20:00.000000,START,TEU_49_qc_pick_qc_01,49,,qc_pick,1
2024-01-01 08:21:00.000000,STOP,TEU_49_qc_pick_qc_01,49,,qc_pick,1
2024-01-01 07:00:00.000000,WAIT_START,TEU_49_qc_transfer_qc_01,49,,qc_transfer,2
2024-01-01 08:21:00.000000,WAIT_STOP,TEU_49_qc_transfer_qc_01,49,,qc_transfer,2
2024-01-01 08:21:00.000000,START,TEU_49_qc_transfer_qc_01,49,,qc_transfer,2
2024-01-01 08:22:00.000000,STOP,TEU_49_qc_transfer_qc_01,49,,qc_transfer,2
2024-01-01 07:00:00.000000,WAIT_START,TEU_49_qc_load_to_pm_pm_04,49,pm_04,qc_load_to_pm,3
2024-01-01 08:22:00.000000,WAIT_STOP,TEU_49_qc_load_to_pm_pm_04,49,pm_04,qc_load_to_pm,3
2024-01-01 08:22:00.000000,START,TEU_49_qc_load_to_pm_pm_04,49,pm_04,qc_load_to_pm,3
2024-01-01 08:24:00.000000,STOP,TEU_49_qc_load_to_pm_pm_04,49,pm_04,qc_load_to_pm,3
2024-01-01 07:00:00.000000,WAIT_START,TEU_49_qc_travelback_pm_04,49,pm_04,qc_travelback,4
2024-01-01 08:24:00.000000,WAIT_STOP,TEU_49_qc_travelback_pm_04,49,pm_04,qc_travelback,4
2024-01-01 08:24:00.000000,START,TEU_49_qc_travelback_pm_04,49,pm_04,qc_travelback,4
2024-01-01 08:25:00.000000,STOP,TEU_49_qc_travelback_pm_04,49,pm_04,qc_travelback,4
2024-01-01 07:00:00.000000,WAIT_START,TEU_49_pm_travel_to_Yard1_pm_04,49,pm_04,pm_travel_to_yard,5
2024-01-01 08:24:00.000000,WAIT_STOP,TEU_49_pm_travel_to_Yard1_pm_04,49,pm_04,pm_travel_to_yard,5
2024-01-01 08:24:00.000000,START,TEU_49_pm_travel_to_Yard1_pm_04,49,pm_04,pm_travel_to_yard,5
2024-01-01 08:24:12.281792,STOP,TEU_49_pm_travel_to_Yard1_pm_04,49,pm_04,pm_travel_to_yard,5
2024-01-01 07:00:00.000000,WAIT_START,TEU_49_pm_unload_Yard1_pm_04,49,pm_04,pm_unload,6
2024-01-01 08:24:12.281792,WAIT_STOP,TEU_49_pm_unload_Yard1_pm_04,49,pm_04,pm_unload,6
2024-01-01 08:25:12.281792,START,TEU_49_pm_unload_Yard1_pm_04,49,pm_04,pm_unload,6
2024-01-01 08:27:12.281792,STOP,TEU_49_pm_unload_Yard1_pm_04,49,pm_04,pm_unload,6
2024-01-01 07:00:00.000000,WAIT_START,TEU_49_pm_return_pm_04,49,pm_04,pm_return,7
2024-01-01 08:27:12.281792,WAIT_STOP,TEU_49_pm_return_pm_04,49,pm_04,pm_return,7
2024-01-01 08:27:12.281792,START,TEU_49_pm_return_pm_04,49,pm_04,pm_return,7
2024-01-01 08:27:24.563583,STOP,TEU_49_pm_return_pm_04,49,pm_04,pm_return,7
2024-01-01 07:00:00.000000,WAIT_START,TEU_50_qc_pick_qc_02,50,,qc_pick,1
2024-01-01 08:21:00.000000,WAIT_STOP,TEU_50_qc_pick_qc_02,50,,qc_pick,1
2024-01-01 08:21:00.000000,START,TEU_50_qc_pick_qc_02,50,,qc_pick,1
2024-01-01 08:22:00.000000,STOP,TEU_50_qc_pick_qc_02,50,,qc_pick,1
2024-01-01 07:00:00.000000,WAIT_START,TEU_50_qc_transfer_qc_02,50,,qc_transfer,2
2024-01-01 08:22:00.000000,WAIT_STOP,TEU_50_qc_transfer_qc_02,50,,qc_transfer,2
2024-01-01 08:22:00.000000,START,TEU_50_qc_transfer_qc_02,50,,qc_transfer,2
2024-01-01 08:23:00.000000,STOP,TEU_50_qc_transfer_qc_02,50,,qc_transfer,2
2024-01-01 07:00:00.000000,WAIT_START,TEU_50_qc_load_to_pm_pm_05,50,pm_05,qc_load_to_pm,3
2024-01-01 08:23:00.000000,WAIT_STOP,TEU_50_qc_load_to_pm_pm_05,50,pm_05,qc_load_to_pm,3
2024-01-01 08:23:00.000000,START,TEU_50_qc_load_to_pm_pm_05,50,pm_05,qc_load_to_pm,3
2024-01-01 08:25:00.000000,STOP,TEU_50_qc_load_to_pm_pm_05,50,pm_05,qc_load_to_pm,3
2024-01-01 07:00:00.000000,WAIT_START,TEU_50_qc_travelback_pm_05,50,pm_05,qc_travelback,4
2024-01-01 08:25:00.000000,WAIT_STOP,TEU_50_qc_travelback_pm_05,50,pm_05,qc_travelback,4
2024-01-01 08:25:00.000000,START,TEU_50_qc_travelback_pm_05,50,pm_05,qc_travelback,4
2024-01-01 08:26:00.000000,STOP,TEU_50_qc_travelback_pm_05,50,pm_05,qc_travelback,4
2024-01-01 07:00:00.000000,WAIT_START,TEU_50_pm_travel_to_Yard1_pm_05,50,pm_05,pm_travel_to_yard,5
2024-01-01 08:25:00.000000,WAIT_STOP,TEU_50_pm_travel_to_Yard1_pm_05,50,pm_05,pm_travel_to_yard,5
2024-01-01 08:25:00.000000,START,TEU_50_pm_travel_to_Yard1_pm_05,50,pm_05,pm_travel_to_yard,5
2024-01-01 08:25:12.281792,STOP,TEU_50_pm_travel_to_Yard1_pm_05,50,pm_05,pm_travel_to_yard,5
2024-01-01 07:00:00.000000,WAIT_START,TEU_50_pm_unload_Yard1_pm_05,50,pm_05,pm_unload,6
2024-01-01 08:25:12.281792,WAIT_STOP,TEU_50_pm_unload_Yard1_pm_05,50,pm_05,pm_unload,6
2024-01-01 08:27:12.281792,START,TEU_50_pm_unload_Yard1_pm_05,50,pm_05,pm_unload,6
2024-01-01 08:29:12.281792,STOP,TEU_50_pm_unload_Yard1_pm_05,50,pm_05,pm_unload,6
2024-01-01 07:00:00.000000,WAIT_START,TEU_50_pm_return_pm_05,50,pm_05,pm_return,7
2024-01-01 08:29:12.281792,WAIT_STOP,TEU_50_pm_return_pm_05,50,pm_05,pm_return,7
2024-01-01 08:29:12.281792,START,TEU_50_pm_return_pm_05,50,pm_05,pm_return,7
2024-01-01 08:29:24.563583,STOP,TEU_50_pm_return_pm_05,50,pm_05,pm_return,7
2024-01-01 07:00:00.000000,WAIT_START,TEU_51_qc_pick_qc_03,51,,qc_pick,1
2024-01-01 08:22:00.000000,WAIT_STOP,TEU_51_qc_pick_qc_03,51,,qc_pick,1
2024-01-01 08:22:00.000000,START,TEU_51_qc_pick_qc_03,51,,qc_pick,1
2024-01-01 08:23:00.000000,STOP,TEU_51_qc_pick_qc_03,51,,qc_pick,1
2024-01-01 07:00:00.000000,WAIT_START,TEU_51_qc_transfer_qc_03,51,,qc_transfer,2
2024-01-01 08:23:00.000000,WAIT_STOP,TEU_51_qc_transfer_qc_03,51,,qc_transfer,2
2024-01-01 08:23:00.000000,START,TEU_51_qc_transfer_qc_03,51,,qc_transfer,2
2024-01-01 08:24:00.000000,STOP,TEU_51_qc_transfer_qc_03,51,,qc_transfer,2
2024-01-01 07:00:00.000000,WAIT_START,TEU_51_qc_load_to_pm_pm_06,51,pm_06,qc_load_to_pm,3
2024-01-01 08:24:00.000000,WAIT_STOP,TEU_51_qc_load_to_pm_pm_06,51,pm_06,qc_load_to_pm,3
2024-01-01 08:24:00.000000,START,TEU_51_qc_load_to_pm_pm_06,51,pm_06,qc_load_to_pm,3
2024-01-01 08:26:00.000000,STOP,TEU_51_qc_load_to_pm_pm_06,51,pm_06,qc_load_to_pm,3
2024-01-01 07:00:00.000000,WAIT_START,TEU_51_qc_travelback_pm_06,51,pm_06,qc_travelback,4
2024-01-01 08:26:00.000000,WAIT_STOP,TEU_51_qc_travelback_pm_06,51,pm_06,qc_travelback,4
2024-01-01 08:26:00.000000,START,TEU_51_qc_travelback_pm_06,51,pm_06,qc_travelback,4
2024-01-01 08:27:00.000000,STOP,TEU_51_qc_travelback_pm_06,51,pm_06,qc_travelback,4
2024-01-01 07:00:00.000000,WAIT_START,TEU_51_pm_travel_to_Yard4_pm_06,51,pm_06,pm_travel_to_yard,5
2024-01-01 08:26:00.000000,WAIT_STOP,TEU_51_pm_travel_to_Yard4_pm_06,51,pm_06,pm_travel_to_yard,5
2024-01-01 08:26:00.000000,START,TEU_51_pm_travel_to_Yard4_pm_06,51,pm_06,pm_travel_to_yard,5
2024-01-01 08:26:49.127167,STOP,TEU_51_pm_travel_to_Yard4_pm_06,51,pm_06,pm_travel_to_yard,5
2024-01-01 07:00:00.000000,WAIT_START,TEU_51_pm_unload_Yard4_pm_06,51,pm_06,pm_unload,6
2024-01-01 08:26:49.127167,WAIT_STOP,TEU_51_pm_unload_Yard4_pm_06,51,pm_06,pm_unload,6
2024-01-01 08:26:49.127167,START,TEU_51_pm_unload_Yard4_pm_06,51,pm_06,pm_unload,6
2024-01-01 08:28:49.127167,STOP,TEU_51_pm_unload_Yard4_pm_06,51,pm_06,pm_unload,6
2024-01-01 07:00:00.000000,WAIT_START,TEU_51_pm_return_pm_06,51,pm_06,pm_return,7
2024-01-01 08:28:49.127167,WAIT_STOP,TEU_51_pm_return_pm_06,51,pm_06,pm_return,7
2024-01-01 08:28:49.127167,START,TEU_51_pm_return_pm_06,51,pm_06,pm_return,7
2024-01-01 08:29:38.254333,STOP,TEU_51_pm_return_pm_06,51,pm_06,pm_return,7
2024-01-01 07:00:00.000000,WAIT_START,TEU_52_qc_pick_qc_01,52,,qc_pick,1
2024-01-01 08:25:00.000000,WAIT_STOP,TEU_52_qc_pick_qc_01,52,,qc_pick,1
2024-01-01 08:25:00.000000,START,TEU_52_qc_pick_qc_01,52,,qc_pick,1
2024-01-01 08:26:00.000000,STOP,TEU_52_qc_pick_qc_01,52,,qc_pick,1
2024-01-01 07:00:00.000000,WAIT_START,TEU_52_qc_transfer_qc_01,52,,qc_transfer,2
2024-01-01 08:26:00.000000,WAIT_STOP,TEU_52_qc_transfer_qc_01,52,,qc_transfer,2
2024-01-01 08:26:00.000000,START,TEU_52_qc_transfer_qc_01,52,,qc_transfer,2
2024-01-01 08:27:00.000000,STOP,TEU_52_qc_transfer_qc_01,52,,qc_transfer,2
2024-01-01 07:00:00.000000,WAIT_START,TEU_52_qc_load_to_pm_pm_07,52,pm_07,qc_load_to_pm,3
2024-01-01 08:27:00.000000,WAIT_STOP,TEU_52_qc_load_to_pm_pm_07,52,pm_07,qc_load_to_pm,3
2024-01-01 08:27:00.000000,START,TEU_52_qc_load_to_pm_pm_07,52,pm_07,qc_load_to_pm,3
2024-01-01 08:29:00.000000,STOP,TEU_52_qc_load_to_pm_pm_07,52,pm_07,qc_load_to_pm,3
2024-01-01 07:00:00.000000,WAIT_START,TEU_52_qc_travelback_pm_07,52,pm_07,qc_travelback,4
2024-01-01 08:29:00.000000,WAIT_STOP,TEU_52_qc_travelback_pm_07,52,pm_07,qc_travelback,4
2024-01-01 08:29:00.000000,START,TEU_52_qc_travelback_pm_07,52,pm_07,qc_travelback,4
2024-01-01 08:30:00.000000,STOP,TEU_52_qc_travelback_pm_07,52,pm_07,qc_travelback,4
2024-01-01 07:00:00.000000,WAIT_START,TEU_52_pm_travel_to_Yard1_pm_07,52,pm_07,pm_travel_to_yard,5
2024-01-01 08:29:00.000000,WAIT_STOP,TEU_52_pm_travel_to_Yard1_pm_07,52,pm_07,pm_travel_to_yard,5
2024-01-01 08:29:00.000000,START,TEU_52_pm_travel_to_Yard1_pm_07,52,pm_07,pm_travel_to_yard,5
2024-01-01 08:29:12.281792,STOP,TEU_52_pm_travel_to_Yard1_pm_07,52,pm_07,pm_travel_to_yard,5
2024-01-01 07:00:00.000000,WAIT_START,TEU_52_pm_unload_Yard1_pm_07,52,pm_07,pm_unload,6
2024-01-01 08:29:12.281792,WAIT_STOP,TEU_52_pm_unload_Yard1_pm_07,52,pm_07,pm_unload,6
2024-01-01 08:29:12.281792,START,TEU_52_pm_unload_Yard1_pm_07,52,pm_07,pm_unload,6
2024-01-01 08:31:12.281792,STOP,TEU_52_pm_unload_Yard1_pm_07,52,pm_07,pm_unload,6
2024-01-01 07:00:00.000000,WAIT_START,TEU_52_pm_return_pm_07,52,pm_07,pm_return,7
2024-01-01 08:31:12.281792,WAIT_STOP,TEU_52_pm_return_pm_07,52,pm_07,pm_return,7
2024-01-01 08:31:12.281792,START,TEU_52_pm_return_pm_07,52,pm_07,pm_return,7
2024-01-01 08:31:24.563583,STOP,TEU_52_pm_return_pm_07,52,pm_07,pm_return,7
2024-01-01 07:00:00.000000,WAIT_START,TEU_53_qc_pick_qc_02,53,,qc_pick,1
2024-01-01 08:26:00.000000,WAIT_STOP,TEU_53_qc_pick_qc_02,53,,qc_pick,1
2024-01-01 08:26:00.000000,START,TEU_53_qc_pick_qc_02,53,,qc_pick,1
2024-01-01 08:27:00.000000,STOP,TEU_53_qc_pick_qc_02,53,,qc_pick,1
2024-01-01 07:00:00.000000,WAIT_START,TEU_53_qc_transfer_qc_02,53,,qc_transfer,2
2024-01-01 08:27:00.000000,WAIT_STOP,TEU_53_qc_transfer_qc_02,53,,qc_transfer,2
2024-01-01 08:27:00.000000,START,TEU_53_qc_transfer_qc_02,53,,qc_transfer,2
2024-01-01 08:28:00.000000,STOP,TEU_53_qc_transfer_qc_02,53,,qc_transfer,2
2024-01-01 07:00:00.000000,WAIT_START,TEU_53_qc_load_to_pm_pm_08,53,pm_08,qc_load_to_pm,3
2024-01-01 08:28:00.000000,WAIT_STOP,TEU_53_qc_load_to_pm_pm_08,53,pm_08,qc_load_to_pm,3
2024-01-01 08:28:00.000000,START,TEU_53_qc_load_to_pm_pm_08,53,pm_08,qc_load_to_pm,3
2024-01-01 08:30:00.000000,STOP,TEU_53_qc_load_to_pm_pm_08,53,pm_08,qc_load_to_pm,3
2024-01-01 07:00:00.000000,WAIT_START,TEU_53_qc_travelback_pm_08,53,pm_08,qc_travelback,4
2024-01-01 08:30:00.000000,WAIT_STOP,TEU_53_qc_travelback_pm_08,53,pm_08,qc_travelback,4
2024-01-01 08:30:00.000000,START,TEU_53_qc_travelback_pm_08,53,pm_08,qc_travelback,4
2024-01-01 08:31:00.000000,STOP,TEU_53_qc_travelback_pm_08,53,pm_08,qc_travelback,4
2024-01-01 07:00:00.000000,WAIT_START,TEU_53_pm_travel_to_Yard1_pm_08,53,pm_08,pm_travel_to_yard,5
2024-01-01 08:30:00.000000,WAIT_STOP,TEU_53_pm_travel_to_Yard1_pm_08,53,pm_08,pm_travel_to_yard,5
2024-01-01 08:30:00.000000,START,TEU_53_pm_travel_to_Yard1_pm_08,53,pm_08,pm_travel_to_yard,5
2024-01-01 08:30:12.281792,STOP,TEU_53_pm_travel_to_Yard1_pm_08,53,pm_08,pm_travel_to_yard,5
2024-01-01 07:00:00.000000,WAIT_START,TEU_53_pm_unload_Yard1_pm_08,53,pm_08,pm_unload,6
2024-01-01 08:30:12.281792,WAIT_STOP,TEU_53_pm_unload_Yard1_pm_08,53,pm_08,pm_unload,6
2024-01-01 08:31:12.281792,START,TEU_53_pm_unload_Yard1_pm_08,53,pm_08,pm_unload,6
2024-01-01 08:33:12.281792,STOP,TEU_53_pm_unload_Yard1_pm_08,53,pm_08,pm_unload,6
2024-01-01 07:00:00.000000,WAIT_START,TEU_53_pm_return_pm_08,53,pm_08,pm_return,7
2024-01-01 08:33:12.281792,WAIT_STOP,TEU_53_pm_return_pm_08,53,pm_08,pm_return,7
2024-01-01 08:33:12.281792,START,TEU_53_pm_return_pm_08,53,pm_08,pm_return,7
2024-01-01 08:33:24.563583,STOP,TEU_53_pm_return_pm_08,53,pm_08,pm_return,7
2024-01-01 07:00:00.000000,WAIT_START,TEU_54_qc_pick_qc_03,54,,qc_pick,1
2024-01-01 08:27:00.000000,WAIT_STOP,TEU_54_qc_pick_qc_03,54,,qc_pick,1
2024-01-01 08:27:00.000000,START,TEU_54_qc_pick_qc_03,54,,qc_pick,1
2024-01-01 08:28:00.000000,STOP,TEU_54_qc_pick_qc_03,54,,qc_pick,1
2024-01-01 07:00:00.000000,WAIT_START,TEU_54_qc_transfer_qc_03,54,,qc_transfer,2
2024-01-01 08:28:00.000000,WAIT_STOP,TEU_54_qc_transfer_qc_03,54,,qc_transfer,2
2024-01-01 08:28:00.000000,START,TEU_54_qc_transfer_qc_03,54,,qc_transfer,2
2024-01-01 08:29:00.000000,STOP,TEU_54_qc_transfer_qc_03,54,,qc_transfer,2
2024-01-01 07:00:00.000000,WAIT_START,TEU_54_qc_load_to_pm_pm_09,54,pm_09,qc_load_to_pm,3
2024-01-01 08:29:00.000000,WAIT_STOP,TEU_54_qc_load_to_pm_pm_09,54,pm_09,qc_load_to_pm,3
2024-01-01 08:29:00.000000,START,TEU_54_qc_load_to_pm_pm_09,54,pm_09,qc_load_to_pm,3
2024-01-01 08:31:00.000000,STOP,TEU_54_qc_load_to_pm_pm_09,54,pm_09,qc_load_to_pm,3
2024-01-01 07:00:00.000000,WAIT_START,TEU_54_qc_travelback_pm_09,54,pm_09,qc_travelback,4
2024-01-01 08:31:00.000000,WAIT_STOP,TEU_54_qc_travelback_pm_09,54,pm_09,qc_travelback,4
2024-01-01 08:31:00.000000,START,TEU_54_qc_travelback_pm_09,54,pm_09,qc_travelback,4
2024-01-01 08:32:00.000000,STOP,TEU_54_qc_travelback_pm_09,54,pm_09,qc_travelback,4
2024-01-01 07:00:00.000000,WAIT_START,TEU_54_pm_travel_to_Yard1_pm_09,54,pm_09,pm_travel_to_yard,5
2024-01-01 08:31:00.000000,WAIT_STOP,TEU_54_pm_travel_to_Yard1_pm_09,54,pm_09,pm_travel_to_yard,5
2024-01-01 08:31:00.000000,START,TEU_54_pm_travel_to_Yard1_pm_09,54,pm_09,pm_travel_to_yard,5
2024-01-01 08:31:12.281792,STOP,TEU_54_pm_travel_to_Yard1_pm_09,54,pm_09,pm_travel_to_yard,5
2024-01-01 07:00:00.000000,WAIT_START,TEU_54_pm_unload_Yard1_pm_09,54,pm_09,pm_unload,6
2024-01-01 08:31:12.281792,WAIT_STOP,TEU_54_pm_unload_Yard1_pm_09,54,pm_09,pm_unload,6
2024-01-01 08:33:12.281792,START,TEU_54_pm_unload_Yard1_pm_09,54,pm_09,pm_unload,6
2024-01-01 08:35:12.281792,STOP,TEU_54_pm_unload_Yard1_pm_09,54,pm_09,pm_unload,6
2024-01-01 07:00:00.000000,WAIT_START,TEU_54_pm_return_pm_09,54,pm_09,pm_return,7
2024-01-01 08:35:12.281792,WAIT_STOP,TEU_54_pm_return_pm_09,54,pm_09,pm_return,7
2024-01-01 08:35:12.281792,START,TEU_54_pm_return_pm_09,54,pm_09,pm_return,7
2024-01-01 08:35:24.563583,STOP,TEU_54_pm_return_pm_09,54,pm_09,pm_return,7
2024-01-01 07:00:00.000000,WAIT_START,TEU_55_qc_pick_qc_01,55,,qc_pick,1
2024-01-01 08:30:00.000000,WAIT_STOP,TEU_55_qc_pick_qc_01,55,,qc_pick,1
2024-01-01 08:30:00.000000,START,TEU_55_qc_pick_qc_01,55,,qc_pick,1
2024-01-01 08:31:00.000000,STOP,TEU_55_qc_pick_qc_01,55,,qc_pick,1
2024-01-01 07:00:00.000000,WAIT_START,TEU_55_qc_transfer_qc_01,55,,qc_transfer,2
2024-01-01 08:31:00.000000,WAIT_STOP,TEU_55_qc_transfer_qc_01,55,,qc_transfer,2
2024-01-01 08:31:00.000000,START,TEU_55_qc_transfer_qc_01,55,,qc_transfer,2
2024-01-01 08:32:00.000000,STOP,TEU_55_qc_transfer_qc_01,55,,qc_transfer,2
2024-01-01 07:00:00.000000,WAIT_START,TEU_55_qc_load_to_pm_pm_01,55,pm_01,qc_load_to_pm,3
2024-01-01 08:32:00.000000,WAIT_STOP,TEU_55_qc_load_to_pm_pm_01,55,pm_01,qc_load_to_pm,3
2024-01-01 08:32:00.000000,START,TEU_55_qc_load_to_pm_pm_01,55,pm_01,qc_load_to_pm,3
2024-01-01 08:34:00.000000,STOP,TEU_55_qc_load_to_pm_pm_01,55,pm_01,qc_load_to_pm,3
2024-01-01 07:00:00.000000,WAIT_START,TEU_55_qc_travelback_pm_01,55,pm_01,qc_travelback,4
2024-01-01 08:34:00.000000,WAIT_STOP,TEU_55_qc_travelback_pm_01,55,pm_01,qc_travelback,4
2024-01-01 08:34:00.000000,START,TEU_55_qc_travelback_pm_01,55,pm_01,qc_travelback,4
2024-01-01 08:35:00.000000,STOP,TEU_55_qc_travelback_pm_01,55,pm_01,qc_travelback,4
2024-01-01 07:00:00.000000,WAIT_START,TEU_55_pm_travel_to_Yard1_pm_01,55,pm_01,pm_travel_to_yard,5
2024-01-01 08:34:00.000000,WAIT_STOP,TEU_55_pm_travel_to_Yard1_pm_01,55,pm_01,pm_travel_to_yard,5
2024-01-01 08:34:00.000000,START,TEU_55_pm_travel_to_Yard1_pm_01,55,pm_01,pm_travel_to_yard,5
2024-01-01 08:34:12.281792,STOP,TEU_55_pm_travel_to_Yard1_pm_01,55,pm_01,pm_travel_to_yard,5
2024-01-01 07:00:00.000000,WAIT_START,TEU_55_pm_unload_Yard1_pm_01,55,pm_01,pm_unload,6
2024-01-01 08:34:12.281792,WAIT_STOP,TEU_55_pm_unload_Yard1_pm_01,55,pm_01,pm_unload,6
2024-01-01 08:35:12.281792,START,TEU_55_pm_unload_Yard1_pm_01,55,pm_01,pm_unload,6
2024-01-01 08:37:12.281792,STOP,TEU_55_pm_unload_Yard1_pm_01,55,pm_01,pm_unload,6
2024-01-01 07:00:00.000000,WAIT_START,TEU_55_pm_return_pm_01,55,pm_01,pm_return,7
2024-01-01 08:37:12.281792,WAIT_STOP,TEU_55_pm_return_pm_01,55,pm_01,pm_return,7
2024-01-01 08:37:12.281792,START,TEU_55_pm_return_pm_01,55,pm_01,pm_return,7
2024-01-01 08:37:24.563583,STOP,TEU_55_pm_return_pm_01,55,pm_01,pm_return,7
2024-01-01 07:00:00.000000,WAIT_START,TEU_56_qc_pick_qc_02,56,,qc_pick,1
2024-01-01 08:31:00.000000,WAIT_STOP,TEU_56_qc_pick_qc_02,56,,qc_pick,1
2024-01-01 08:31:00.000000,START,TEU_56_qc_pick_qc_02,56,,qc_pick,1
2024-01-01 08:32:00.000000,STOP,TEU_56_qc_pick_qc_02,56,,qc_pick,1
2024-01-01 07:00:00.000000,WAIT_START,TEU_56_qc_transfer_qc_02,56,,qc_transfer,2
2024-01-01 08:32:00.000000,WAIT_STOP,TEU_56_qc_transfer_qc_02,56,,qc_transfer,2
2024-01-01 08:32:00.000000,START,TEU_56_qc_transfer_qc_02,56,,qc_transfer,2
2024-01-01 08:33:00.000000,STOP,TEU_56_qc_transfer_qc_02,56,,qc_transfer,2
2024-01-01 07:00:00.000000,WAIT_START,TEU_56_qc_load_to_pm_pm_02,56,pm_02,qc_load_to_pm,3
2024-01-01 08:33:00.000000,WAIT_STOP,TEU_56_qc_load_to_pm_pm_02,56,pm_02,qc_load_to_pm,3
2024-01-01 08:33:00.000000,START,TEU_56_qc_load_to_pm_pm_02,56,pm_02,qc_load_to_pm,3
2024-01-01 08:35:00.000000,STOP,TEU_56_qc_load_to_pm_pm_02,56,pm_02,qc_load_to_pm,3
2024-01-01 07:00:00.000000,WAIT_START,TEU_56_qc_travelback_pm_02,56,pm_02,qc_travelback,4
2024-01-01 08:35:00.000000,WAIT_STOP,TEU_56_qc_travelback_pm_02,56,pm_02,qc_travelback,4
2024-01-01 08:35:00.000000,START,TEU_56_qc_travelback_pm_02,56,pm_02,qc_travelback,4
2024-01-01 08:36:00.000000,STOP,TEU_56_qc_travelback_pm_02,56,pm_02,qc_travelback,4
2024-01-01 07:00:00.000000,WAIT_START,TEU_56_pm_travel_to_Yard1_pm_02,56,pm_02,pm_travel_to_yard,5
2024-01-01 08:35:00.000000,WAIT_STOP,TEU_56_pm_travel_to_Yard1_pm_02,56,pm_02,pm_travel_to_yard,5
2024-01-01 08:35:00.000000,START,TEU_56_pm_travel_to_Yard1_pm_02,56,pm_02,pm_travel_to_yard,5
2024-01-01 08:35:12.281792,STOP,TEU_56_pm_travel_to_Yard1_pm_02,56,pm_02,pm_travel_to_yard,5
2024-01-01 07:00:00.000000,WAIT_START,TEU_56_pm_unload_Yard1_pm_02,56,pm_02,pm_unload,6
2024-01-01 08:35:12.281792,WAIT_STOP,TEU_56_pm_unload_Yard1_pm_02,56,pm_02,pm_unload,6
2024-01-01 08:37:12.281792,START,TEU_56_pm_unload_Yard1_pm_02,56,pm_02,pm_unload,6
2024-01-01 08:39:12.281792,STOP,TEU_56_pm_unload_Yard1_pm_02,56,pm_02,pm_unload,6
2024-01-01 07:00:00.000000,WAIT_START,TEU_56_pm_return_pm_02,56,pm_02,pm_return,7
2024-01-01 08:39:12.281792,WAIT_STOP,TEU_56_pm_return_pm_02,56,pm_02,pm_return,7
2024-01-01 08:39:12.281792,START,TEU_56_pm_return_pm_02,56,pm_02,pm_return,7
2024-01-01 08:39:24.563583,STOP,TEU_56_pm_return_pm_02,56,pm_02,pm_return,7
2024-01-01 07:00:00.000000,WAIT_START,TEU_57_qc_pick_qc_03,57,,qc_pick,1
2024-01-01 08:32:00.000000,WAIT_STOP,TEU_57_qc_pick_qc_03,57,,qc_pick,1
2024-01-01 08:32:00.000000,START,TEU_57_qc_pick_qc_03,57,,qc_pick,1
2024-01-01 08:33:00.000000,STOP,TEU_57_qc_pick_qc_03,57,,qc_pick,1
2024-01-01 07:00:00.000000,WAIT_START,TEU_57_qc_transfer_qc_03,57,,qc_transfer,2
2024-01-01 08:33:00.000000,WAIT_STOP,TEU_57_qc_transfer_qc_03,57,,qc_transfer,2
2024-01-01 08:33:00.000000,START,TEU_57_qc_transfer_qc_03,57,,qc_transfer,2
2024-01-01 08:34:00.000000,STOP,TEU_57_qc_transfer_qc_03,57,,qc_transfer,2
2024-01-01 07:00:00.000000,WAIT_START,TEU_57_qc_load_to_pm_pm_03,57,pm_03,qc_load_to_pm,3
2024-01-01 08:34:00.000000,WAIT_STOP,TEU_57_qc_load_to_pm_pm_03,57,pm_03,qc_load_to_pm,3
2024-01-01 08:34:00.000000,START,TEU_57_qc_load_to_pm_pm_03,57,pm_03,qc_load_to_pm,3
2024-01-01 08:36:00.000000,STOP,TEU_57_qc_load_to_pm_pm_03,57,pm_03,qc_load_to_pm,3
2024-01-01 07:00:00.000000,WAIT_START,TEU_57_qc_travelback_pm_03,57,pm_03,qc_travelback,4
2024-01-01 08:36:00.000000,WAIT_STOP,TEU_57_qc_travelback_pm_03,57,pm_03,qc_travelback,4
2024-01-01 08:36:00.000000,START,TEU_57_qc_travelback_pm_03,57,pm_03,qc_travelback,4
2024-01-01 08:37:00.000000,STOP,TEU_57_qc_travelback_pm_03,57,pm_03,qc_travelback,4
2024-01-01 07:00:00.000000,WAIT_START,TEU_57_pm_travel_to_Yard4_pm_03,57,pm_03,pm_travel_to_yard,5
2024-01-01 08:36:00.000000,WAIT_STOP,TEU_57_pm_travel_to_Yard4_pm_03,57,pm_03,pm_travel_to_yard,5
2024-01-01 08:36:00.000000,START,TEU_57_pm_travel_to_Yard4_pm_03,57,pm_03,pm_travel_to_yard,5
2024-01-01 08:36:49.127167,STOP,TEU_57_pm_travel_to_Yard4_pm_03,57,pm_03,pm_travel_to_yard,5
2024-01-01 07:00:00.000000,WAIT_START,TEU_57_pm_unload_Yard4_pm_03,57,pm_03,pm_unload,6
2024-01-01 08:36:49.127167,WAIT_STOP,TEU_57_pm_unload_Yard4_pm_03,57,pm_03,pm_unload,6
2024-01-01 08:36:49.127167,START,TEU_57_pm_unload_Yard4_pm_03,57,pm_03,pm_unload,6
2024-01-01 08:38:49.127167,STOP,TEU_57_pm_unload_Yard4_pm_03,57,pm_03,pm_unload,6
2024-01-01 07:00:00.000000,WAIT_START,TEU_57_pm_return_pm_03,57,pm_03,pm_return,7
2024-01-01 08:38:49.127167,WAIT_STOP,TEU_57_pm_return_pm_03,57,pm_03,pm_return,7
2024-01-01 08:38:49.127167,START,TEU_57_pm_return_pm_03,57,pm_03,pm_return,7
2024-01-01 08:39:38.254333,STOP,TEU_57_pm_return_pm_03,57,pm_03,pm_return,7
2024-01-01 07:00:00.000000,WAIT_START,TEU_58_qc_pick_qc_01,58,,qc_pick,1
2024-01-01 08:35:00.000000,WAIT_STOP,TEU_58_qc_pick_qc_01,58,,qc_pick,1
2024-01-01 08:35:00.000000,START,TEU_58_qc_pick_qc_01,58,,qc_pick,1
2024-01-01 08:36:00.000000,STOP,TEU_58_qc_pick_qc_01,58,,qc_pick,1
2024-01-01 07:00:00.000000,WAIT_START,TEU_58_qc_transfer_qc_01,58,,qc_transfer,2
2024-01-01 08:36:00.000000,WAIT_STOP,TEU_58_qc_transfer_qc_01,58,,qc_transfer,2
2024-01-01 08:36:00.000000,START,TEU_58_qc_transfer_qc_01,58,,qc_transfer,2
2024-01-01 08:37:00.000000,STOP,TEU_58_qc_transfer_qc_01,58,,qc_transfer,2
2024-01-01 07:00:00.000000,WAIT_START,TEU_58_qc_load_to_pm_pm_04,58,pm_04,qc_load_to_pm,3
2024-01-01 08:37:00.000000,WAIT_STOP,TEU_58_qc_load_to_pm_pm_04,58,pm_04,qc_load_to_pm,3
2024-01-01 08:37:00.000000,START,TEU_58_qc_load_to_pm_pm_04,58,pm_04,qc_load_to_pm,3
2024-01-01 08:39:00.000000,STOP,TEU_58_qc_load_to_pm_pm_04,58,pm_04,qc_load_to_pm,3
2024-01-01 07:00:00.000000,WAIT_START,TEU_58_qc_travelback_pm_04,58,pm_04,qc_travelback,4
2024-01-01 08:39:00.000000,WAIT_STOP,TEU_58_qc_travelback_pm_04,58,pm_04,qc_travelback,4
2024-01-01 08:39:00.000000,START,TEU_58_qc_travelback_pm_04,58,pm_04,qc_travelback,4
2024-01-01 08:40:00.000000,STOP,TEU_58_qc_travelback_pm_04,58,pm_04,qc_travelback,4
2024-01-01 07:00:00.000000,WAIT_START,TEU_58_pm_travel_to_Yard4_pm_04,58,pm_04,pm_travel_to_yard,5
2024-01-01 08:39:00.000000,WAIT_STOP,TEU_58_pm_travel_to_Yard4_pm_04,58,pm_04,pm_travel_to_yard,5
2024-01-01 08:39:00.000000,START,TEU_58_pm_travel_to_Yard4_pm_04,58,pm_04,pm_travel_to_yard,5
2024-01-01 08:39:49.127167,STOP,TEU_58_pm_travel_to_Yard4_pm_04,58,pm_04,pm_travel_to_yard,5
2024-01-01 07:00:00.000000,WAIT_START,TEU_58_pm_unload_Yard4_pm_04,58,pm_04,pm_unload,6
2024-01-01 08:39:49.127167,WAIT_STOP,TEU_58_pm_unload_Yard4_pm_04,58,pm_04,pm_unload,6
2024-01-01 08:39:49.127167,START,TEU_58_pm_unload_Yard4_pm_04,58,pm_04,pm_unload,6
2024-01-01 08:41:49.127167,STOP,TEU_58_pm_unload_Yard4_pm_04,58,pm_04,pm_unload,6
2024-01-01 07:00:00.000000,WAIT_START,TEU_58_pm_return_pm_04,58,pm_04,pm_return,7
2024-01-01 08:41:49.127167,WAIT_STOP,TEU_58_pm_return_pm_04,58,pm_04,pm_return,7
2024-01-01 08:41:49.127167,START,TEU_58_pm_return_pm_04,58,pm_04,pm_return,7
2024-01-01 08:42:38.254333,STOP,TEU_58_pm_return_pm_04,58,pm_04,pm_return,7
2024-01-01 07:00:00.000000,WAIT_START,TEU_59_qc_pick_qc_02,59,,qc_pick,1
2024-01-01 08:36:00.000000,WAIT_STOP,TEU_59_qc_pick_qc_02,59,,qc_pick,1
2024-01-01 08:36:00.000000,START,TEU_59_qc_pick_qc_02,59,,qc_pick,1
2024-01-01 08:37:00.000000,STOP,TEU_59_qc_pick_qc_02,59,,qc_pick,1
2024-01-01 07:00:00.000000,WAIT_START,TEU_59_qc_transfer_qc_02,59,,qc_transfer,2
2024-01-01 08:37:00.000000,WAIT_STOP,TEU_59_qc_transfer_qc_02,59,,qc_transfer,2
2024-01-01 08:37:00.000000,START,TEU_59_qc_transfer_qc_02,59,,qc_transfer,2
2024-01-01 08:38:00.000000,STOP,TEU_59_qc_transfer_qc_02,59,,qc_transfer,2
2024-01-01 07:00:00.000000,WAIT_START,TEU_59_qc_load_to_pm_pm_05,59,pm_05,qc_load_to_pm,3
2024-01-01 08:38:00.000000,WAIT_STOP,TEU_59_qc_load_to_pm_pm_05,59,pm_05,qc_load_to_pm,3
2024-01-01 08:38:00.000000,START,TEU_59_qc_load_to_pm_pm_05,59,pm_05,qc_load_to_pm,3
2024-01-01 08:40:00.000000,STOP,TEU_59_qc_load_to_pm_pm_05,59,pm_05,qc_load_to_pm,3
2024-01-01 07:00:00.000000,WAIT_START,TEU_59_qc_travelback_pm_05,59,pm_05,qc_travelback,4
2024-01-01 08:40:00.000000,WAIT_STOP,TEU_59_qc_travelback_pm_05,59,pm_05,qc_travelback,4
2024-01-01 08:40:00.000000,START,TEU_59_qc_travelback_pm_05,59,pm_05,qc_travelback,4
2024-01-01 08:41:00.000000,STOP,TEU_59_qc_travelback_pm_05,59,pm_05,qc_travelback,4
2024-01-01 07:00:00.000000,WAIT_START,TEU_59_pm_travel_to_Yard1_pm_05,59,pm_05,pm_travel_to_yard,5
2024-01-01 08:40:00.000000,WAIT_STOP,TEU_59_pm_travel_to_Yard1_pm_05,59,pm_05,pm_travel_to_yard,5
2024-01-01 08:40:00.000000,START,TEU_59_pm_travel_to_Yard1_pm_05,59,pm_05,pm_travel_to_yard,5
2024-01-01 08:40:12.281792,STOP,TEU_59_pm_travel_to_Yard1_pm_05,59,pm_05,pm_travel_to_yard,5
2024-01-01 07:00:00.000000,WAIT_START,TEU_59_pm_unload_Yard1_pm_05,59,pm_05,pm_unload,6
2024-01-01 08:40:12.281792,WAIT_STOP,TEU_59_pm_unload_Yard1_pm_05,59,pm_05,pm_unload,6
2024-01-01 08:40:12.281792,START,TEU_59_pm_unload_Yard1_pm_05,59,pm_05,pm_unload,6
2024-01-01 08:42:12.281792,STOP,TEU_59_pm_unload_Yard1_pm_05,59,pm_05,pm_unload,6
2024-01-01 07:00:00.000000,WAIT_START,TEU_59_pm_return_pm_05,59,pm_05,pm_return,7
2024-01-01 08:42:12.281792,WAIT_STOP,TEU_59_pm_return_pm_05,59,pm_05,pm_return,7
2024-01-01 08:42:12.281792,START,TEU_59_pm_return_pm_05,59,pm_05,pm_return,7
2024-01-01 08:42:24.563583,STOP,TEU_59_pm_return_pm_05,59,pm_05,pm_return,7
2024-01-01 07:00:00.000000,WAIT_START,TEU_60_qc_pick_qc_03,60,,qc_pick,1
2024-01-01 08:37:00.000000,WAIT_STOP,TEU_60_qc_pick_qc_03,60,,qc_pick,1
2024-01-01 08:37:00.000000,START,TEU_60_qc_pick_qc_03,60,,qc_pick,1
2024-01-01 08:38:00.000000,STOP,TEU_60_qc_pick_qc_03,60,,qc_pick,1
2024-01-01 07:00:00.000000,WAIT_START,TEU_60_qc_transfer_qc_03,60,,qc_transfer,2
2024-01-01 08:38:00.000000,WAIT_STOP,TEU_60_qc_transfer_qc_03,60,,qc_transfer,2
2024-01-01 08:38:00.000000,START,TEU_60_qc_transfer_qc_03,60,,qc_transfer,2
2024-01-01 08:39:00.000000,STOP,TEU_60_qc_transfer_qc_03,60,,qc_transfer,2
2024-01-01 07:00:00.000000,WAIT_START,TEU_60_qc_load_to_pm_pm_06,60,pm_06,qc_load_to_pm,3
2024-01-01 08:39:00.000000,WAIT_STOP,TEU_60_qc_load_to_pm_pm_06,60,pm_06,qc_load_to_pm,3
2024-01-01 08:39:00.000000,START,TEU_60_qc_load_to_pm_pm_06,60,pm_06,qc_load_to_pm,3
2024-01-01 08:41:00.000000,STOP,TEU_60_qc_load_to_pm_pm_06,60,pm_06,qc_load_to_pm,3
2024-01-01 07:00:00.000000,WAIT_START,TEU_60_qc_travelback_pm_06,60,pm_06,qc_travelback,4
2024-01-01 08:41:00.000000,WAIT_STOP,TEU_60_qc_travelback_pm_06,60,pm_06,qc_travelback,4
2024-01-01 08:41:00.000000,START,TEU_60_qc_travelback_pm_06,60,pm_06,qc_travelback,4
2024-01-01 08:42:00.000000,STOP,TEU_60_qc_travelback_pm_06,60,pm_06,qc_travelback,4
2024-01-01 07:00:00.000000,WAIT_START,TEU_60_pm_travel_to_Yard1_pm_06,60,pm_06,pm_travel_to_yard,5
2024-01-01 08:41:00.000000,WAIT_STOP,TEU_60_pm_travel_to_Yard1_pm_06,60,pm_06,pm_travel_to_yard,5
2024-01-01 08:41:00.000000,START,TEU_60_pm_travel_to_Yard1_pm_06,60,pm_06,pm_travel_to_yard,5
2024-01-01 08:41:12.281792,STOP,TEU_60_pm_travel_to_Yard1_pm_06,60,pm_06,pm_travel_to_yard,5
2024-01-01 07:00:00.000000,WAIT_START,TEU_60_pm_unload_Yard1_pm_06,60,pm_06,pm_unload,6
2024-01-01 08:41:12.281792,WAIT_STOP,TEU_60_pm_unload_Yard1_pm_06,60,pm_06,pm_unload,6
2024-01-01 08:42:12.281792,START,TEU_60_pm_unload_Yard1_pm_06,60,pm_06,pm_unload,6
2024-01-01 08:44:12.281792,STOP,TEU_60_pm_unload_Yard1_pm_06,60,pm_06,pm_unload,6
2024-01-01 07:00:00.000000,WAIT_START,TEU_60_pm_return_pm_06,60,pm_06,pm_return,7
2024-01-01 08:44:12.281792,WAIT_STOP,TEU_60_pm_return_pm_06,60,pm_06,pm_return,7
2024-01-01 08:44:12.281792,START,TEU_60_pm_return_pm_06,60,pm_06,pm_return,7
2024-01-01 08:44:24.563583,STOP,TEU_60_pm_return_pm_06,60,pm_06,pm_return,7
2024-01-01 07:00:00.000000,WAIT_START,TEU_61_qc_pick_qc_01,61,,qc_pick,1
2024-01-01 08:40:00.000000,WAIT_STOP,TEU_61_qc_pick_qc_01,61,,qc_pick,1
2024-01-01 08:40:00.000000,START,TEU_61_qc_pick_qc_01,61,,qc_pick,1
2024-01-01 08:41:00.000000,STOP,TEU_61_qc_pick_qc_01,61,,qc_pick,1
2024-01-01 07:00:00.000000,WAIT_START,TEU_61_qc_transfer_qc_01,61,,qc_transfer,2
2024-01-01 08:41:00.000000,WAIT_STOP,TEU_61_qc_transfer_qc_01,61,,qc_transfer,2
2024-01-01 08:41:00.000000,START,TEU_61_qc_transfer_qc_01,61,,qc_transfer,2
2024-01-01 08:42:00.000000,STOP,TEU_61_qc_transfer_qc_01,61,,qc_transfer,2
2024-01-01 07:00:00.000000,WAIT_START,TEU_61_qc_load_to_pm_pm_07,61,pm_07,qc_load_to_pm,3
2024-01-01 08:42:00.000000,WAIT_STOP,TEU_61_qc_load_to_pm_pm_07,61,pm_07,qc_load_to_pm,3
2024-01-01 08:42:00.000000,START,TEU_61_qc_load_to_pm_pm_07,61,pm_07,qc_load_to_pm,3
2024-01-01 08:44:00.000000,STOP,TEU_61_qc_load_to_pm_pm_07,61,pm_07,qc_load_to_pm,3
2024-01-01 07:00:00.000000,WAIT_START,TEU_61_qc_travelback_pm_07,61,pm_07,qc_travelback,4
2024-01-01 08:44:00.000000,WAIT_STOP,TEU_61_qc_travelback_pm_07,61,pm_07,qc_travelback,4
2024-01-01 08:44:00.000000,START,TEU_61_qc_travelback_pm_07,61,pm_07,qc_travelback,4
2024-01-01 08:45:00.000000,STOP,TEU_61_qc_travelback_pm_07,61,pm_07,qc_travelback,4
2024-01-01 07:00:00.000000,WAIT_START,TEU_61_pm_travel_to_Yard4_pm_07,61,pm_07,pm_travel_to_yard,5
2024-01-01 08:44:00.000000,WAIT_STOP,TEU_61_pm_travel_to_Yard4_pm_07,61,pm_07,pm_travel_to_yard,5
2024-01-01 08:44:00.000000,START,TEU_61_pm_travel_to_Yard4_pm_07,61,pm_07,pm_travel_to_yard,5
2024-01-01 08:44:49.127167,STOP,TEU_61_pm_travel_to_Yard4_pm_07,61,pm_07,pm_travel_to_yard,5
2024-01-01 07:00:00.000000,WAIT_START,TEU_61_pm_unload_Yard4_pm_07,61,pm_07,pm_unload,6
2024-01-01 08:44:49.127167,WAIT_STOP,TEU_61_pm_unload_Yard4_pm_07,61,pm_07,pm_unload,6
2024-01-01 08:44:49.127167,START,TEU_61_pm_unload_Yard4_pm_07,61,pm_07,pm_unload,6
2024-01-01 08:46:49.127167,STOP,TEU_61_pm_unload_Yard4_pm_07,61,pm_07,pm_unload,6
2024-01-01 07:00:00.000000,WAIT_START,TEU_61_pm_return_pm_07,61,pm_07,pm_return,7
2024-01-01 08:46:49.127167,WAIT_STOP,TEU_61_pm_return_pm_07,61,pm_07,pm_return,7
2024-01-01 08:46:49.127167,START,TEU_61_pm_return_pm_07,61,pm_07,pm_return,7
2024-01-01 08:47:38.254333,STOP,TEU_61_pm_return_pm_07,61,pm_07,pm_return,7
2024-01-01 07:00:00.000000,WAIT_START,TEU_62_qc_pick_qc_02,62,,qc_pick,1
2024-01-01 08:41:00.000000,WAIT_STOP,TEU_62_qc_pick_qc_02,62,,qc_pick,1
2024-01-01 08:41:00.000000,START,TEU_62_qc_pick_qc_02,62,,qc_pick,1
2024-01-01 08:42:00.000000,STOP,TEU_62_qc_pick_qc_02,62,,qc_pick,1
2024-01-01 07:00:00.000000,WAIT_START,TEU_62_qc_transfer_qc_02,62,,qc_transfer,2
2024-01-01 08:42:00.000000,WAIT_STOP,TEU_62_qc_transfer_qc_02,62,,qc_transfer,2
2024-01-01 08:42:00.000000,START,TEU_62_qc_transfer_qc_02,62,,qc_transfer,2
2024-01-01 08:43:00.000000,STOP,TEU_62_qc_transfer_qc_02,62,,qc_transfer,2
2024-01-01 07:00:00.000000,WAIT_START,TEU_62_qc_load_to_pm_pm_08,62,pm_08,qc_load_to_pm,3
2024-01-01 08:43:00.000000,WAIT_STOP,TEU_62_qc_load_to_pm_pm_08,62,pm_08,qc_load_to_pm,3
2024-01-01 08:43:00.000000,START,TEU_62_qc_load_to_pm_pm_08,62,pm_08,qc_load_to_pm,3
2024-01-01 08:45:00.000000,STOP,TEU_62_qc_load_to_pm_pm_08,62,pm_08,qc_load_to_pm,3
2024-01-01 07:00:00.000000,WAIT_START,TEU_62_qc_travelback_pm_08,62,pm_08,qc_travelback,4
2024-01-01 08:45:00.000000,WAIT_STOP,TEU_62_qc_travelback_pm_08,62,pm_08,qc_travelback,4
2024-01-01 08:45:00.000000,START,TEU_62_qc_travelback_pm_08,62,pm_08,qc_travelback,4
2024-01-01 08:46:00.000000,STOP,TEU_62_qc_travelback_pm_08,62,pm_08,qc_travelback,4
2024-01-01 07:00:00.000000,WAIT_START,TEU_62_pm_travel_to_Yard1_pm_08,62,pm_08,pm_travel_to_yard,5
2024-01-01 08:45:00.000000,WAIT_STOP,TEU_62_pm_travel_to_Yard1_pm_08,62,pm_08,pm_travel_to_yard,5
2024-01-01 08:45:00.000000,START,TEU_62_pm_travel_to_Yard1_pm_08,62,pm_08,pm_travel_to_yard,5
2024-01-01 08:45:12.281792,STOP,TEU_62_pm_travel_to_Yard1_pm_08,62,pm_08,pm_travel_to_yard,5
2024-01-01 07:00:00.000000,WAIT_START,TEU_62_pm_unload_Yard1_pm_08,62,pm_08,pm_unload,6
2024-01-01 08:45:12.281792,WAIT_STOP,TEU_62_pm_unload_Yard1_pm_08,62,pm_08,pm_unload,6
2024-01-01 08:45:12.281792,START,TEU_62_pm_unload_Yard1_pm_08,62,pm_08,pm_unload,6
2024-01-01 08:47:12.281792,STOP,TEU_62_pm_unload_Yard1_pm_08,62,pm_08,pm_unload,6
2024-01-01 07:00:00.000000,WAIT_START,TEU_62_pm_return_pm_08,62,pm_08,pm_return,7
2024-01-01 08:47:12.281792,WAIT_STOP,TEU_62_pm_return_pm_08,62,pm_08,pm_return,7
2024-01-01 08:47:12.281792,START,TEU_62_pm_return_pm_08,62,pm_08,pm_return,7
2024-01-01 08:47:24.563583,STOP,TEU_62_pm_return_pm_08,62,pm_08,pm_return,7
2024-01-01 07:00:00.000000,WAIT_START,TEU_63_qc_pick_qc_03,63,,qc_pick,1
2024-01-01 08:42:00.000000,WAIT_STOP,TEU_63_qc_pick_qc_03,63,,qc_pick,1
2024-01-01 08:42:00.000000,START,TEU_63_qc_pick_qc_03,63,,qc_pick,1
2024-01-01 08:43:00.000000,STOP,TEU_63_qc_pick_qc_03,63,,qc_pick,1
2024-01-01 07:00:00.000000,WAIT_START,TEU_63_qc_transfer_qc_03,63,,qc_transfer,2
2024-01-01 08:43:00.000000,WAIT_STOP,TEU_63_qc_transfer_qc_03,63,,qc_transfer,2
2024-01-01 08:43:00.000000,START,TEU_63_qc_transfer_qc_03,63,,qc_transfer,2
2024-01-01 08:44:00.000000,STOP,TEU_63_qc_transfer_qc_03,63,,qc_transfer,2
2024-01-01 07:00:00.000000,WAIT_START,TEU_63_qc_load_to_pm_pm_09,63,pm_09,qc_load_to_pm,3
2024-01-01 08:44:00.000000,WAIT_STOP,TEU_63_qc_load_to_pm_pm_09,63,pm_09,qc_load_to_pm,3
2024-01-01 08:44:00.000000,START,TEU_63_qc_load_to_pm_pm_09,63,pm_09,qc_load_to_pm,3
2024-01-01 08:46:00.000000,STOP,TEU_63_qc_load_to_pm_pm_09,63,pm_09,qc_load_to_pm,3
2024-01-01 07:00:00.000000,WAIT_START,TEU_63_qc_travelback_pm_09,63,pm_09,qc_travelback,4
2024-01-01 08:46:00.000000,WAIT_STOP,TEU_63_qc_travelback_pm_09,63,pm_09,qc_travelback,4
2024-01-01 08:46:00.000000,START,TEU_63_qc_travelback_pm_09,63,pm_09,qc_travelback,4
2024-01-01 08:47:00.000000,STOP,TEU_63_qc_travelback_pm_09,63,pm_09,qc_travelback,4
2024-01-01 07:00:00.000000,WAIT_START,TEU_63_pm_travel_to_Yard1_pm_09,63,pm_09,pm_travel_to_yard,5
2024-01-01 08:46:00.000000,WAIT_STOP,TEU_63_pm_travel_to_Yard1_pm_09,63,pm_09,pm_travel_to_yard,5
2024-01-01 08:46:00.000000,START,TEU_63_pm_travel_to_Yard1_pm_09,63,pm_09,pm_travel_to_yard,5
2024-01-01 08:46:12.281792,STOP,TEU_63_pm_travel_to_Yard1_pm_09,63,pm_09,pm_travel_to_yard,5
2024-01-01 07:00:00.000000,WAIT_START,TEU_63_pm_unload_Yard1_pm_09,63,pm_09,pm_unload,6
2024-01-01 08:46:12.281792,WAIT_STOP,TEU_63_pm_unload_Yard1_pm_09,63,pm_09,pm_unload,6
2024-01-01 08:47:12.281792,START,TEU_63_pm_unload_Yard1_pm_09,63,pm_09,pm_unload,6
2024-01-01 08:49:12.281792,STOP,TEU_63_pm_unload_Yard1_pm_09,63,pm_09,pm_unload,6
2024-01-01 07:00:00.000000,WAIT_START,TEU_63_pm_return_pm_09,63,pm_09,pm_return,7
2024-01-01 08:49:12.281792,WAIT_STOP,TEU_63_pm_return_pm_09,63,pm_09,pm_return,7
2024-01-01 08:49:12.281792,START,TEU_63_pm_return_pm_09,63,pm_09,pm_return,7
2024-01-01 08:49:24.563583,STOP,TEU_63_pm_return_pm_09,63,pm_09,pm_return,7
2024-01-01 07:00:00.000000,WAIT_START,TEU_64_qc_pick_qc_01,64,,qc_pick,1
2024-01-01 08:45:00.000000,WAIT_STOP,TEU_64_qc_pick_qc_01,64,,qc_pick,1
2024-01-01 08:45:00.000000,START,TEU_64_qc_pick_qc_01,64,,qc_pick,1
2024-01-01 08:46:00.000000,STOP,TEU_64_qc_pick_qc_01,64,,qc_pick,1
2024-01-01 07:00:00.000000,WAIT_START,TEU_64_qc_transfer_qc_01,64,,qc_transfer,2
2024-01-01 08:46:00.000000,WAIT_STOP,TEU_64_qc_transfer_qc_01,64,,qc_transfer,2
2024-01-01 08:46:00.000000,START,TEU_64_qc_transfer_qc_01,64,,qc_transfer,2
2024-01-01 08:47:00.000000,STOP,TEU_64_qc_transfer_qc_01,64,,qc_transfer,2
2024-01-01 07:00:00.000000,WAIT_START,TEU_64_qc_load_to_pm_pm_01,64,pm_01,qc_load_to_pm,3
2024-01-01 08:47:00.000000,WAIT_STOP,TEU_64_qc_load_to_pm_pm_01,64,pm_01,qc_load_to_pm,3
2024-01-01 08:47:00.000000,START,TEU_64_qc_load_to_pm_pm_01,64,pm_01,qc_load_to_pm,3
2024-01-01 08:49:00.000000,STOP,TEU_64_qc_load_to_pm_pm_01,64,pm_01,qc_load_to_pm,3
2024-01-01 07:00:00.000000,WAIT_START,TEU_64_qc_travelback_pm_01,64,pm_01,qc_travelback,4
2024-01-01 08:49:00.000000,WAIT_STOP,TEU_64_qc_travelback_pm_01,64,pm_01,qc_travelback,4
2024-01-01 08:49:00.000000,START,TEU_64_qc_travelback_pm_01,64,pm_01,qc_travelback,4
2024-01-01 08:50:00.000000,STOP,TEU_64_qc_travelback_pm_01,64,pm_01,qc_travelback,4
2024-01-01 07:00:00.000000,WAIT_START,TEU_64_pm_travel_to_Yard1_pm_01,64,pm_01,pm_travel_to_yard,5
2024-01-01 08:49:00.000000,WAIT_STOP,TEU_64_pm_travel_to_Yard1_pm_01,64,pm_01,pm_travel_to_yard,5
2024-01-01 08:49:00.000000,START,TEU_64_pm_travel_to_Yard1_pm_01,64,pm_01,pm_travel_to_yard,5
2024-01-01 08:49:12.281792,STOP,TEU_64_pm_travel_to_Yard1_pm_01,64,pm_01,pm_travel_to_yard,5
2024-01-01 07:00:00.000000,WAIT_START,TEU_64_pm_unload_Yard1_pm_01,64,pm_01,pm_unload,6
2024-01-01 08:49:12.281792,WAIT_STOP,TEU_64_pm_unload_Yard1_pm_01,64,pm_01,pm_unload,6
2024-01-01 08:49:12.281792,START,TEU_64_pm_unload_Yard1_pm_01,64,pm_01,pm_unload,6
2024-01-01 08:51:12.281792,STOP,TEU_64_pm_unload_Yard1_pm_01,64,pm_01,pm_unload,6
2024-01-01 07:00:00.000000,WAIT_START,TEU_64_pm_return_pm_01,64,pm_01,pm_return,7
2024-01-01 08:51:12.281792,WAIT_STOP,TEU_64_pm_return_pm_01,64,pm_01,pm_return,7
2024-01-01 08:51:12.281792,START,TEU_64_pm_return_pm_01,64,pm_01,pm_return,7
2024-01-01 08:51:24.563583,STOP,TEU_64_pm_return_pm_01,64,pm_01,pm_return,7
2024-01-01 07:00:00.000000,WAIT_START,TEU_65_qc_pick_qc_02,65,,qc_pick,1
2024-01-01 08:46:00.000000,WAIT_STOP,TEU_65_qc_pick_qc_02,65,,qc_pick,1
2024-01-01 08:46:00.000000,START,TEU_65_qc_pick_qc_02,65,,qc_pick,1
2024-01-01 08:47:00.000000,STOP,TEU_65_qc_pick_qc_02,65,,qc_pick,1
2024-01-01 07:00:00.000000,WAIT_START,TEU_65_qc_transfer_qc_02,65,,qc_transfer,2
2024-01-01 08:47:00.000000,WAIT_STOP,TEU_65_qc_transfer_qc_02,65,,qc_transfer,2
2024-01-01 08:47:00.000000,START,TEU_65_qc_transfer_qc_02,65,,qc_transfer,2
2024-01-01 08:48:00.000000,STOP,TEU_65_qc_transfer_qc_02,65,,qc_transfer,2
2024-01-01 07:00:00.000000,WAIT_START,TEU_65_qc_load_to_pm_pm_02,65,pm_02,qc_load_to_pm,3
2024-01-01 08:48:00.000000,WAIT_STOP,TEU_65_qc_load_to_pm_pm_02,65,pm_02,qc_load_to_pm,3
2024-01-01 08:48:00.000000,START,TEU_65_qc_load_to_pm_pm_02,65,pm_02,qc_load_to_pm,3
2024-01-01 08:50:00.000000,STOP,TEU_65_qc_load_to_pm_pm_02,65,pm_02,qc_load_to_pm,3
2024-01-01 07:00:00.000000,WAIT_START,TEU_65_qc_travelback_pm_02,65,pm_02,qc_travelback,4
2024-01-01 08:50:00.000000,WAIT_STOP,TEU_65_qc_travelback_pm_02,65,pm_02,qc_travelback,4
2024-01-01 08:50:00.000000,START,TEU_65_qc_travelback_pm_02,65,pm_02,qc_travelback,4
2024-01-01 08:51:00.000000,STOP,TEU_65_qc_travelback_pm_02,65,pm_02,qc_travelback,4
2024-01-01 07:00:00.000000,WAIT_START,TEU_65_pm_travel_to_Yard4_pm_02,65,pm_02,pm_travel_to_yard,5
2024-01-01 08:50:00.000000,WAIT_STOP,TEU_65_pm_travel_to_Yard4_pm_02,65,pm_02,pm_travel_to_yard,5
2024-01-01 08:50:00.000000,START,TEU_65_pm_travel_to_Yard4_pm_02,65,pm_02,pm_travel_to_yard,5
2024-01-01 08:50:49.127167,STOP,TEU_65_pm_travel_to_Yard4_pm_02,65,pm_02,pm_travel_to_yard,5
2024-01-01 07:00:00.000000,WAIT_START,TEU_65_pm_unload_Yard4_pm_02,65,pm_02,pm_unload,6
2024-01-01 08:50:49.127167,WAIT_STOP,TEU_65_pm_unload_Yard4_pm_02,65,pm_02,pm_unload,6
2024-01-01 08:50:49.127167,START,TEU_65_pm_unload_Yard4_pm_02,65,pm_02,pm_unload,6
2024-01-01 08:52:49.127167,STOP,TEU_65_pm_unload_Yard4_pm_02,65,pm_02,pm_unload,6
2024-01-01 07:00:00.000000,WAIT_START,TEU_65_pm_return_pm_02,65,pm_02,pm_return,7
2024-01-01 08:52:49.127167,WAIT_STOP,TEU_65_pm_return_pm_02,65,pm_02,pm_return,7
2024-01-01 08:52:49.127167,START,TEU_65_pm_return_pm_02,65,pm_02,pm_return,7
2024-01-01 08:53:38.254333,STOP,TEU_65_pm_return_pm_02,65,pm_02,pm_return,7
2024-01-01 07:00:00.000000,WAIT_START,TEU_66_qc_pick_qc_03,66,,qc_pick,1
2024-01-01 08:47:00.000000,WAIT_STOP,TEU_66_qc_pick_qc_03,66,,qc_pick,1
2024-01-01 08:47:00.000000,START,TEU_66_qc_pick_qc_03,66,,qc_pick,1
2024-01-01 08:48:00.000000,STOP,TEU_66_qc_pick_qc_03,66,,qc_pick,1
2024-01-01 07:00:00.000000,WAIT_START,TEU_66_qc_transfer_qc_03,66,,qc_transfer,2
2024-01-01 08:48:00.000000,WAIT_STOP,TEU_66_qc_transfer_qc_03,66,,qc_transfer,2
2024-01-01 08:48:00.000000,START,TEU_66_qc_transfer_qc_03,66,,qc_transfer,2
2024-01-01 08:49:00.000000,STOP,TEU_66_qc_transfer_qc_03,66,,qc_transfer,2
2024-01-01 07:00:00.000000,WAIT_START,TEU_66_qc_load_to_pm_pm_03,66,pm_03,qc_load_to_pm,3
2024-01-01 08:49:00.000000,WAIT_STOP,TEU_66_qc_load_to_pm_pm_03,66,pm_03,qc_load_to_pm,3
2024-01-01 08:49:00.000000,START,TEU_66_qc_load_to_pm_pm_03,66,pm_03,qc_load_to_pm,3
2024-01-01 08:51:00.000000,STOP,TEU_66_qc_load_to_pm_pm_03,66,pm_03,qc_load_to_pm,3
2024-01-01 07:00:00.000000,WAIT_START,TEU_66_qc_travelback_pm_03,66,pm_03,qc_travelback,4
2024-01-01 08:51:00.000000,WAIT_STOP,TEU_66_qc_travelback_pm_03,66,pm_03,qc_travelback,4
2024-01-01 08:51:00.000000,START,TEU_66_qc_travelback_pm_03,66,pm_03,qc_travelback,4
2024-01-01 08:52:00.000000,STOP,TEU_66_qc_travelback_pm_03,66,pm_03,qc_travelback,4
2024-01-01 07:00:00.000000,WAIT_START,TEU_66_pm_travel_to_Yard1_pm_03,66,pm_03,pm_travel_to_yard,5
2024-01-01 08:51:00.000000,WAIT_STOP,TEU_66_pm_travel_to_Yard1_pm_03,66,pm_03,pm_travel_to_yard,5
2024-01-01 08:51:00.000000,START,TEU_66_pm_travel_to_Yard1_pm_03,66,pm_03,pm_travel_to_yard,5
2024-01-01 08:51:12.281792,STOP,TEU_66_pm_travel_to_Yard1_pm_03,66,pm_03,pm_travel_to_yard,5
2024-01-01 07:00:00.000000,WAIT_START,TEU_66_pm_unload_Yard1_pm_03,66,pm_03,pm_unload,6
2024-01-01 08:51:12.281792,WAIT_STOP,TEU_66_pm_unload_Yard1_pm_03,66,pm_03,pm_unload,6
2024-01-01 08:51:12.281792,START,TEU_66_pm_unload_Yard1_pm_03,66,pm_03,pm_unload,6
2024-01-01 08:53:12.281792,STOP,TEU_66_pm_unload_Yard1_pm_03,66,pm_03,pm_unload,6
2024-01-01 07:00:00.000000,WAIT_START,TEU_66_pm_return_pm_03,66,pm_03,pm_return,7
2024-01-01 08:53:12.281792,WAIT_STOP,TEU_66_pm_return_pm_03,66,pm_03,pm_return,7
2024-01-01 08:53:12.281792,START,TEU_66_pm_return_pm_03,66,pm_03,pm_return,7
2024-01-01 08:53:24.563583,STOP,TEU_66_pm_return_pm_03,66,pm_03,pm_return,7
2024-01-01 07:00:00.000000,WAIT_START,TEU_67_qc_pick_qc_01,67,,qc_pick,1
2024-01-01 08:50:00.000000,WAIT_STOP,TEU_67_qc_pick_qc_01,67,,qc_pick,1
2024-01-01 08:50:00.000000,START,TEU_67_qc_pick_qc_01,67,,qc_pick,1
2024-01-01 08:51:00.000000,STOP,TEU_67_qc_pick_qc_01,67,,qc_pick,1
2024-01-01 07:00:00.000000,WAIT_START,TEU_67_qc_transfer_qc_01,67,,qc_transfer,2
2024-01-01 08:51:00.000000,WAIT_STOP,TEU_67_qc_transfer_qc_01,67,,qc_transfer,2
2024-01-01 08:51:00.000000,START,TEU_67_qc_transfer_qc_01,67,,qc_transfer,2
2024-01-01 08:52:00.000000,STOP,TEU_67_qc_transfer_qc_01,67,,qc_transfer,2
2024-01-01 07:00:00.000000,WAIT_START,TEU_67_qc_load_to_pm_pm_04,67,pm_04,qc_load_to_pm,3
2024-01-01 08:52:00.000000,WAIT_STOP,TEU_67_qc_load_to_pm_pm_04,67,pm_04,qc_load_to_pm,3
2024-01-01 08:52:00.000000,START,TEU_67_qc_load_to_pm_pm_04,67,pm_04,qc_load_to_pm,3
2024-01-01 08:54:00.000000,STOP,TEU_67_qc_load_to_pm_pm_04,67,pm_04,qc_load_to_pm,3
2024-01-01 07:00:00.000000,WAIT_START,TEU_67_qc_travelback_pm_04,67,pm_04,qc_travelback,4
2024-01-01 08:54:00.000000,WAIT_STOP,TEU_67_qc_travelback_pm_04,67,pm_04,qc_travelback,4
2024-01-01 08:54:00.000000,START,TEU_67_qc_travelback_pm_04,67,pm_04,qc_travelback,4
2024-01-01 08:55:00.000000,STOP,TEU_67_qc_travelback_pm_04,67,pm_04,qc_travelback,4
2024-01-01 07:00:00.000000,WAIT_START,TEU_67_pm_travel_to_Yard1_pm_04,67,pm_04,pm_travel_to_yard,5
2024-01-01 08:54:00.000000,WAIT_STOP,TEU_67_pm_travel_to_Yard1_pm_04,67,pm_04,pm_travel_to_yard,5
2024-01-01 08:54:00.000000,START,TEU_67_pm_travel_to_Yard1_pm_04,67,pm_04,pm_travel_to_yard,5
2024-01-01 08:54:12.281792,STOP,TEU_67_pm_travel_to_Yard1_pm_04,67,pm_04,pm_travel_to_yard,5
2024-01-01 07:00:00.000000,WAIT_START,TEU_67_pm_unload_Yard1_pm_04,67,pm_04,pm_unload,6
2024-01-01 08:54:12.281792,WAIT_STOP,TEU_67_pm_unload_Yard1_pm_04,67,pm_04,pm_unload,6
2024-01-01 08:54:12.281792,START,TEU_67_pm_unload_Yard1_pm_04,67,pm_04,pm_unload,6
2024-01-01 08:56:12.281792,STOP,TEU_67_pm_unload_Yard1_pm_04,67,pm_04,pm_unload,6
2024-01-01 07:00:00.000000,WAIT_START,TEU_67_pm_return_pm_04,67,pm_04,pm_return,7
2024-01-01 08:56:12.281792,WAIT_STOP,TEU_67_pm_return_pm_04,67,pm_04,pm_return,7
2024-01-01 08:56:12.281792,START,TEU_67_pm_return_pm_04,67,pm_04,pm_return,7
2024-01-01 08:56:24.563583,STOP,TEU_67_pm_return_pm_04,67,pm_04,pm_return,7
2024-01-01 07:00:00.000000,WAIT_START,TEU_68_qc_pick_qc_02,68,,qc_pick,1
2024-01-01 08:51:00.000000,WAIT_STOP,TEU_68_qc_pick_qc_02,68,,qc_pick,1
2024-01-01 08:51:00.000000,START,TEU_68_qc_pick_qc_02,68,,qc_pick,1
2024-01-01 08:52:00.000000,STOP,TEU_68_qc_pick_qc_02,68,,qc_pick,1
2024-01-01 07:00:00.000000,WAIT_START,TEU_68_qc_transfer_qc_02,68,,qc_transfer,2
2024-01-01 08:52:00.000000,WAIT_STOP,TEU_68_qc_transfer_qc_02,68,,qc_transfer,2
2024-01-01 08:52:00.000000,START,TEU_68_qc_transfer_qc_02,68,,qc_transfer,2
2024-01-01 08:53:00.000000,STOP,TEU_68_qc_transfer_qc_02,68,,qc_transfer,2
2024-01-01 07:00:00.000000,WAIT_START,TEU_68_qc_load_to_pm_pm_05,68,pm_05,qc_load_to_pm,3
2024-01-01 08:53:00.000000,WAIT_STOP,TEU_68_qc_load_to_pm_pm_05,68,pm_05,qc_load_to_pm,3
2024-01-01 08:53:00.000000,START,TEU_68_qc_load_to_pm_pm_05,68,pm_05,qc_load_to_pm,3
2024-01-01 08:55:00.000000,STOP,TEU_68_qc_load_to_pm_pm_05,68,pm_05,qc_load_to_pm,3
2024-01-01 07:00:00.000000,WAIT_START,TEU_68_qc_travelback_pm_05,68,pm_05,qc_travelback,4
2024-01-01 08:55:00.000000,WAIT_STOP,TEU_68_qc_travelback_pm_05,68,pm_05,qc_travelback,4
2024-01-01 08:55:00.000000,START,TEU_68_qc_travelback_pm_05,68,pm_05,qc_travelback,4
2024-01-01 08:56:00.000000,STOP,TEU_68_qc_travelback_pm_05,68,pm_05,qc_travelback,4
2024-01-01 07:00:00.000000,WAIT_START,TEU_68_pm_travel_to_Yard1_pm_05,68,pm_05,pm_travel_to_yard,5
2024-01-01 08:55:00.000000,WAIT_STOP,TEU_68_pm_travel_to_Yard1_pm_05,68,pm_05,pm_travel_to_yard,5
2024-01-01 08:55:00.000000,START,TEU_68_pm_travel_to_Yard1_pm_05,68,pm_05,pm_travel_to_yard,5
2024-01-01 08:55:12.281792,STOP,TEU_68_pm_travel_to_Yard1_pm_05,68,pm_05,pm_travel_to_yard,5
2024-01-01 07:00:00.000000,WAIT_START,TEU_68_pm_unload_Yard1_pm_05,68,pm_05,pm_unload,6
2024-01-01 08:55:12.281792,WAIT_STOP,TEU_68_pm_unload_Yard1_pm_05,68,pm_05,pm_unload,6
2024-01-01 08:56:12.281792,START,TEU_68_pm_unload_Yard1_pm_05,68,pm_05,pm_unload,6
2024-01-01 08:58:12.281792,STOP,TEU_68_pm_unload_Yard1_pm_05,68,pm_05,pm_unload,6
2024-01-01 07:00:00.000000,WAIT_START,TEU_68_pm_return_pm_05,68,pm_05,pm_return,7
2024-01-01 08:58:12.281792,WAIT_STOP,TEU_68_pm_return_pm_05,68,pm_05,pm_return,7
2024-01-01 08:58:12.281792,START,TEU_68_pm_return_pm_05,68,pm_05,pm_return,7
2024-01-01 08:58:24.563583,STOP,TEU_68_pm_return_pm_05,68,pm_05,pm_return,7
2024-01-01 07:00:00.000000,WAIT_START,TEU_69_qc_pick_qc_03,69,,qc_pick,1
2024-01-01 08:52:00.000000,WAIT_STOP,TEU_69_qc_pick_qc_03,69,,qc_pick,1
2024-01-01 08:52:00.000000,START,TEU_69_qc_pick_qc_03,69,,qc_pick,1
2024-01-01 08:53:00.000000,STOP,TEU_69_qc_pick_qc_03,69,,qc_pick,1
2024-01-01 07:00:00.000000,WAIT_START,TEU_69_qc_transfer_qc_03,69,,qc_transfer,2
2024-01-01 08:53:00.000000,WAIT_STOP,TEU_69_qc_transfer_qc_03,69,,qc_transfer,2
2024-01-01 08:53:00.000000,START,TEU_69_qc_transfer_qc_03,69,,qc_transfer,2
2024-01-01 08:54:00.000000,STOP,TEU_69_qc_transfer_qc_03,69,,qc_transfer,2
2024-01-01 07:00:00.000000,WAIT_START,TEU_69_qc_load_to_pm_pm_06,69,pm_06,qc_load_to_pm,3
2024-01-01 08:54:00.000000,WAIT_STOP,TEU_69_qc_load_to_pm_pm_06,69,pm_06,qc_load_to_pm,3
2024-01-01 08:54:00.000000,START,TEU_69_qc_load_to_pm_pm_06,69,pm_06,qc_load_to_pm,3
2024-01-01 08:56:00.000000,STOP,TEU_69_qc_load_to_pm_pm_06,69,pm_06,qc_load_to_pm,3
2024-01-01 07:00:00.000000,WAIT_START,TEU_69_qc_travelback_pm_06,69,pm_06,qc_travelback,4
2024-01-01 08:56:00.000000,WAIT_STOP,TEU_69_qc_travelback_pm_06,69,pm_06,qc_travelback,4
2024-01-01 08:56:00.000000,START,TEU_69_qc_travelback_pm_06,69,pm_06,qc_travelback,4
2024-01-01 08:57:00.000000,STOP,TEU_69_qc_travelback_pm_06,69,pm_06,qc_travelback,4
2024-01-01 07:00:00.000000,WAIT_START,TEU_69_pm_travel_to_Yard1_pm_06,69,pm_06,pm_travel_to_yard,5
2024-01-01 08:56:00.000000,WAIT_STOP,TEU_69_pm_travel_to_Yard1_pm_06,69,pm_06,pm_travel_to_yard,5
2024-01-01 08:56:00.000000,START,TEU_69_pm_travel_to_Yard1_pm_06,69,pm_06,pm_travel_to_yard,5
2024-01-01 08:56:12.281792,STOP,TEU_69_pm_travel_to_Yard1_pm_06,69,pm_06,pm_travel_to_yard,5
2024-01-01 07:00:00.000000,WAIT_START,TEU_69_pm_unload_Yard1_pm_06,69,pm_06,pm_unload,6
2024-01-01 08:56:12.281792,WAIT_STOP,TEU_69_pm_unload_Yard1_pm_06,69,pm_06,pm_unload,6
2024-01-01 08:58:12.281792,START,TEU_69_pm_unload_Yard1_pm_06,69,pm_06,pm_unload,6
2024-01-01 09:00:12.281792,STOP,TEU_69_pm_unload_Yard1_pm_06,69,pm_06,pm_unload,6
2024-01-01 07:00:00.000000,WAIT_START,TEU_69_pm_return_pm_06,69,pm_06,pm_return,7
2024-01-01 09:00:12.281792,WAIT_STOP,TEU_69_pm_return_pm_06,69,pm_06,pm_return,7
2024-01-01 09:00:12.281792,START,TEU_69_pm_return_pm_06,69,pm_06,pm_return,7
2024-01-01 09:00:24.563583,STOP,TEU_69_pm_return_pm_06,69,pm_06,pm_return,7
2024-01-01 07:00:00.000000,WAIT_START,TEU_70_qc_pick_qc_01,70,,qc_pick,1
2024-01-01 08:55:00.000000,WAIT_STOP,TEU_70_qc_pick_qc_01,70,,qc_pick,1
2024-01-01 08:55:00.000000,START,TEU_70_qc_pick_qc_01,70,,qc_pick,1
2024-01-01 08:56:00.000000,STOP,TEU_70_qc_pick_qc_01,70,,qc_pick,1
2024-01-01 07:00:00.000000,WAIT_START,TEU_70_qc_transfer_qc_01,70,,qc_transfer,2
2024-01-01 08:56:00.000000,WAIT_STOP,TEU_70_qc_transfer_qc_01,70,,qc_transfer,2
2024-01-01 08:56:00.000000,START,TEU_70_qc_transfer_qc_01,70,,qc_transfer,2
2024-01-01 08:57:00.000000,STOP,TEU_70_qc_transfer_qc_01,70,,qc_transfer,2
2024-01-01 07:00:00.000000,WAIT_START,TEU_70_qc_load_to_pm_pm_07,70,pm_07,qc_load_to_pm,3
2024-01-01 08:57:00.000000,WAIT_STOP,TEU_70_qc_load_to_pm_pm_07,70,pm_07,qc_load_to_pm,3
2024-01-01 08:57:00.000000,START,TEU_70_qc_load_to_pm_pm_07,70,pm_07,qc_load_to_pm,3
2024-01-01 08:59:00.000000,STOP,TEU_70_qc_load_to_pm_pm_07,70,pm_07,qc_load_to_pm,3
2024-01-01 07:00:00.000000,WAIT_START,TEU_70_qc_travelback_pm_07,70,pm_07,qc_travelback,4
2024-01-01 08:59:00.000000,WAIT_STOP,TEU_70_qc_travelback_pm_07,70,pm_07,qc_travelback,4
2024-01-01 08:59:00.000000,START,TEU_70_qc_travelback_pm_07,70,pm_07,qc_travelback,4
2024-01-01 09:00:00.000000,STOP,TEU_70_qc_travelback_pm_07,70,pm_07,qc_travelback,4
2024-01-01 07:00:00.000000,WAIT_START,TEU_70_pm_travel_to_Yard4_pm_07,70,pm_07,pm_travel_to_yard,5
2024-01-01 08:59:00.000000,WAIT_STOP,TEU_70_pm_travel_to_Yard4_pm_07,70,pm_07,pm_travel_to_yard,5
2024-01-01 08:59:00.000000,START,TEU_70_pm_travel_to_Yard4_pm_07,70,pm_07,pm_travel_to_yard,5
2024-01-01 08:59:49.127167,STOP,TEU_70_pm_travel_to_Yard4_pm_07,70,pm_07,pm_travel_to_yard,5
2024-01-01 07:00:00.000000,WAIT_START,TEU_70_pm_unload_Yard4_pm_07,70,pm_07,pm_unload,6
2024-01-01 08:59:49.127167,WAIT_STOP,TEU_70_pm_unload_Yard4_pm_07,70,pm_07,pm_unload,6
2024-01-01 08:59:49.127167,START,TEU_70_pm_unload_Yard4_pm_07,70,pm_07,pm_unload,6
2024-01-01 09:01:49.127167,STOP,TEU_70_pm_unload_Yard4_pm_07,70,pm_07,pm_unload,6
2024-01-01 07:00:00.000000,WAIT_START,TEU_70_pm_return_pm_07,70,pm_07,pm_return,7
2024-01-01 09:01:49.127167,WAIT_STOP,TEU_70_pm_return_pm_07,70,pm_07,pm_return,7
2024-01-01 09:01:49.127167,START,TEU_70_pm_return_pm_07,70,pm_07,pm_return,7
2024-01-01 09:02:38.254333,STOP,TEU_70_pm_return_pm_07,70,pm_07,pm_return,7
2024-01-01 07:00:00.000000,WAIT_START,TEU_71_qc_pick_qc_02,71,,qc_pick,1
2024-01-01 08:56:00.000000,WAIT_STOP,TEU_71_qc_pick_qc_02,71,,qc_pick,1
2024-01-01 08:56:00.000000,START,TEU_71_qc_pick_qc_02,71,,qc_pick,1
2024-01-01 08:57:00.000000,STOP,TEU_71_qc_pick_qc_02,71,,qc_pick,1
2024-01-01 07:00:00.000000,WAIT_START,TEU_71_qc_transfer_qc_02,71,,qc_transfer,2
2024-01-01 08:57:00.000000,WAIT_STOP,TEU_71_qc_transfer_qc_02,71,,qc_transfer,2
2024-01-01 08:57:00.000000,START,TEU_71_qc_transfer_qc_02,71,,qc_transfer,2
2024-01-01 08:58:00.000000,STOP,TEU_71_qc_transfer_qc_02,71,,qc_transfer,2
2024-01-01 07:00:00.000000,WAIT_START,TEU_71_qc_load_to_pm_pm_08,71,pm_08,qc_load_to_pm,3
2024-01-01 08:58:00.000000,WAIT_STOP,TEU_71_qc_load_to_pm_pm_08,71,pm_08,qc_load_to_pm,3
2024-01-01 08:58:00.000000,START,TEU_71_qc_load_to_pm_pm_08,71,pm_08,qc_load_to_pm,3
2024-01-01 09:00:00.000000,STOP,TEU_71_qc_load_to_pm_pm_08,71,pm_08,qc_load_to_pm,3
2024-01-01 07:00:00.000000,WAIT_START,TEU_71_qc_travelback_pm_08,71,pm_08,qc_travelback,4
2024-01-01 09:00:00.000000,WAIT_STOP,TEU_71_qc_travelback_pm_08,71,pm_08,qc_travelback,4
2024-01-01 09:00:00.000000,START,TEU_71_qc_travelback_pm_08,71,pm_08,qc_travelback,4
2024-01-01 09:01:00.000000,STOP,TEU_71_qc_travelback_pm_08,71,pm_08,qc_travelback,4
2024-01-01 07:00:00.000000,WAIT_START,TEU_71_pm_travel_to_Yard1_pm_08,71,pm_08,pm_travel_to_yard,5
2024-01-01 09:00:00.000000,WAIT_STOP,TEU_71_pm_travel_to_Yard1_pm_08,71,pm_08,pm_travel_to_yard,5
2024-01-01 09:00:00.000000,START,TEU_71_pm_travel_to_Yard1_pm_08,71,pm_08,pm_travel_to_yard,5
2024-01-01 09:00:12.281792,STOP,TEU_71_pm_travel_to_Yard1_pm_08,71,pm_08,pm_travel_to_yard,5
2024-01-01 07:00:00.000000,WAIT_START,TEU_71_pm_unload_Yard1_pm_08,71,pm_08,pm_unload,6
2024-01-01 09:00:12.281792,WAIT_STOP,TEU_71_pm_unload_Yard1_pm_08,71,pm_08,pm_unload,6
2024-01-01 09:00:12.281792,START,TEU_71_pm_unload_Yard1_pm_08,71,pm_08,pm_unload,6
2024-01-01 09:02:12.281792,STOP,TEU_71_pm_unload_Yard1_pm_08,71,pm_08,pm_unload,6
2024-01-01 07:00:00.000000,WAIT_START,TEU_71_pm_return_pm_08,71,pm_08,pm_return,7
2024-01-01 09:02:12.281792,WAIT_STOP,TEU_71_pm_return_pm_08,71,pm_08,pm_return,7
2024-01-01 09:02:12.281792,START,TEU_71_pm_return_pm_08,71,pm_08,pm_return,7
2024-01-01 09:02:24.563583,STOP,TEU_71_pm_return_pm_08,71,pm_08,pm_return,7
2024-01-01 07:00:00.000000,WAIT_START,TEU_72_qc_pick_qc_03,72,,qc_pick,1
2024-01-01 08:57:00.000000,WAIT_STOP,TEU_72_qc_pick_qc_03,72,,qc_pick,1
2024-01-01 08:57:00.000000,START,TEU_72_qc_pick_qc_03,72,,qc_pick,1
2024-01-01 08:58:00.000000,STOP,TEU_72_qc_pick_qc_03,72,,qc_pick,1
2024-01-01 07:00:00.000000,WAIT_START,TEU_72_qc_transfer_qc_03,72,,qc_transfer,2
2024-01-01 08:58:00.000000,WAIT_STOP,TEU_72_qc_transfer_qc_03,72,,qc_transfer,2
2024-01-01 08:58:00.000000,START,TEU_72_qc_transfer_qc_03,72,,qc_transfer,2
2024-01-01 08:59:00.000000,STOP,TEU_72_qc_transfer_qc_03,72,,qc_transfer,2
2024-01-01 07:00:00.000000,WAIT_START,TEU_72_qc_load_to_pm_pm_09,72,pm_09,qc_load_to_pm,3
2024-01-01 08:59:00.000000,WAIT_STOP,TEU_72_qc_load_to_pm_pm_09,72,pm_09,qc_load_to_pm,3
2024-01-01 08:59:00.000000,START,TEU_72_qc_load_to_pm_pm_09,72,pm_09,qc_load_to_pm,3
2024-01-01 09:01:00.000000,STOP,TEU_72_qc_load_to_pm_pm_09,72,pm_09,qc_load_to_pm,3
2024-01-01 07:00:00.000000,WAIT_START,TEU_72_qc_travelback_pm_09,72,pm_09,qc_travelback,4
2024-01-01 09:01:00.000000,WAIT_STOP,TEU_72_qc_travelback_pm_09,72,pm_09,qc_travelback,4
2024-01-01 09:01:00.000000,START,TEU_72_qc_travelback_pm_09,72,pm_09,qc_travelback,4
2024-01-01 09:02:00.000000,STOP,TEU_72_qc_travelback_pm_09,72,pm_09,qc_travelback,4
2024-01-01 07:00:00.000000,WAIT_START,TEU_72_pm_travel_to_Yard4_pm_09,72,pm_09,pm_travel_to_yard,5
2024-01-01 09:01:00.000000,WAIT_STOP,TEU_72_pm_travel_to_Yard4_pm_09,72,pm_09,pm_travel_to_yard,5
2024-01-01 09:01:00.000000,START,TEU_72_pm_travel_to_Yard4_pm_09,72,pm_09,pm_travel_to_yard,5
2024-01-01 09:01:49.127167,STOP,TEU_72_pm_travel_to_Yard4_pm_09,72,pm_09,pm_travel_to_yard,5
2024-01-01 07:00:00.000000,WAIT_START,TEU_72_pm_unload_Yard4_pm_09,72,pm_09,pm_unload,6
2024-01-01 09:01:49.127167,WAIT_STOP,TEU_72_pm_unload_Yard4_pm_09,72,pm_09,pm_unload,6
2024-01-01 09:01:49.127167,START,TEU_72_pm_unload_Yard4_pm_09,72,pm_09,pm_unload,6
2024-01-01 09:03:49.127167,STOP,TEU_72_pm_unload_Yard4_pm_09,72,pm_09,pm_unload,6
2024-01-01 07:00:00.000000,WAIT_START,TEU_72_pm_return_pm_09,72,pm_09,pm_return,7
2024-01-01 09:03:49.127167,WAIT_STOP,TEU_72_pm_return_pm_09,72,pm_09,pm_return,7
2024-01-01 09:03:49.127167,START,TEU_72_pm_return_pm_09,72,pm_09,pm_return,7
2024-01-01 09:04:38.254333,STOP,TEU_72_pm_return_pm_09,72,pm_09,pm_return,7
2024-01-01 07:00:00.000000,WAIT_START,TEU_73_qc_pick_qc_01,73,,qc_pick,1
2024-01-01 09:00:00.000000,WAIT_STOP,TEU_73_qc_pick_qc_01,73,,qc_pick,1
2024-01-01 09:00:00.000000,START,TEU_73_qc_pick_qc_01,73,,qc_pick,1
2024-01-01 09:01:00.000000,STOP,TEU_73_qc_pick_qc_01,73,,qc_pick,1
2024-01-01 07:00:00.000000,WAIT_START,TEU_73_qc_transfer_qc_01,73,,qc_transfer,2
2024-01-01 09:01:00.000000,WAIT_STOP,TEU_73_qc_transfer_qc_01,73,,qc_transfer,2
2024-01-01 09:01:00.000000,START,TEU_73_qc_transfer_qc_01,73,,qc_transfer,2
2024-01-01 09:02:00.000000,STOP,TEU_73_qc_transfer_qc_01,73,,qc_transfer,2
2024-01-01 07:00:00.000000,WAIT_START,TEU_73_qc_load_to_pm_pm_01,73,pm_01,qc_load_to_pm,3
2024-01-01 09:02:00.000000,WAIT_STOP,TEU_73_qc_load_to_pm_pm_01,73,pm_01,qc_load_to_pm,3
2024-01-01 09:02:00.000000,START,TEU_73_qc_load_to_pm_pm_01,73,pm_01,qc_load_to_pm,3
2024-01-01 09:04:00.000000,STOP,TEU_73_qc_load_to_pm_pm_01,73,pm_01,qc_load_to_pm,3
2024-01-01 07:00:00.000000,WAIT_START,TEU_73_qc_travelback_pm_01,73,pm_01,qc_travelback,4
2024-01-01 09:04:00.000000,WAIT_STOP,TEU_73_qc_travelback_pm_01,73,pm_01,qc_travelback,4
2024-01-01 09:04:00.000000,START,TEU_73_qc_travelback_pm_01,73,pm_01,qc_travelback,4
2024-01-01 09:05:00.000000,STOP,TEU_73_qc_travelback_pm_01,73,pm_01,qc_travelback,4
2024-01-01 07:00:00.000000,WAIT_START,TEU_73_pm_travel_to_Yard4_pm_01,73,pm_01,pm_travel_to_yard,5
2024-01-01 09:04:00.000000,WAIT_STOP,TEU_73_pm_travel_to_Yard4_pm_01,73,pm_01,pm_travel_to_yard,5
2024-01-01 09:04:00.000000,START,TEU_73_pm_travel_to_Yard4_pm_01,73,pm_01,pm_travel_to_yard,5
2024-01-01 09:04:49.127167,STOP,TEU_73_pm_travel_to_Yard4_pm_01,73,pm_01,pm_travel_to_yard,5
2024-01-01 07:00:00.000000,WAIT_START,TEU_73_pm_unload_Yard4_pm_01,73,pm_01,pm_unload,6
2024-01-01 09:04:49.127167,WAIT_STOP,TEU_73_pm_unload_Yard4_pm_01,73,pm_01,pm_unload,6
2024-01-01 09:04:49.127167,START,TEU_73_pm_unload_Yard4_pm_01,73,pm_01,pm_unload,6
2024-01-01 09:06:49.127167,STOP,TEU_73_pm_unload_Yard4_pm_01,73,pm_01,pm_unload,6
2024-01-01 07:00:00.000000,WAIT_START,TEU_73_pm_return_pm_01,73,pm_01,pm_return,7
2024-01-01 09:06:49.127167,WAIT_STOP,TEU_73_pm_return_pm_01,73,pm_01,pm_return,7
2024-01-01 09:06:49.127167,START,TEU_73_pm_return_pm_01,73,pm_01,pm_return,7
2024-01-01 09:07:38.254333,STOP,TEU_73_pm_return_pm_01,73,pm_01,pm_return,7
2024-01-01 07:00:00.000000,WAIT_START,TEU_74_qc_pick_qc_02,74,,qc_pick,1
2024-01-01 09:01:00.000000,WAIT_STOP,TEU_74_qc_pick_qc_02,74,,qc_pick,1
2024-01-01 09:01:00.000000,START,TEU_74_qc_pick_qc_02,74,,qc_pick,1
2024-01-01 09:02:00.000000,STOP,TEU_74_qc_pick_qc_02,74,,qc_pick,1
2024-01-01 07:00:00.000000,WAIT_START,TEU_74_qc_transfer_qc_02,74,,qc_transfer,2
2024-01-01 09:02:00.000000,WAIT_STOP,TEU_74_qc_transfer_qc_02,74,,qc_transfer,2
2024-01-01 09:02:00.000000,START,TEU_74_qc_transfer_qc_02,74,,qc_transfer,2
2024-01-01 09:03:00.000000,STOP,TEU_74_qc_transfer_qc_02,74,,qc_transfer,2
2024-01-01 07:00:00.000000,WAIT_START,TEU_74_qc_load_to_pm_pm_02,74,pm_02,qc_load_to_pm,3
2024-01-01 09:03:00.000000,WAIT_STOP,TEU_74_qc_load_to_pm_pm_02,74,pm_02,qc_load_to_pm,3
2024-01-01 09:03:00.000000,START,TEU_74_qc_load_to_pm_pm_02,74,pm_02,qc_load_to_pm,3
2024-01-01 09:05:00.000000,STOP,TEU_74_qc_load_to_pm_pm_02,74,pm_02,qc_load_to_pm,3
2024-01-01 07:00:00.000000,WAIT_START,TEU_74_qc_travelback_pm_02,74,pm_02,qc_travelback,4
2024-01-01 09:05:00.000000,WAIT_STOP,TEU_74_qc_travelback_pm_02,74,pm_02,qc_travelback,4
2024-01-01 09:05:00.000000,START,TEU_74_qc_travelback_pm_02,74,pm_02,qc_travelback,4
2024-01-01 09:06:00.000000,STOP,TEU_74_qc_travelback_pm_02,74,pm_02,qc_travelback,4
2024-01-01 07:00:00.000000,WAIT_START,TEU_74_pm_travel_to_Yard1_pm_02,74,pm_02,pm_travel_to_yard,5
2024-01-01 09:05:00.000000,WAIT_STOP,TEU_74_pm_travel_to_Yard1_pm_02,74,pm_02,pm_travel_to_yard,5
2024-01-01 09:05:00.000000,START,TEU_74_pm_travel_to_Yard1_pm_02,74,pm_02,pm_travel_to_yard,5
2024-01-01 09:05:12.281792,STOP,TEU_74_pm_travel_to_Yard1_pm_02,74,pm_02,pm_travel_to_yard,5
2024-01-01 07:00:00.000000,WAIT_START,TEU_74_pm_unload_Yard1_pm_02,74,pm_02,pm_unload,6
2024-01-01 09:05:12.281792,WAIT_STOP,TEU_74_pm_unload_Yard1_pm_02,74,pm_02,pm_unload,6
2024-01-01 09:05:12.281792,START,TEU_74_pm_unload_Yard1_pm_02,74,pm_02,pm_unload,6
2024-01-01 09:07:12.281792,STOP,TEU_74_pm_unload_Yard1_pm_02,74,pm_02,pm_unload,6
2024-01-01 07:00:00.000000,WAIT_START,TEU_74_pm_return_pm_02,74,pm_02,pm_return,7
2024-01-01 09:07:12.281792,WAIT_STOP,TEU_74_pm_return_pm_02,74,pm_02,pm_return,7
2024-01-01 09:07:12.281792,START,TEU_74_pm_return_pm_02,74,pm_02,pm_return,7
2024-01-01 09:07:24.563583,STOP,TEU_74_pm_return_pm_02,74,pm_02,pm_return,7
2024-01-01 07:00:00.000000,WAIT_START,TEU_75_qc_pick_qc_03,75,,qc_pick,1
2024-01-01 09:02:00.000000,WAIT_STOP,TEU_75_qc_pick_qc_03,75,,qc_pick,1
2024-01-01 09:02:00.000000,START,TEU_75_qc_pick_qc_03,75,,qc_pick,1
2024-01-01 09:03:00.000000,STOP,TEU_75_qc_pick_qc_03,75,,qc_pick,1
2024-01-01 07:00:00.000000,WAIT_START,TEU_75_qc_transfer_qc_03,75,,qc_transfer,2
2024-01-01 09:03:00.000000,WAIT_STOP,TEU_75_qc_transfer_qc_03,75,,qc_transfer,2
2024-01-01 09:03:00.000000,START,TEU_75_qc_transfer_qc_03,75,,qc_transfer,2
2024-01-01 09:04:00.000000,STOP,TEU_75_qc_transfer_qc_03,75,,qc_transfer,2
2024-01-01 07:00:00.000000,WAIT_START,TEU_75_qc_load_to_pm_pm_03,75,pm_03,qc_load_to_pm,3
2024-01-01 09:04:00.000000,WAIT_STOP,TEU_75_qc_load_to_pm_pm_03,75,pm_03,qc_load_to_pm,3
2024-01-01 09:04:00.000000,START,TEU_75_qc_load_to_pm_pm_03,75,pm_03,qc_load_to_pm,3
2024-01-01 09:06:00.000000,STOP,TEU_75_qc_load_to_pm_pm_03,75,pm_03,qc_load_to_pm,3
2024-01-01 07:00:00.000000,WAIT_START,TEU_75_qc_travelback_pm_03,75,pm_03,qc_travelback,4
2024-01-01 09:06:00.000000,WAIT_STOP,TEU_75_qc_travelback_pm_03,75,pm_03,qc_travelback,4
2024-01-01 09:06:00.000000,START,TEU_75_qc_travelback_pm_03,75,pm_03,qc_travelback,4
2024-01-01 09:07:00.000000,STOP,TEU_75_qc_travelback_pm_03,75,pm_03,qc_travelback,4
2024-01-01 07:00:00.000000,WAIT_START,TEU_75_pm_travel_to_Yard1_pm_03,75,pm_03,pm_travel_to_yard,5
2024-01-01 09:06:00.000000,WAIT_STOP,TEU_75_pm_travel_to_Yard1_pm_03,75,pm_03,pm_travel_to_yard,5
2024-01-01 09:06:00.000000,START,TEU_75_pm_travel_to_Yard1_pm_03,75,pm_03,pm_travel_to_yard,5
2024-01-01 09:06:12.281792,STOP,TEU_75_pm_travel_to_Yard1_pm_03,75,pm_03,pm_travel_to_yard,5
2024-01-01 07:00:00.000000,WAIT_START,TEU_75_pm_unload_Yard1_pm_03,75,pm_03,pm_unload,6
2024-01-01 09:06:12.281792,WAIT_STOP,TEU_75_pm_unload_Yard1_pm_03,75,pm_03,pm_unload,6
2024-01-01 09:07:12.281792,START,TEU_75_pm_unload_Yard1_pm_03,75,pm_03,pm_unload,6
2024-01-01 09:09:12.281792,STOP,TEU_75_pm_unload_Yard1_pm_03,75,pm_03,pm_unload,6
2024-01-01 07:00:00.000000,WAIT_START,TEU_75_pm_return_pm_03,75,pm_03,pm_return,7
2024-01-01 09:09:12.281792,WAIT_STOP,TEU_75_pm_return_pm_03,75,pm_03,pm_return,7
2024-01-01 09:09:12.281792,START,TEU_75_pm_return_pm_03,75,pm_03,pm_return,7
2024-01-01 09:09:24.563583,STOP,TEU_75_pm_return_pm_03,75,pm_03,pm_return,7
2024-01-01 07:00:00.000000,WAIT_START,TEU_76_qc_pick_qc_01,76,,qc_pick,1
2024-01-01 09:05:00.000000,WAIT_STOP,TEU_76_qc_pick_qc_01,76,,qc_pick,1
2024-01-01 09:05:00.000000,START,TEU_76_qc_pick_qc_01,76,,qc_pick,1
2024-01-01 09:06:00.000000,STOP,TEU_76_qc_pick_qc_01,76,,qc_pick,1
2024-01-01 07:00:00.000000,WAIT_START,TEU_76_qc_transfer_qc_01,76,,qc_transfer,2
2024-01-01 09:06:00.000000,WAIT_STOP,TEU_76_qc_transfer_qc_01,76,,qc_transfer,2
2024-01-01 09:06:00.000000,START,TEU_76_qc_transfer_qc_01,76,,qc_transfer,2
2024-01-01 09:07:00.000000,STOP,TEU_76_qc_transfer_qc_01,76,,qc_transfer,2
2024-01-01 07:00:00.000000,WAIT_START,TEU_76_qc_load_to_pm_pm_04,76,pm_04,qc_load_to_pm,3
2024-01-01 09:07:00.000000,WAIT_STOP,TEU_76_qc_load_to_pm_pm_04,76,pm_04,qc_load_to_pm,3
2024-01-01 09:07:00.000000,START,TEU_76_qc_load_to_pm_pm_04,76,pm_04,qc_load_to_pm,3
2024-01-01 09:09:00.000000,STOP,TEU_76_qc_load_to_pm_pm_04,76,pm_04,qc_load_to_pm,3
2024-01-01 07:00:00.000000,WAIT_START,TEU_76_qc_travelback_pm_04,76,pm_04,qc_travelback,4
2024-01-01 09:09:00.000000,WAIT_STOP,TEU_76_qc_travelback_pm_04,76,pm_04,qc_travelback,4
2024-01-01 09:09:00.000000,START,TEU_76_qc_travelback_pm_04,76,pm_04,qc_travelback,4
2024-01-01 09:10:00.000000,STOP,TEU_76_qc_travelback_pm_04,76,pm_04,qc_travelback,4
2024-01-01 07:00:00.000000,WAIT_START,TEU_76_pm_travel_to_Yard1_pm_04,76,pm_04,pm_travel_to_yard,5
2024-01-01 09:09:00.000000,WAIT_STOP,TEU_76_pm_travel_to_Yard1_pm_04,76,pm_04,pm_travel_to_yard,5
2024-01-01 09:09:00.000000,START,TEU_76_pm_travel_to_Yard1_pm_04,76,pm_04,pm_travel_to_yard,5
2024-01-01 09:09:12.281792,STOP,TEU_76_pm_travel_to_Yard1_pm_04,76,pm_04,pm_travel_to_yard,5
2024-01-01 07:00:00.000000,WAIT_START,TEU_76_pm_unload_Yard1_pm_04,76,pm_04,pm_unload,6
2024-01-01 09:09:12.281792,WAIT_STOP,TEU_76_pm_unload_Yard1_pm_04,76,pm_04,pm_unload,6
2024-01-01 09:09:12.281792,START,TEU_76_pm_unload_Yard1_pm_04,76,pm_04,pm_unload,6
2024-01-01 09:11:12.281792,STOP,TEU_76_pm_unload_Yard1_pm_04,76,pm_04,pm_unload,6
2024-01-01 07:00:00.000000,WAIT_START,TEU_76_pm_return_pm_04,76,pm_04,pm_return,7
2024-01-01 09:11:12.281792,WAIT_STOP,TEU_76_pm_return_pm_04,76,pm_04,pm_return,7
2024-01-01 09:11:12.281792,START,TEU_76_pm_return_pm_04,76,pm_04,pm_return,7
2024-01-01 09:11:24.563583,STOP,TEU_76_pm_return_pm_04,76,pm_04,pm_return,7
2024-01-01 07:00:00.000000,WAIT_START,TEU_77_qc_pick_qc_02,77,,qc_pick,1
2024-01-01 09:06:00.000000,WAIT_STOP,TEU_77_qc_pick_qc_02,77,,qc_pick,1
2024-01-01 09:06:00.000000,START,TEU_77_qc_pick_qc_02,77,,qc_pick,1
2024-01-01 09:07:00.000000,STOP,TEU_77_qc_pick_qc_02,77,,qc_pick,1
2024-01-01 07:00:00.000000,WAIT_START,TEU_77_qc_transfer_qc_02,77,,qc_transfer,2
2024-01-01 09:07:00.000000,WAIT_STOP,TEU_77_qc_transfer_qc_02,77,,qc_transfer,2
2024-01-01 09:07:00.000000,START,TEU_77_qc_transfer_qc_02,77,,qc_transfer,2
2024-01-01 09:08:00.000000,STOP,TEU_77_qc_transfer_qc_02,77,,qc_transfer,2
2024-01-01 07:00:00.000000,WAIT_START,TEU_77_qc_load_to_pm_pm_05,77,pm_05,qc_load_to_pm,3
2024-01-01 09:08:00.000000,WAIT_STOP,TEU_77_qc_load_to_pm_pm_05,77,pm_05,qc_load_to_pm,3
2024-01-01 09:08:00.000000,START,TEU_77_qc_load_to_pm_pm_05,77,pm_05,qc_load_to_pm,3
2024-01-01 09:10:00.000000,STOP,TEU_77_qc_load_to_pm_pm_05,77,pm_05,qc_load_to_pm,3
2024-01-01 07:00:00.000000,WAIT_START,TEU_77_qc_travelback_pm_05,77,pm_05,qc_travelback,4
2024-01-01 09:10:00.000000,WAIT_STOP,TEU_77_qc_travelback_pm_05,77,pm_05,qc_travelback,4
2024-01-01 09:10:00.000000,START,TEU_77_qc_travelback_pm_05,77,pm_05,qc_travelback,4
2024-01-01 09:11:00.000000,STOP,TEU_77_qc_travelback_pm_05,77,pm_05,qc_travelback,4
2024-01-01 07:00:00.000000,WAIT_START,TEU_77_pm_travel_to_Yard4_pm_05,77,pm_05,pm_travel_to_yard,5
2024-01-01 09:10:00.000000,WAIT_STOP,TEU_77_pm_travel_to_Yard4_pm_05,77,pm_05,pm_travel_to_yard,5
2024-01-01 09:10:00.000000,START,TEU_77_pm_travel_to_Yard4_pm_05,77,pm_05,pm_travel_to_yard,5
2024-01-01 09:10:49.127167,STOP,TEU_77_pm_travel_to_Yard4_pm_05,77,pm_05,pm_travel_to_yard,5
2024-01-01 07:00:00.000000,WAIT_START,TEU_77_pm_unload_Yard4_pm_05,77,pm_05,pm_unload,6
2024-01-01 09:10:49.127167,WAIT_STOP,TEU_77_pm_unload_Yard4_pm_05,77,pm_05,pm_unload,6
2024-01-01 09:10:49.127167,START,TEU_77_pm_unload_Yard4_pm_05,77,pm_05,pm_unload,6
2024-01-01 09:12:49.127167,STOP,TEU_77_pm_unload_Yard4_pm_05,77,pm_05,pm_unload,6
2024-01-01 07:00:00.000000,WAIT_START,TEU_77_pm_return_pm_05,77,pm_05,pm_return,7
2024-01-01 09:12:49.127167,WAIT_STOP,TEU_77_pm_return_pm_05,77,pm_05,pm_return,7
2024-01-01 09:12:49.127167,START,TEU_77_pm_return_pm_05,77,pm_05,pm_return,7
2024-01-01 09:13:38.254333,STOP,TEU_77_pm_return_pm_05,77,pm_05,pm_return,7
2024-01-01 07:00:00.000000,WAIT_START,TEU_78_qc_pick_qc_03,78,,qc_pick,1
2024-01-01 09:07:00.000000,WAIT_STOP,TEU_78_qc_pick_qc_03,78,,qc_pick,1
2024-01-01 09:07:00.000000,START,TEU_78_qc_pick_qc_03,78,,qc_pick,1
2024-01-01 09:08:00.000000,STOP,TEU_78_qc_pick_qc_03,78,,qc_pick,1
2024-01-01 07:00:00.000000,WAIT_START,TEU_78_qc_transfer_qc_03,78,,qc_transfer,2
2024-01-01 09:08:00.000000,WAIT_STOP,TEU_78_qc_transfer_qc_03,78,,qc_transfer,2
2024-01-01 09:08:00.000000,START,TEU_78_qc_transfer_qc_03,78,,qc_transfer,2
2024-01-01 09:09:00.000000,STOP,TEU_78_qc_transfer_qc_03,78,,qc_transfer,2
2024-01-01 07:00:00.000000,WAIT_START,TEU_78_qc_load_to_pm_pm_06,78,pm_06,qc_load_to_pm,3
2024-01-01 09:09:00.000000,WAIT_STOP,TEU_78_qc_load_to_pm_pm_06,78,pm_06,qc_load_to_pm,3
2024-01-01 09:09:00.000000,START,TEU_78_qc_load_to_pm_pm_06,78,pm_06,qc_load_to_pm,3
2024-01-01 09:11:00.000000,STOP,TEU_78_qc_load_to_pm_pm_06,78,pm_06,qc_load_to_pm,3
2024-01-01 07:00:00.000000,WAIT_START,TEU_78_qc_travelback_pm_06,78,pm_06,qc_travelback,4
2024-01-01 09:11:00.000000,WAIT_STOP,TEU_78_qc_travelback_pm_06,78,pm_06,qc_travelback,4
2024-01-01 09:11:00.000000,START,TEU_78_qc_travelback_pm_06,78,pm_06,qc_travelback,4
2024-01-01 09:12:00.000000,STOP,TEU_78_qc_travelback_pm_06,78,pm_06,qc_travelback,4
2024-01-01 07:00:00.000000,WAIT_START,TEU_78_pm_travel_to_Yard4_pm_06,78,pm_06,pm_travel_to_yard,5
2024-01-01 09:11:00.000000,WAIT_STOP,TEU_78_pm_travel_to_Yard4_pm_06,78,pm_06,pm_travel_to_yard,5
2024-01-01 09:11:00.000000,START,TEU_78_pm_travel_to_Yard4_pm_06,78,pm_06,pm_travel_to_yard,5
2024-01-01 09:11:49.127167,STOP,TEU_78_pm_travel_to_Yard4_pm_06,78,pm_06,pm_travel_to_yard,5
2024-01-01 07:00:00.000000,WAIT_START,TEU_78_pm_unload_Yard4_pm_06,78,pm_06,pm_unload,6
2024-01-01 09:11:49.127167,WAIT_STOP,TEU_78_pm_unload_Yard4_pm_06,78,pm_06,pm_unload,6
2024-01-01 09:12:49.127167,START,TEU_78_pm_unload_Yard4_pm_06,78,pm_06,pm_unload,6
2024-01-01 09:14:49.127167,STOP,TEU_78_pm_unload_Yard4_pm_06,78,pm_06,pm_unload,6
2024-01-01 07:00:00.000000,WAIT_START,TEU_78_pm_return_pm_06,78,pm_06,pm_return,7
2024-01-01 09:14:49.127167,WAIT_STOP,TEU_78_pm_return_pm_06,78,pm_06,pm_return,7
2024-01-01 09:14:49.127167,START,TEU_78_pm_return_pm_06,78,pm_06,pm_return,7
2024-01-01 09:15:38.254333,STOP,TEU_78_pm_return_pm_06,78,pm_06,pm_return,7
2024-01-01 07:00:00.000000,WAIT_START,TEU_79_qc_pick_qc_01,79,,qc_pick,1
2024-01-01 09:10:00.000000,WAIT_STOP,TEU_79_qc_pick_qc_01,79,,qc_pick,1
2024-01-01 09:10:00.000000,START,TEU_79_qc_pick_qc_01,79,,qc_pick,1
2024-01-01 09:11:00.000000,STOP,TEU_79_qc_pick_qc_01,79,,qc_pick,1
2024-01-01 07:00:00.000000,WAIT_START,TEU_79_qc_transfer_qc_01,79,,qc_transfer,2
2024-01-01 09:11:00.000000,WAIT_STOP,TEU_79_qc_transfer_qc_01,79,,qc_transfer,2
2024-01-01 09:11:00.000000,START,TEU_79_qc_transfer_qc_01,79,,qc_transfer,2
2024-01-01 09:12:00.000000,STOP,TEU_79_qc_transfer_qc_01,79,,qc_transfer,2
2024-01-01 07:00:00.000000,WAIT_START,TEU_79_qc_load_to_pm_pm_07,79,pm_07,qc_load_to_pm,3
2024-01-01 09:12:00.000000,WAIT_STOP,TEU_79_qc_load_to_pm_pm_07,79,pm_07,qc_load_to_pm,3
2024-01-01 09:12:00.000000,START,TEU_79_qc_load_to_pm_pm_07,79,pm_07,qc_load_to_pm,3
2024-01-01 09:14:00.000000,STOP,TEU_79_qc_load_to_pm_pm_07,79,pm_07,qc_load_to_pm,3
2024-01-01 07:00:00.000000,WAIT_START,TEU_79_qc_travelback_pm_07,79,pm_07,qc_travelback,4
2024-01-01 09:14:00.000000,WAIT_STOP,TEU_79_qc_travelback_pm_07,79,pm_07,qc_travelback,4
2024-01-01 09:14:00.000000,START,TEU_79_qc_travelback_pm_07,79,pm_07,qc_travelback,4
2024-01-01 09:15:00.000000,STOP,TEU_79_qc_travelback_pm_07,79,pm_07,qc_travelback,4
2024-01-01 07:00:00.000000,WAIT_START,TEU_79_pm_travel_to_Yard1_pm_07,79,pm_07,pm_travel_to_yard,5
2024-01-01 09:14:00.000000,WAIT_STOP,TEU_79_pm_travel_to_Yard1_pm_07,79,pm_07,pm_travel_to_yard,5
2024-01-01 09:14:00.000000,START,TEU_79_pm_travel_to_Yard1_pm_07,79,pm_07,pm_travel_to_yard,5
2024-01-01 09:14:12.281792,STOP,TEU_79_pm_travel_to_Yard1_pm_07,79,pm_07,pm_travel_to_yard,5
2024-01-01 07:00:00.000000,WAIT_START,TEU_79_pm_unload_Yard1_pm_07,79,pm_07,pm_unload,6
2024-01-01 09:14:12.281792,WAIT_STOP,TEU_79_pm_unload_Yard1_pm_07,79,pm_07,pm_unload,6
2024-01-01 09:14:12.281792,START,TEU_79_pm_unload_Yard1_pm_07,79,pm_07,pm_unload,6
2024-01-01 09:16:12.281792,STOP,TEU_79_pm_unload_Yard1_pm_07,79,pm_07,pm_unload,6
2024-01-01 07:00:00.000000,WAIT_START,TEU_79_pm_return_pm_07,79,pm_07,pm_return,7
2024-01-01 09:16:12.281792,WAIT_STOP,TEU_79_pm_return_pm_07,79,pm_07,pm_return,7
2024-01-01 09:16:12.281792,START,TEU_79_pm_return_pm_07,79,pm_07,pm_return,7
2024-01-01 09:16:24.563583,STOP,TEU_79_pm_return_pm_07,79,pm_07,pm_return,7
2024-01-01 07:00:00.000000,WAIT_START,TEU_80_qc_pick_qc_02,80,,qc_pick,1
2024-01-01 09:11:00.000000,WAIT_STOP,TEU_80_qc_pick_qc_02,80,,qc_pick,1
2024-01-01 09:11:00.000000,START,TEU_80_qc_pick_qc_02,80,,qc_pick,1
2024-01-01 09:12:00.000000,STOP,TEU_80_qc_pick_qc_02,80,,qc_pick,1
2024-01-01 07:00:00.000000,WAIT_START,TEU_80_qc_transfer_qc_02,80,,qc_transfer,2
2024-01-01 09:12:00.000000,WAIT_STOP,TEU_80_qc_transfer_qc_02,80,,qc_transfer,2
2024-01-01 09:12:00.000000,START,TEU_80_qc_transfer_qc_02,80,,qc_transfer,2
2024-01-01 09:13:00.000000,STOP,TEU_80_qc_transfer_qc_02,80,,qc_transfer,2
2024-01-01 07:00:00.000000,WAIT_START,TEU_80_qc_load_to_pm_pm_08,80,pm_08,qc_load_to_pm,3
2024-01-01 09:13:00.000000,WAIT_STOP,TEU_80_qc_load_to_pm_pm_08,80,pm_08,qc_load_to_pm,3
2024-01-01 09:13:00.000000,START,TEU_80_qc_load_to_pm_pm_08,80,pm_08,qc_load_to_pm,3
2024-01-01 09:15:00.000000,STOP,TEU_80_qc_load_to_pm_pm_08,80,pm_08,qc_load_to_pm,3
2024-01-01 07:00:00.000000,WAIT_START,TEU_80_qc_travelback_pm_08,80,pm_08,qc_travelback,4
2024-01-01 09:15:00.000000,WAIT_STOP,TEU_80_qc_travelback_pm_08,80,pm_08,qc_travelback,4
2024-01-01 09:15:00.000000,START,TEU_80_qc_travelback_pm_08,80,pm_08,qc_travelback,4
2024-01-01 09:16:00.000000,STOP,TEU_80_qc_travelback_pm_08,80,pm_08,qc_travelback,4
2024-01-01 07:00:00.000000,WAIT_START,TEU_80_pm_travel_to_Yard1_pm_08,80,pm_08,pm_travel_to_yard,5
2024-01-01 09:15:00.000000,WAIT_STOP,TEU_80_pm_travel_to_Yard1_pm_08,80,pm_08,pm_travel_to_yard,5
2024-01-01 09:15:00.000000,START,TEU_80_pm_travel_to_Yard1_pm_08,80,pm_08,pm_travel_to_yard,5
2024-01-01 09:15:12.281792,STOP,TEU_80_pm_travel_to_Yard1_pm_08,80,pm_08,pm_travel_to_yard,5
2024-01-01 07:00:00.000000,WAIT_START,TEU_80_pm_unload_Yard1_pm_08,80,pm_08,pm_unload,6
2024-01-01 09:15:12.281792,WAIT_STOP,TEU_80_pm_unload_Yard1_pm_08,80,pm_08,pm_unload,6
2024-01-01 09:16:12.281792,START,TEU_80_pm_unload_Yard1_pm_08,80,pm_08,pm_unload,6
2024-01-01 09:18:12.281792,STOP,TEU_80_pm_unload_Yard1_pm_08,80,pm_08,pm_unload,6
2024-01-01 07:00:00.000000,WAIT_START,TEU_80_pm_return_pm_08,80,pm_08,pm_return,7
2024-01-01 09:18:12.281792,WAIT_STOP,TEU_80_pm_return_pm_08,80,pm_08,pm_return,7
2024-01-01 09:18:12.281792,START,TEU_80_pm_return_pm_08,80,pm_08,pm_return,7
2024-01-01 09:18:24.563583,STOP,TEU_80_pm_return_pm_08,80,pm_08,pm_return,7
2024-01-01 07:00:00.000000,WAIT_START,TEU_81_qc_pick_qc_03,81,,qc_pick,1
2024-01-01 09:12:00.000000,WAIT_STOP,TEU_81_qc_pick_qc_03,81,,qc_pick,1
2024-01-01 09:12:00.000000,START,TEU_81_qc_pick_qc_03,81,,qc_pick,1
2024-01-01 09:13:00.000000,STOP,TEU_81_qc_pick_qc_03,81,,qc_pick,1
2024-01-01 07:00:00.000000,WAIT_START,TEU_81_qc_transfer_qc_03,81,,qc_transfer,2
2024-01-01 09:13:00.000000,WAIT_STOP,TEU_81_qc_transfer_qc_03,81,,qc_transfer,2
2024-01-01 09:13:00.000000,START,TEU_81_qc_transfer_qc_03,81,,qc_transfer,2
2024-01-01 09:14:00.000000,STOP,TEU_81_qc_transfer_qc_03,81,,qc_transfer,2
2024-01-01 07:00:00.000000,WAIT_START,TEU_81_qc_load_to_pm_pm_09,81,pm_09,qc_load_to_pm,3
2024-01-01 09:14:00.000000,WAIT_STOP,TEU_81_qc_load_to_pm_pm_09,81,pm_09,qc_load_to_pm,3
2024-01-01 09:14:00.000000,START,TEU_81_qc_load_to_pm_pm_09,81,pm_09,qc_load_to_pm,3
2024-01-01 09:16:00.000000,STOP,TEU_81_qc_load_to_pm_pm_09,81,pm_09,qc_load_to_pm,3
2024-01-01 07:00:00.000000,WAIT_START,TEU_81_qc_travelback_pm_09,81,pm_09,qc_travelback,4
2024-01-01 09:16:00.000000,WAIT_STOP,TEU_81_qc_travelback_pm_09,81,pm_09,qc_travelback,4
2024-01-01 09:16:00.000000,START,TEU_81_qc_travelback_pm_09,81,pm_09,qc_travelback,4
2024-01-01 09:17:00.000000,STOP,TEU_81_qc_travelback_pm_09,81,pm_09,qc_travelback,4
2024-01-01 07:00:00.000000,WAIT_START,TEU_81_pm_travel_to_Yard1_pm_09,81,pm_09,pm_travel_to_yard,5
2024-01-01 09:16:00.000000,WAIT_STOP,TEU_81_pm_travel_to_Yard1_pm_09,81,pm_09,pm_travel_to_yard,5
2024-01-01 09:16:00.000000,START,TEU_81_pm_travel_to_Yard1_pm_09,81,pm_09,pm_travel_to_yard,5
2024-01-01 09:16:12.281792,STOP,TEU_81_pm_travel_to_Yard1_pm_09,81,pm_09,pm_travel_to_yard,5
2024-01-01 07:00:00.000000,WAIT_START,TEU_81_pm_unload_Yard1_pm_09,81,pm_09,pm_unload,6
2024-01-01 09:16:12.281792,WAIT_STOP,TEU_81_pm_unload_Yard1_pm_09,81,pm_09,pm_unload,6
2024-01-01 09:18:12.281792,START,TEU_81_pm_unload_Yard1_pm_09,81,pm_09,pm_unload,6
2024-01-01 09:20:12.281792,STOP,TEU_81_pm_unload_Yard1_pm_09,81,pm_09,pm_unload,6
2024-01-01 07:00:00.000000,WAIT_START,TEU_81_pm_return_pm_09,81,pm_09,pm_return,7
2024-01-01 09:20:12.281792,WAIT_STOP,TEU_81_pm_return_pm_09,81,pm_09,pm_return,7
2024-01-01 09:20:12.281792,START,TEU_81_pm_return_pm_09,81,pm_09,pm_return,7
2024-01-01 09:20:24.563583,STOP,TEU_81_pm_return_pm_09,81,pm_09,pm_return,7
2024-01-01 07:00:00.000000,WAIT_START,TEU_82_qc_pick_qc_01,82,,qc_pick,1
2024-01-01 09:15:00.000000,WAIT_STOP,TEU_82_qc_pick_qc_01,82,,qc_pick,1
2024-01-01 09:15:00.000000,START,TEU_82_qc_pick_qc_01,82,,qc_pick,1
2024-01-01 09:16:00.000000,STOP,TEU_82_qc_pick_qc_01,82,,qc_pick,1
2024-01-01 07:00:00.000000,WAIT_START,TEU_82_qc_transfer_qc_01,82,,qc_transfer,2
2024-01-01 09:16:00.000000,WAIT_STOP,TEU_82_qc_transfer_qc_01,82,,qc_transfer,2
2024-01-01 09:16:00.000000,START,TEU_82_qc_transfer_qc_01,82,,qc_transfer,2
2024-01-01 09:17:00.000000,STOP,TEU_82_qc_transfer_qc_01,82,,qc_transfer,2
2024-01-01 07:00:00.000000,WAIT_START,TEU_82_qc_load_to_pm_pm_01,82,pm_01,qc_load_to_pm,3
2024-01-01 09:17:00.000000,WAIT_STOP,TEU_82_qc_load_to_pm_pm_01,82,pm_01,qc_load_to_pm,3
2024-01-01 09:17:00.000000,START,TEU_82_qc_load_to_pm_pm_01,82,pm_01,qc_load_to_pm,3
2024-01-01 09:19:00.000000,STOP,TEU_82_qc_load_to_pm_pm_01,82,pm_01,qc_load_to_pm,3
2024-01-01 07:00:00.000000,WAIT_START,TEU_82_qc_travelback_pm_01,82,pm_01,qc_travelback,4
2024-01-01 09:19:00.000000,WAIT_STOP,TEU_82_qc_travelback_pm_01,82,pm_01,qc_travelback,4
2024-01-01 09:19:00.000000,START,TEU_82_qc_travelback_pm_01,82,pm_01,qc_travelback,4
2024-01-01 09:20:00.000000,STOP,TEU_82_qc_travelback_pm_01,82,pm_01,qc_travelback,4
2024-01-01 07:00:00.000000,WAIT_START,TEU_82_pm_travel_to_Yard1_pm_01,82,pm_01,pm_travel_to_yard,5
2024-01-01 09:19:00.000000,WAIT_STOP,TEU_82_pm_travel_to_Yard1_pm_01,82,pm_01,pm_travel_to_yard,5
2024-01-01 09:19:00.000000,START,TEU_82_pm_travel_to_Yard1_pm_01,82,pm_01,pm_travel_to_yard,5
2024-01-01 09:19:12.281792,STOP,TEU_82_pm_travel_to_Yard1_pm_01,82,pm_01,pm_travel_to_yard,5
2024-01-01 07:00:00.000000,WAIT_START,TEU_82_pm_unload_Yard1_pm_01,82,pm_01,pm_unload,6
2024-01-01 09:19:12.281792,WAIT_STOP,TEU_82_pm_unload_Yard1_pm_01,82,pm_01,pm_unload,6
2024-01-01 09:20:12.281792,START,TEU_82_pm_unload_Yard1_pm_01,82,pm_01,pm_unload,6
2024-01-01 09:22:12.281792,STOP,TEU_82_pm_unload_Yard1_pm_01,82,pm_01,pm_unload,6
2024-01-01 07:00:00.000000,WAIT_START,TEU_82_pm_return_pm_01,82,pm_01,pm_return,7
2024-01-01 09:22:12.281792,WAIT_STOP,TEU_82_pm_return_pm_01,82,pm_01,pm_return,7
2024-01-01 09:22:12.281792,START,TEU_82_pm_return_pm_01,82,pm_01,pm_return,7
2024-01-01 09:22:24.563583,STOP,TEU_82_pm_return_pm_01,82,pm_01,pm_return,7
2024-01-01 07:00:00.000000,WAIT_START,TEU_83_qc_pick_qc_02,83,,qc_pick,1
2024-01-01 09:16:00.000000,WAIT_STOP,TEU_83_qc_pick_qc_02,83,,qc_pick,1
2024-01-01 09:16:00.000000,START,TEU_83_qc_pick_qc_02,83,,qc_pick,1
2024-01-01 09:17:00.000000,STOP,TEU_83_qc_pick_qc_02,83,,qc_pick,1
2024-01-01 07:00:00.000000,WAIT_START,TEU_83_qc_transfer_qc_02,83,,qc_transfer,2
2024-01-01 09:17:00.000000,WAIT_STOP,TEU_83_qc_transfer_qc_02,83,,qc_transfer,2
2024-01-01 09:17:00.000000,START,TEU_83_qc_transfer_qc_02,83,,qc_transfer,2
2024-01-01 09:18:00.000000,STOP,TEU_83_qc_transfer_qc_02,83,,qc_transfer,2
2024-01-01 07:00:00.000000,WAIT_START,TEU_83_qc_load_to_pm_pm_02,83,pm_02,qc_load_to_pm,3
2024-01-01 09:18:00.000000,WAIT_STOP,TEU_83_qc_load_to_pm_pm_02,83,pm_02,qc_load_to_pm,3
2024-01-01 09:18:00.000000,START,TEU_83_qc_load_to_pm_pm_02,83,pm_02,qc_load_to_pm,3
2024-01-01 09:20:00.000000,STOP,TEU_83_qc_load_to_pm_pm_02,83,pm_02,qc_load_to_pm,3
2024-01-01 07:00:00.000000,WAIT_START,TEU_83_qc_travelback_pm_02,83,pm_02,qc_travelback,4
2024-01-01 09:20:00.000000,WAIT_STOP,TEU_83_qc_travelback_pm_02,83,pm_02,qc_travelback,4
2024-01-01 09:20:00.000000,START,TEU_83_qc_travelback_pm_02,83,pm_02,qc_travelback,4
2024-01-01 09:21:00.000000,STOP,TEU_83_qc_travelback_pm_02,83,pm_02,qc_travelback,4
2024-01-01 07:00:00.000000,WAIT_START,TEU_83_pm_travel_to_Yard1_pm_02,83,pm_02,pm_travel_to_yard,5
2024-01-01 09:20:00.000000,WAIT_STOP,TEU_83_pm_travel_to_Yard1_pm_02,83,pm_02,pm_travel_to_yard,5
2024-01-01 09:20:00.000000,START,TEU_83_pm_travel_to_Yard1_pm_02,83,pm_02,pm_travel_to_yard,5
2024-01-01 09:20:12.281792,STOP,TEU_83_pm_travel_to_Yard1_pm_02,83,pm_02,pm_travel_to_yard,5
2024-01-01 07:00:00.000000,WAIT_START,TEU_83_pm_unload_Yard1_pm_02,83,pm_02,pm_unload,6
2024-01-01 09:20:12.281792,WAIT_STOP,TEU_83_pm_unload_Yard1_pm_02,83,pm_02,pm_unload,6
2024-01-01 09:22:12.281792,START,TEU_83_pm_unload_Yard1_pm_02,83,pm_02,pm_unload,6
2024-01-01 09:24:12.281792,STOP,TEU_83_pm_unload_Yard1_pm_02,83,pm_02,pm_unload,6
2024-01-01 07:00:00.000000,WAIT_START,TEU_83_pm_return_pm_02,83,pm_02,pm_return,7
2024-01-01 09:24:12.281792,WAIT_STOP,TEU_83_pm_return_pm_02,83,pm_02,pm_return,7
2024-01-01 09:24:12.281792,START,TEU_83_pm_return_pm_02,83,pm_02,pm_return,7
2024-01-01 09:24:24.563583,STOP,TEU_83_pm_return_pm_02,83,pm_02,pm_return,7
2024-01-01 07:00:00.000000,WAIT_START,TEU_84_qc_pick_qc_03,84,,qc_pick,1
2024-01-01 09:17:00.000000,WAIT_STOP,TEU_84_qc_pick_qc_03,84,,qc_pick,1
2024-01-01 09:17:00.000000,START,TEU_84_qc_pick_qc_03,84,,qc_pick,1
2024-01-01 09:18:00.000000,STOP,TEU_84_qc_pick_qc_03,84,,qc_pick,1
2024-01-01 07:00:00.000000,WAIT_START,TEU_84_qc_transfer_qc_03,84,,qc_transfer,2
2024-01-01 09:18:00.000000,WAIT_STOP,TEU_84_qc_transfer_qc_03,84,,qc_transfer,2
2024-01-01 09:18:00.000000,START,TEU_84_qc_transfer_qc_03,84,,qc_transfer,2
2024-01-01 09:19:00.000000,STOP,TEU_84_qc_transfer_qc_03,84,,qc_transfer,2
2024-01-01 07:00:00.000000,WAIT_START,TEU_84_qc_load_to_pm_pm_03,84,pm_03,qc_load_to_pm,3
2024-01-01 09:19:00.000000,WAIT_STOP,TEU_84_qc_load_to_pm_pm_03,84,pm_03,qc_load_to_pm,3
2024-01-01 09:19:00.000000,START,TEU_84_qc_load_to_pm_pm_03,84,pm_03,qc_load_to_pm,3
2024-01-01 09:21:00.000000,STOP,TEU_84_qc_load_to_pm_pm_03,84,pm_03,qc_load_to_pm,3
2024-01-01 07:00:00.000000,WAIT_START,TEU_84_qc_travelback_pm_03,84,pm_03,qc_travelback,4
2024-01-01 09:21:00.000000,WAIT_STOP,TEU_84_qc_travelback_pm_03,84,pm_03,qc_travelback,4
2024-01-01 09:21:00.000000,START,TEU_84_qc_travelback_pm_03,84,pm_03,qc_travelback,4
2024-01-01 09:22:00.000000,STOP,TEU_84_qc_travelback_pm_03,84,pm_03,qc_travelback,4
2024-01-01 07:00:00.000000,WAIT_START,TEU_84_pm_travel_to_Yard4_pm_03,84,pm_03,pm_travel_to_yard,5
2024-01-01 09:21:00.000000,WAIT_STOP,TEU_84_pm_travel_to_Yard4_pm_03,84,pm_03,pm_travel_to_yard,5
2024-01-01 09:21:00.000000,START,TEU_84_pm_travel_to_Yard4_pm_03,84,pm_03,pm_travel_to_yard,5
2024-01-01 09:21:49.127167,STOP,TEU_84_pm_travel_to_Yard4_pm_03,84,pm_03,pm_travel_to_yard,5
2024-01-01 07:00:00.000000,WAIT_START,TEU_84_pm_unload_Yard4_pm_03,84,pm_03,pm_unload,6
2024-01-01 09:21:49.127167,WAIT_STOP,TEU_84_pm_unload_Yard4_pm_03,84,pm_03,pm_unload,6
2024-01-01 09:21:49.127167,START,TEU_84_pm_unload_Yard4_pm_03,84,pm_03,pm_unload,6
2024-01-01 09:23:49.127167,STOP,TEU_84_pm_unload_Yard4_pm_03,84,pm_03,pm_unload,6
2024-01-01 07:00:00.000000,WAIT_START,TEU_84_pm_return_pm_03,84,pm_03,pm_return,7
2024-01-01 09:23:49.127167,WAIT_STOP,TEU_84_pm_return_pm_03,84,pm_03,pm_return,7
2024-01-01 09:23:49.127167,START,TEU_84_pm_return_pm_03,84,pm_03,pm_return,7
2024-01-01 09:24:38.254333,STOP,TEU_84_pm_return_pm_03,84,pm_03,pm_return,7
2024-01-01 07:00:00.000000,WAIT_START,TEU_85_qc_pick_qc_01,85,,qc_pick,1
2024-01-01 09:20:00.000000,WAIT_STOP,TEU_85_qc_pick_qc_01,85,,qc_pick,1
2024-01-01 09:20:00.000000,START,TEU_85_qc_pick_qc_01,85,,qc_pick,1
2024-01-01 09:21:00.000000,STOP,TEU_85_qc_pick_qc_01,85,,qc_pick,1
2024-01-01 07:00:00.000000,WAIT_START,TEU_85_qc_transfer_qc_01,85,,qc_transfer,2
2024-01-01 09:21:00.000000,WAIT_STOP,TEU_85_qc_transfer_qc_01,85,,qc_transfer,2
2024-01-01 09:21:00.000000,START,TEU_85_qc_transfer_qc_01,85,,qc_transfer,2
2024-01-01 09:22:00.000000,STOP,TEU_85_qc_transfer_qc_01,85,,qc_transfer,2
2024-01-01 07:00:00.000000,WAIT_START,TEU_85_qc_load_to_pm_pm_04,85,pm_04,qc_load_to_pm,3
2024-01-01 09:22:00.000000,WAIT_STOP,TEU_85_qc_load_to_pm_pm_04,85,pm_04,qc_load_to_pm,3
2024-01-01 09:22:00.000000,START,TEU_85_qc_load_to_pm_pm_04,85,pm_04,qc_load_to_pm,3
2024-01-01 09:24:00.000000,STOP,TEU_85_qc_load_to_pm_pm_04,85,pm_04,qc_load_to_pm,3
2024-01-01 07:00:00.000000,WAIT_START,TEU_85_qc_travelback_pm_04,85,pm_04,qc_travelback,4
2024-01-01 09:24:00.000000,WAIT_STOP,TEU_85_qc_travelback_pm_04,85,pm_04,qc_travelback,4
2024-01-01 09:24:00.000000,START,TEU_85_qc_travelback_pm_04,85,pm_04,qc_travelback,4
2024-01-01 09:25:00.000000,STOP,TEU_85_qc_travelback_pm_04,85,pm_04,qc_travelback,4
2024-01-01 07:00:00.000000,WAIT_START,TEU_85_pm_travel_to_Yard1_pm_04,85,pm_04,pm_travel_to_yard,5
2024-01-01 09:24:00.000000,WAIT_STOP,TEU_85_pm_travel_to_Yard1_pm_04,85,pm_04,pm_travel_to_yard,5
2024-01-01 09:24:00.000000,START,TEU_85_pm_travel_to_Yard1_pm_04,85,pm_04,pm_travel_to_yard,5
2024-01-01 09:24:12.281792,STOP,TEU_85_pm_travel_to_Yard1_pm_04,85,pm_04,pm_travel_to_yard,5
2024-01-01 07:00:00.000000,WAIT_START,TEU_85_pm_unload_Yard1_pm_04,85,pm_04,pm_unload,6
2024-01-01 09:24:12.281792,WAIT_STOP,TEU_85_pm_unload_Yard1_pm_04,85,pm_04,pm_unload,6
2024-01-01 09:24:12.281792,START,TEU_85_pm_unload_Yard1_pm_04,85,pm_04,pm_unload,6
2024-01-01 09:26:12.281792,STOP,TEU_85_pm_unload_Yard1_pm_04,85,pm_04,pm_unload,6
2024-01-01 07:00:00.000000,WAIT_START,TEU_85_pm_return_pm_04,85,pm_04,pm_return,7
2024-01-01 09:26:12.281792,WAIT_STOP,TEU_85_pm_return_pm_04,85,pm_04,pm_return,7
2024-01-01 09:26:12.281792,START,TEU_85_pm_return_pm_04,85,pm_04,pm_return,7
2024-01-01 09:26:24.563583,STOP,TEU_85_pm_return_pm_04,85,pm_04,pm_return,7
2024-01-01 07:00:00.000000,WAIT_START,TEU_86_qc_pick_qc_02,86,,qc_pick,1
2024-01-01 09:21:00.000000,WAIT_STOP,TEU_86_qc_pick_qc_02,86,,qc_pick,1
2024-01-01 09:21:00.000000,START,TEU_86_qc_pick_qc_02,86,,qc_pick,1
2024-01-01 09:22:00.000000,STOP,TEU_86_qc_pick_qc_02,86,,qc_pick,1
2024-01-01 07:00:00.000000,WAIT_START,TEU_86_qc_transfer_qc_02,86,,qc_transfer,2
2024-01-01 09:22:00.000000,WAIT_STOP,TEU_86_qc_transfer_qc_02,86,,qc_transfer,2
2024-01-01 09:22:00.000000,START,TEU_86_qc_transfer_qc_02,86,,qc_transfer,2
2024-01-01 09:23:00.000000,STOP,TEU_86_qc_transfer_qc_02,86,,qc_transfer,2
2024-01-01 07:00:00.000000,WAIT_START,TEU_86_qc_load_to_pm_pm_05,86,pm_05,qc_load_to_pm,3
2024-01-01 09:23:00.000000,WAIT_STOP,TEU_86_qc_load_to_pm_pm_05,86,pm_05,qc_load_to_pm,3
2024-01-01 09:23:00.000000,START,TEU_86_qc_load_to_pm_pm_05,86,pm_05,qc_load_to_pm,3
2024-01-01 09:25:00.000000,STOP,TEU_86_qc_load_to_pm_pm_05,86,pm_05,qc_load_to_pm,3
2024-01-01 07:00:00.000000,WAIT_START,TEU_86_qc_travelback_pm_05,86,pm_05,qc_travelback,4
2024-01-01 09:25:00.000000,WAIT_STOP,TEU_86_qc_travelback_pm_05,86,pm_05,qc_travelback,4
2024-01-01 09:25:00.000000,START,TEU_86_qc_travelback_pm_05,86,pm_05,qc_travelback,4
2024-01-01 09:26:00.000000,STOP,TEU_86_qc_travelback_pm_05,86,pm_05,qc_travelback,4
2024-01-01 07:00:00.000000,WAIT_START,TEU_86_pm_travel_to_Yard1_pm_05,86,pm_05,pm_travel_to_yard,5
2024-01-01 09:25:00.000000,WAIT_STOP,TEU_86_pm_travel_to_Yard1_pm_05,86,pm_05,pm_travel_to_yard,5
2024-01-01 09:25:00.000000,START,TEU_86_pm_travel_to_Yard1_pm_05,86,pm_05,pm_travel_to_yard,5
2024-01-01 09:25:12.281792,STOP,TEU_86_pm_travel_to_Yard1_pm_05,86,pm_05,pm_travel_to_yard,5
2024-01-01 07:00:00.000000,WAIT_START,TEU_86_pm_unload_Yard1_pm_05,86,pm_05,pm_unload,6
2024-01-01 09:25:12.281792,WAIT_STOP,TEU_86_pm_unload_Yard1_pm_05,86,pm_05,pm_unload,6
2024-01-01 09:26:12.281792,START,TEU_86_pm_unload_Yard1_pm_05,86,pm_05,pm_unload,6
2024-01-01 09:28:12.281792,STOP,TEU_86_pm_unload_Yard1_pm_05,86,pm_05,pm_unload,6
2024-01-01 07:00:00.000000,WAIT_START,TEU_86_pm_return_pm_05,86,pm_05,pm_return,7
2024-01-01 09:28:12.281792,WAIT_STOP,TEU_86_pm_return_pm_05,86,pm_05,pm_return,7
2024-01-01 09:28:12.281792,START,TEU_86_pm_return_pm_05,86,pm_05,pm_return,7
2024-01-01 09:28:24.563583,STOP,TEU_86_pm_return_pm_05,86,pm_05,pm_return,7
2024-01-01 07:00:00.000000,WAIT_START,TEU_87_qc_pick_qc_03,87,,qc_pick,1
2024-01-01 09:22:00.000000,WAIT_STOP,TEU_87_qc_pick_qc_03,87,,qc_pick,1
2024-01-01 09:22:00.000000,START,TEU_87_qc_pick_qc_03,87,,qc_pick,1
2024-01-01 09:23:00.000000,STOP,TEU_87_qc_pick_qc_03,87,,qc_pick,1
2024-01-01 07:00:00.000000,WAIT_START,TEU_87_qc_transfer_qc_03,87,,qc_transfer,2
2024-01-01 09:23:00.000000,WAIT_STOP,TEU_87_qc_transfer_qc_03,87,,qc_transfer,2
2024-01-01 09:23:00.000000,START,TEU_87_qc_transfer_qc_03,87,,qc_transfer,2
2024-01-01 09:24:00.000000,STOP,TEU_87_qc_transfer_qc_03,87,,qc_transfer,2
2024-01-01 07:00:00.000000,WAIT_START,TEU_87_qc_load_to_pm_pm_06,87,pm_06,qc_load_to_pm,3
2024-01-01 09:24:00.000000,WAIT_STOP,TEU_87_qc_load_to_pm_pm_06,87,pm_06,qc_load_to_pm,3
2024-01-01 09:24:00.000000,START,TEU_87_qc_load_to_pm_pm_06,87,pm_06,qc_load_to_pm,3
2024-01-01 09:26:00.000000,STOP,TEU_87_qc_load_to_pm_pm_06,87,pm_06,qc_load_to_pm,3
2024-01-01 07:00:00.000000,WAIT_START,TEU_87_qc_travelback_pm_06,87,pm_06,qc_travelback,4
2024-01-01 09:26:00.000000,WAIT_STOP,TEU_87_qc_travelback_pm_06,87,pm_06,qc_travelback,4
2024-01-01 09:26:00.000000,START,TEU_87_qc_travelback_pm_06,87,pm_06,qc_travelback,4
2024-01-01 09:27:00.000000,STOP,TEU_87_qc_travelback_pm_06,87,pm_06,qc_travelback,4
2024-01-01 07:00:00.000000,WAIT_START,TEU_87_pm_travel_to_Yard1_pm_06,87,pm_06,pm_travel_to_yard,5
2024-01-01 09:26:00.000000,WAIT_STOP,TEU_87_pm_travel_to_Yard1_pm_06,87,pm_06,pm_travel_to_yard,5
2024-01-01 09:26:00.000000,START,TEU_87_pm_travel_to_Yard1_pm_06,87,pm_06,pm_travel_to_yard,5
2024-01-01 09:26:12.281792,STOP,TEU_87_pm_travel_to_Yard1_pm_06,87,pm_06,pm_travel_to_yard,5
2024-01-01 07:00:00.000000,WAIT_START,TEU_87_pm_unload_Yard1_pm_06,87,pm_06,pm_unload,6
2024-01-01 09:26:12.281792,WAIT_STOP,TEU_87_pm_unload_Yard1_pm_06,87,pm_06,pm_unload,6
2024-01-01 09:28:12.281792,START,TEU_87_pm_unload_Yard1_pm_06,87,pm_06,pm_unload,6
2024-01-01 09:30:12.281792,STOP,TEU_87_pm_unload_Yard1_pm_06,87,pm_06,pm_unload,6
2024-01-01 07:00:00.000000,WAIT_START,TEU_87_pm_return_pm_06,87,pm_06,pm_return,7
2024-01-01 09:30:12.281792,WAIT_STOP,TEU_87_pm_return_pm_06,87,pm_06,pm_return,7
2024-01-01 09:30:12.281792,START,TEU_87_pm_return_pm_06,87,pm_06,pm_return,7
2024-01-01 09:30:24.563583,STOP,TEU_87_pm_return_pm_06,87,pm_06,pm_return,7
2024-01-01 07:00:00.000000,WAIT_START,TEU_88_qc_pick_qc_01,88,,qc_pick,1
2024-01-01 09:25:00.000000,WAIT_STOP,TEU_88_qc_pick_qc_01,88,,qc_pick,1
2024-01-01 09:25:00.000000,START,TEU_88_qc_pick_qc_01,88,,qc_pick,1
2024-01-01 09:26:00.000000,STOP,TEU_88_qc_pick_qc_01,88,,qc_pick,1
2024-01-01 07:00:00.000000,WAIT_START,TEU_88_qc_transfer_qc_01,88,,qc_transfer,2
2024-01-01 09:26:00.000000,WAIT_STOP,TEU_88_qc_transfer_qc_01,88,,qc_transfer,2
2024-01-01 09:26:00.000000,START,TEU_88_qc_transfer_qc_01,88,,qc_transfer,2
2024-01-01 09:27:00.000000,STOP,TEU_88_qc_transfer_qc_01,88,,qc_transfer,2
2024-01-01 07:00:00.000000,WAIT_START,TEU_88_qc_load_to_pm_pm_07,88,pm_07,qc_load_to_pm,3
2024-01-01 09:27:00.000000,WAIT_STOP,TEU_88_qc_load_to_pm_pm_07,88,pm_07,qc_load_to_pm,3
2024-01-01 09:27:00.000000,START,TEU_88_qc_load_to_pm_pm_07,88,pm_07,qc_load_to_pm,3
2024-01-01 09:29:00.000000,STOP,TEU_88_qc_load_to_pm_pm_07,88,pm_07,qc_load_to_pm,3
2024-01-01 07:00:00.000000,WAIT_START,TEU_88_qc_travelback_pm_07,88,pm_07,qc_travelback,4
2024-01-01 09:29:00.000000,WAIT_STOP,TEU_88_qc_travelback_pm_07,88,pm_07,qc_travelback,4
2024-01-01 09:29:00.000000,START,TEU_88_qc_travelback_pm_07,88,pm_07,qc_travelback,4
2024-01-01 09:30:00.000000,STOP,TEU_88_qc_travelback_pm_07,88,pm_07,qc_travelback,4
2024-01-01 07:00:00.000000,WAIT_START,TEU_88_pm_travel_to_Yard1_pm_07,88,pm_07,pm_travel_to_yard,5
2024-01-01 09:29:00.000000,WAIT_STOP,TEU_88_pm_travel_to_Yard1_pm_07,88,pm_07,pm_travel_to_yard,5
2024-01-01 09:29:00.000000,START,TEU_88_pm_travel_to_Yard1_pm_07,88,pm_07,pm_travel_to_yard,5
2024-01-01 09:29:12.281792,STOP,TEU_88_pm_travel_to_Yard1_pm_07,88,pm_07,pm_travel_to_yard,5
2024-01-01 07:00:00.000000,WAIT_START,TEU_88_pm_unload_Yard1_pm_07,88,pm_07,pm_unload,6
2024-01-01 09:29:12.281792,WAIT_STOP,TEU_88_pm_unload_Yard1_pm_07,88,pm_07,pm_unload,6
2024-01-01 09:30:12.281792,START,TEU_88_pm_unload_Yard1_pm_07,88,pm_07,pm_unload,6
2024-01-01 09:32:12.281792,STOP,TEU_88_pm_unload_Yard1_pm_07,88,pm_07,pm_unload,6
2024-01-01 07:00:00.000000,WAIT_START,TEU_88_pm_return_pm_07,88,pm_07,pm_return,7
2024-01-01 09:32:12.281792,WAIT_STOP,TEU_88_pm_return_pm_07,88,pm_07,pm_return,7
2024-01-01 09:32:12.281792,START,TEU_88_pm_return_pm_07,88,pm_07,pm_return,7
2024-01-01 09:32:24.563583,STOP,TEU_88_pm_return_pm_07,88,pm_07,pm_return,7
2024-01-01 07:00:00.000000,WAIT_START,TEU_89_qc_pick_qc_02,89,,qc_pick,1
2024-01-01 09:26:00.000000,WAIT_STOP,TEU_89_qc_pick_qc_02,89,,qc_pick,1
2024-01-01 09:26:00.000000,START,TEU_89_qc_pick_qc_02,89,,qc_pick,1
2024-01-01 09:27:00.000000,STOP,TEU_89_qc_pick_qc_02,89,,qc_pick,1
2024-01-01 07:00:00.000000,WAIT_START,TEU_89_qc_transfer_qc_02,89,,qc_transfer,2
2024-01-01 09:27:00.000000,WAIT_STOP,TEU_89_qc_transfer_qc_02,89,,qc_transfer,2
2024-01-01 09:27:00.000000,START,TEU_89_qc_transfer_qc_02,89,,qc_transfer,2
2024-01-01 09:28:00.000000,STOP,TEU_89_qc_transfer_qc_02,89,,qc_transfer,2
2024-01-01 07:00:00.000000,WAIT_START,TEU_89_qc_load_to_pm_pm_08,89,pm_08,qc_load_to_pm,3
2024-01-01 09:28:00.000000,WAIT_STOP,TEU_89_qc_load_to_pm_pm_08,89,pm_08,qc_load_to_pm,3
2024-01-01 09:28:00.000000,START,TEU_89_qc_load_to_pm_pm_08,89,pm_08,qc_load_to_pm,3
2024-01-01 09:30:00.000000,STOP,TEU_89_qc_load_to_pm_pm_08,89,pm_08,qc_load_to_pm,3
2024-01-01 07:00:00.000000,WAIT_START,TEU_89_qc_travelback_pm_08,89,pm_08,qc_travelback,4
2024-01-01 09:30:00.000000,WAIT_STOP,TEU_89_qc_travelback_pm_08,89,pm_08,qc_travelback,4
2024-01-01 09:30:00.000000,START,TEU_89_qc_travelback_pm_08,89,pm_08,qc_travelback,4
2024-01-01 09:31:00.000000,STOP,TEU_89_qc_travelback_pm_08,89,pm_08,qc_travelback,4
2024-01-01 07:00:00.000000,WAIT_START,TEU_89_pm_travel_to_Yard4_pm_08,89,pm_08,pm_travel_to_yard,5
2024-01-01 09:30:00.000000,WAIT_STOP,TEU_89_pm_travel_to_Yard4_pm_08,89,pm_08,pm_travel_to_yard,5
2024-01-01 09:30:00.000000,START,TEU_89_pm_travel_to_Yard4_pm_08,89,pm_08,pm_travel_to_yard,5
2024-01-01 09:30:49.127167,STOP,TEU_89_pm_travel_to_Yard4_pm_08,89,pm_08,pm_travel_to_yard,5
2024-01-01 07:00:00.000000,WAIT_START,TEU_89_pm_unload_Yard4_pm_08,89,pm_08,pm_unload,6
2024-01-01 09:30:49.127167,WAIT_STOP,TEU_89_pm_unload_Yard4_pm_08,89,pm_08,pm_unload,6
2024-01-01 09:30:49.127167,START,TEU_89_pm_unload_Yard4_pm_08,89,pm_08,pm_unload,6
2024-01-01 09:32:49.127167,STOP,TEU_89_pm_unload_Yard4_pm_08,89,pm_08,pm_unload,6
2024-01-01 07:00:00.000000,WAIT_START,TEU_89_pm_return_pm_08,89,pm_08,pm_return,7
2024-01-01 09:32:49.127167,WAIT_STOP,TEU_89_pm_return_pm_08,89,pm_08,pm_return,7
2024-01-01 09:32:49.127167,START,TEU_89_pm_return_pm_08,89,pm_08,pm_return,7
2024-01-01 09:33:38.254333,STOP,TEU_89_pm_return_pm_08,89,pm_08,pm_return,7
2024-01-01 07:00:00.000000,WAIT_START,TEU_90_qc_pick_qc_03,90,,qc_pick,1
2024-01-01 09:27:00.000000,WAIT_STOP,TEU_90_qc_pick_qc_03,90,,qc_pick,1
2024-01-01 09:27:00.000000,START,TEU_90_qc_pick_qc_03,90,,qc_pick,1
2024-01-01 09:28:00.000000,STOP,TEU_90_qc_pick_qc_03,90,,qc_pick,1
2024-01-01 07:00:00.000000,WAIT_START,TEU_90_qc_transfer_qc_03,90,,qc_transfer,2
2024-01-01 09:28:00.000000,WAIT_STOP,TEU_90_qc_transfer_qc_03,90,,qc_transfer,2
2024-01-01 09:28:00.000000,START,TEU_90_qc_transfer_qc_03,90,,qc_transfer,2
2024-01-01 09:29:00.000000,STOP,TEU_90_qc_transfer_qc_03,90,,qc_transfer,2
2024-01-01 07:00:00.000000,WAIT_START,TEU_90_qc_load_to_pm_pm_09,90,pm_09,qc_load_to_pm,3
2024-01-01 09:29:00.000000,WAIT_STOP,TEU_90_qc_load_to_pm_pm_09,90,pm_09,qc_load_to_pm,3
2024-01-01 09:29:00.000000,START,TEU_90_qc_load_to_pm_pm_09,90,pm_09,qc_load_to_pm,3
2024-01-01 09:31:00.000000,STOP,TEU_90_qc_load_to_pm_pm_09,90,pm_09,qc_load_to_pm,3
2024-01-01 07:00:00.000000,WAIT_START,TEU_90_qc_travelback_pm_09,90,pm_09,qc_travelback,4
2024-01-01 09:31:00.000000,WAIT_STOP,TEU_90_qc_travelback_pm_09,90,pm_09,qc_travelback,4
2024-01-01 09:31:00.000000,START,TEU_90_qc_travelback_pm_09,90,pm_09,qc_travelback,4
2024-01-01 09:32:00.000000,STOP,TEU_90_qc_travelback_pm_09,90,pm_09,qc_travelback,4
2024-01-01 07:00:00.000000,WAIT_START,TEU_90_pm_travel_to_Yard1_pm_09,90,pm_09,pm_travel_to_yard,5
2024-01-01 09:31:00.000000,WAIT_STOP,TEU_90_pm_travel_to_Yard1_pm_09,90,pm_09,pm_travel_to_yard,5
2024-01-01 09:31:00.000000,START,TEU_90_pm_travel_to_Yard1_pm_09,90,pm_09,pm_travel_to_yard,5
2024-01-01 09:31:12.281792,STOP,TEU_90_pm_travel_to_Yard1_pm_09,90,pm_09,pm_travel_to_yard,5
2024-01-01 07:00:00.000000,WAIT_START,TEU_90_pm_unload_Yard1_pm_09,90,pm_09,pm_unload,6
2024-01-01 09:31:12.281792,WAIT_STOP,TEU_90_pm_unload_Yard1_pm_09,90,pm_09,pm_unload,6
2024-01-01 09:32:12.281792,START,TEU_90_pm_unload_Yard1_pm_09,90,pm_09,pm_unload,6
2024-01-01 09:34:12.281792,STOP,TEU_90_pm_unload_Yard1_pm_09,90,pm_09,pm_unload,6
2024-01-01 07:00:00.000000,WAIT_START,TEU_90_pm_return_pm_09,90,pm_09,pm_return,7
2024-01-01 09:34:12.281792,WAIT_STOP,TEU_90_pm_return_pm_09,90,pm_09,pm_return,7
2024-01-01 09:34:12.281792,START,TEU_90_pm_return_pm_09,90,pm_09,pm_return,7
2024-01-01 09:34:24.563583,STOP,TEU_90_pm_return_pm_09,90,pm_09,pm_return,7
2024-01-01 07:00:00.000000,WAIT_START,TEU_91_qc_pick_qc_01,91,,qc_pick,1
2024-01-01 09:30:00.000000,WAIT_STOP,TEU_91_qc_pick_qc_01,91,,qc_pick,1
2024-01-01 09:30:00.000000,START,TEU_91_qc_pick_qc_01,91,,qc_pick,1
2024-01-01 09:31:00.000000,STOP,TEU_91_qc_pick_qc_01,91,,qc_pick,1
2024-01-01 07:00:00.000000,WAIT_START,TEU_91_qc_transfer_qc_01,91,,qc_transfer,2
2024-01-01 09:31:00.000000,WAIT_STOP,TEU_91_qc_transfer_qc_01,91,,qc_transfer,2
2024-01-01 09:31:00.000000,START,TEU_91_qc_transfer_qc_01,91,,qc_transfer,2
2024-01-01 09:32:00.000000,STOP,TEU_91_qc_transfer_qc_01,91,,qc_transfer,2
2024-01-01 07:00:00.000000,WAIT_START,TEU_91_qc_load_to_pm_pm_01,91,pm_01,qc_load_to_pm,3
2024-01-01 09:32:00.000000,WAIT_STOP,TEU_91_qc_load_to_pm_pm_01,91,pm_01,qc_load_to_pm,3
2024-01-01 09:32:00.000000,START,TEU_91_qc_load_to_pm_pm_01,91,pm_01,qc_load_to_pm,3
2024-01-01 09:34:00.000000,STOP,TEU_91_qc_load_to_pm_pm_01,91,pm_01,qc_load_to_pm,3
2024-01-01 07:00:00.000000,WAIT_START,TEU_91_qc_travelback_pm_01,91,pm_01,qc_travelback,4
2024-01-01 09:34:00.000000,WAIT_STOP,TEU_91_qc_travelback_pm_01,91,pm_01,qc_travelback,4
2024-01-01 09:34:00.000000,START,TEU_91_qc_travelback_pm_01,91,pm_01,qc_travelback,4
2024-01-01 09:35:00.000000,STOP,TEU_91_qc_travelback_pm_01,91,pm_01,qc_travelback,4
2024-01-01 07:00:00.000000,WAIT_START,TEU_91_pm_travel_to_Yard1_pm_01,91,pm_01,pm_travel_to_yard,5
2024-01-01 09:34:00.000000,WAIT_STOP,TEU_91_pm_travel_to_Yard1_pm_01,91,pm_01,pm_travel_to_yard,5
2024-01-01 09:34:00.000000,START,TEU_91_pm_travel_to_Yard1_pm_01,91,pm_01,pm_travel_to_yard,5
2024-01-01 09:34:12.281792,STOP,TEU_91_pm_travel_to_Yard1_pm_01,91,pm_01,pm_travel_to_yard,5
2024-01-01 07:00:00.000000,WAIT_START,TEU_91_pm_unload_Yard1_pm_01,91,pm_01,pm_unload,6
2024-01-01 09:34:12.281792,WAIT_STOP,TEU_91_pm_unload_Yard1_pm_01,91,pm_01,pm_unload,6
2024-01-01 09:34:12.281792,START,TEU_91_pm_unload_Yard1_pm_01,91,pm_01,pm_unload,6
2024-01-01 09:36:12.281792,STOP,TEU_91_pm_unload_Yard1_pm_01,91,pm_01,pm_unload,6
2024-01-01 07:00:00.000000,WAIT_START,TEU_91_pm_return_pm_01,91,pm_01,pm_return,7
2024-01-01 09:36:12.281792,WAIT_STOP,TEU_91_pm_return_pm_01,91,pm_01,pm_return,7
2024-01-01 09:36:12.281792,START,TEU_91_pm_return_pm_01,91,pm_01,pm_return,7
2024-01-01 09:36:24.563583,STOP,TEU_91_pm_return_pm_01,91,pm_01,pm_return,7
2024-01-01 07:00:00.000000,WAIT_START,TEU_92_qc_pick_qc_02,92,,qc_pick,1
2024-01-01 09:31:00.000000,WAIT_STOP,TEU_92_qc_pick_qc_02,92,,qc_pick,1
2024-01-01 09:31:00.000000,START,TEU_92_qc_pick_qc_02,92,,qc_pick,1
2024-01-01 09:32:00.000000,STOP,TEU_92_qc_pick_qc_02,92,,qc_pick,1
2024-01-01 07:00:00.000000,WAIT_START,TEU_92_qc_transfer_qc_02,92,,qc_transfer,2
2024-01-01 09:32:00.000000,WAIT_STOP,TEU_92_qc_transfer_qc_02,92,,qc_transfer,2
2024-01-01 09:32:00.000000,START,TEU_92_qc_transfer_qc_02,92,,qc_transfer,2
2024-01-01 09:33:00.000000,STOP,TEU_92_qc_transfer_qc_02,92,,qc_transfer,2
2024-01-01 07:00:00.000000,WAIT_START,TEU_92_qc_load_to_pm_pm_02,92,pm_02,qc_load_to_pm,3
2024-01-01 09:33:00.000000,WAIT_STOP,TEU_92_qc_load_to_pm_pm_02,92,pm_02,qc_load_to_pm,3
2024-01-01 09:33:00.000000,START,TEU_92_qc_load_to_pm_pm_02,92,pm_02,qc_load_to_pm,3
2024-01-01 09:35:00.000000,STOP,TEU_92_qc_load_to_pm_pm_02,92,pm_02,qc_load_to_pm,3
2024-01-01 07:00:00.000000,WAIT_START,TEU_92_qc_travelback_pm_02,92,pm_02,qc_travelback,4
2024-01-01 09:35:00.000000,WAIT_STOP,TEU_92_qc_travelback_pm_02,92,pm_02,qc_travelback,4
2024-01-01 09:35:00.000000,START,TEU_92_qc_travelback_pm_02,92,pm_02,qc_travelback,4
2024-01-01 09:36:00.000000,STOP,TEU_92_qc_travelback_pm_02,92,pm_02,qc_travelback,4
2024-01-01 07:00:00.000000,WAIT_START,TEU_92_pm_travel_to_Yard4_pm_02,92,pm_02,pm_travel_to_yard,5
2024-01-01 09:35:00.000000,WAIT_STOP,TEU_92_pm_travel_to_Yard4_pm_02,92,pm_02,pm_travel_to_yard,5
2024-01-01 09:35:00.000000,START,TEU_92_pm_travel_to_Yard4_pm_02,92,pm_02,pm_travel_to_yard,5
2024-01-01 09:35:49.127167,STOP,TEU_92_pm_travel_to_Yard4_pm_02,92,pm_02,pm_travel_to_yard,5
2024-01-01 07:00:00.000000,WAIT_START,TEU_92_pm_unload_Yard4_pm_02,92,pm_02,pm_unload,6
2024-01-01 09:35:49.127167,WAIT_STOP,TEU_92_pm_unload_Yard4_pm_02,92,pm_02,pm_unload,6
2024-01-01 09:35:49.127167,START,TEU_92_pm_unload_Yard4_pm_02,92,pm_02,pm_unload,6
2024-01-01 09:37:49.127167,STOP,TEU_92_pm_unload_Yard4_pm_02,92,pm_02,pm_unload,6
2024-01-01 07:00:00.000000,WAIT_START,TEU_92_pm_return_pm_02,92,pm_02,pm_return,7
2024-01-01 09:37:49.127167,WAIT_STOP,TEU_92_pm_return_pm_02,92,pm_02,pm_return,7
2024-01-01 09:37:49.127167,START,TEU_92_pm_return_pm_02,92,pm_02,pm_return,7
2024-01-01 09:38:38.254333,STOP,TEU_92_pm_return_pm_02,92,pm_02,pm_return,7
2024-01-01 07:00:00.000000,WAIT_START,TEU_93_qc_pick_qc_03,93,,qc_pick,1
2024-01-01 09:32:00.000000,WAIT_STOP,TEU_93_qc_pick_qc_03,93,,qc_pick,1
2024-01-01 09:32:00.000000,START,TEU_93_qc_pick_qc_03,93,,qc_pick,1
2024-01-01 09:33:00.000000,STOP,TEU_93_qc_pick_qc_03,93,,qc_pick,1
2024-01-01 07:00:00.000000,WAIT_START,TEU_93_qc_transfer_qc_03,93,,qc_transfer,2
2024-01-01 09:33:00.000000,WAIT_STOP,TEU_93_qc_transfer_qc_03,93,,qc_transfer,2
2024-01-01 09:33:00.000000,START,TEU_93_qc_transfer_qc_03,93,,qc_transfer,2
2024-01-01 09:34:00.000000,STOP,TEU_93_qc_transfer_qc_03,93,,qc_transfer,2
2024-01-01 07:00:00.000000,WAIT_START,TEU_93_qc_load_to_pm_pm_03,93,pm_03,qc_load_to_pm,3
2024-01-01 09:34:00.000000,WAIT_STOP,TEU_93_qc_load_to_pm_pm_03,93,pm_03,qc_load_to_pm,3
2024-01-01 09:34:00.000000,START,TEU_93_qc_load_to_pm_pm_03,93,pm_03,qc_load_to_pm,3
2024-01-01 09:36:00.000000,STOP,TEU_93_qc_load_to_pm_pm_03,93,pm_03,qc_load_to_pm,3
2024-01-01 07:00:00.000000,WAIT_START,TEU_93_qc_travelback_pm_03,93,pm_03,qc_travelback,4
2024-01-01 09:36:00.000000,WAIT_STOP,TEU_93_qc_travelback_pm_03,93,pm_03,qc_travelback,4
2024-01-01 09:36:00.000000,START,TEU_93_qc_travelback_pm_03,93,pm_03,qc_travelback,4
2024-01-01 09:37:00.000000,STOP,TEU_93_qc_travelback_pm_03,93,pm_03,qc_travelback,4
2024-01-01 07:00:00.000000,WAIT_START,TEU_93_pm_travel_to_Yard1_pm_03,93,pm_03,pm_travel_to_yard,5
2024-01-01 09:36:00.000000,WAIT_STOP,TEU_93_pm_travel_to_Yard1_pm_03,93,pm_03,pm_travel_to_yard,5
2024-01-01 09:36:00.000000,START,TEU_93_pm_travel_to_Yard1_pm_03,93,pm_03,pm_travel_to_yard,5
2024-01-01 09:36:12.281792,STOP,TEU_93_pm_travel_to_Yard1_pm_03,93,pm_03,pm_travel_to_yard,5
2024-01-01 07:00:00.000000,WAIT_START,TEU_93_pm_unload_Yard1_pm_03,93,pm_03,pm_unload,6
2024-01-01 09:36:12.281792,WAIT_STOP,TEU_93_pm_unload_Yard1_pm_03,93,pm_03,pm_unload,6
2024-01-01 09:36:12.281792,START,TEU_93_pm_unload_Yard1_pm_03,93,pm_03,pm_unload,6
2024-01-01 09:38:12.281792,STOP,TEU_93_pm_unload_Yard1_pm_03,93,pm_03,pm_unload,6
2024-01-01 07:00:00.000000,WAIT_START,TEU_93_pm_return_pm_03,93,pm_03,pm_return,7
2024-01-01 09:38:12.281792,WAIT_STOP,TEU_93_pm_return_pm_03,93,pm_03,pm_return,7
2024-01-01 09:38:12.281792,START,TEU_93_pm_return_pm_03,93,pm_03,pm_return,7
2024-01-01 09:38:24.563583,STOP,TEU_93_pm_return_pm_03,93,pm_03,pm_return,7
2024-01-01 07:00:00.000000,WAIT_START,TEU_94_qc_pick_qc_01,94,,qc_pick,1
2024-01-01 09:35:00.000000,WAIT_STOP,TEU_94_qc_pick_qc_01,94,,qc_pick,1
2024-01-01 09:35:00.000000,START,TEU_94_qc_pick_qc_01,94,,qc_pick,1
2024-01-01 09:36:00.000000,STOP,TEU_94_qc_pick_qc_01,94,,qc_pick,1
2024-01-01 07:00:00.000000,WAIT_START,TEU_94_qc_transfer_qc_01,94,,qc_transfer,2
2024-01-01 09:36:00.000000,WAIT_STOP,TEU_94_qc_transfer_qc_01,94,,qc_transfer,2
2024-01-01 09:36:00.000000,START,TEU_94_qc_transfer_qc_01,94,,qc_transfer,2
2024-01-01 09:37:00.000000,STOP,TEU_94_qc_transfer_qc_01,94,,qc_transfer,2
2024-01-01 07:00:00.000000,WAIT_START,TEU_94_qc_load_to_pm_pm_04,94,pm_04,qc_load_to_pm,3
2024-01-01 09:37:00.000000,WAIT_STOP,TEU_94_qc_load_to_pm_pm_04,94,pm_04,qc_load_to_pm,3
2024-01-01 09:37:00.000000,START,TEU_94_qc_load_to_pm_pm_04,94,pm_04,qc_load_to_pm,3
2024-01-01 09:39:00.000000,STOP,TEU_94_qc_load_to_pm_pm_04,94,pm_04,qc_load_to_pm,3
2024-01-01 07:00:00.000000,WAIT_START,TEU_94_qc_travelback_pm_04,94,pm_04,qc_travelback,4
2024-01-01 09:39:00.000000,WAIT_STOP,TEU_94_qc_travelback_pm_04,94,pm_04,qc_travelback,4
2024-01-01 09:39:00.000000,START,TEU_94_qc_travelback_pm_04,94,pm_04,qc_travelback,4
2024-01-01 09:40:00.000000,STOP,TEU_94_qc_travelback_pm_04,94,pm_04,qc_travelback,4
2024-01-01 07:00:00.000000,WAIT_START,TEU_94_pm_travel_to_Yard1_pm_04,94,pm_04,pm_travel_to_yard,5
2024-01-01 09:39:00.000000,WAIT_STOP,TEU_94_pm_travel_to_Yard1_pm_04,94,pm_04,pm_travel_to_yard,5
2024-01-01 09:39:00.000000,START,TEU_94_pm_travel_to_Yard1_pm_04,94,pm_04,pm_travel_to_yard,5
2024-01-01 09:39:12.281792,STOP,TEU_94_pm_travel_to_Yard1_pm_04,94,pm_04,pm_travel_to_yard,5
2024-01-01 07:00:00.000000,WAIT_START,TEU_94_pm_unload_Yard1_pm_04,94,pm_04,pm_unload,6
2024-01-01 09:39:12.281792,WAIT_STOP,TEU_94_pm_unload_Yard1_pm_04,94,pm_04,pm_unload,6
2024-01-01 09:39:12.281792,START,TEU_94_pm_unload_Yard1_pm_04,94,pm_04,pm_unload,6
2024-01-01 09:41:12.281792,STOP,TEU_94_pm_unload_Yard1_pm_04,94,pm_04,pm_unload,6
2024-01-01 07:00:00.000000,WAIT_START,TEU_94_pm_return_pm_04,94,pm_04,pm_return,7
2024-01-01 09:41:12.281792,WAIT_STOP,TEU_94_pm_return_pm_04,94,pm_04,pm_return,7
2024-01-01 09:41:12.281792,START,TEU_94_pm_return_pm_04,94,pm_04,pm_return,7
2024-01-01 09:41:24.563583,STOP,TEU_94_pm_return_pm_04,94,pm_04,pm_return,7
2024-01-01 07:00:00.000000,WAIT_START,TEU_95_qc_pick_qc_02,95,,qc_pick,1
2024-01-01 09:36:00.000000,WAIT_STOP,TEU_95_qc_pick_qc_02,95,,qc_pick,1
2024-01-01 09:36:00.000000,START,TEU_95_qc_pick_qc_02,95,,qc_pick,1
2024-01-01 09:37:00.000000,STOP,TEU_95_qc_pick_qc_02,95,,qc_pick,1
2024-01-01 07:00:00.000000,WAIT_START,TEU_95_qc_transfer_qc_02,95,,qc_transfer,2
2024-01-01 09:37:00.000000,WAIT_STOP,TEU_95_qc_transfer_qc_02,95,,qc_transfer,2
2024-01-01 09:37:00.000000,START,TEU_95_qc_transfer_qc_02,95,,qc_transfer,2
2024-01-01 09:38:00.000000,STOP,TEU_95_qc_transfer_qc_02,95,,qc_transfer,2
2024-01-01 07:00:00.000000,WAIT_START,TEU_95_qc_load_to_pm_pm_05,95,pm_05,qc_load_to_pm,3
2024-01-01 09:38:00.000000,WAIT_STOP,TEU_95_qc_load_to_pm_pm_05,95,pm_05,qc_load_to_pm,3
2024-01-01 09:38:00.000000,START,TEU_95_qc_load_to_pm_pm_05,95,pm_05,qc_load_to_pm,3
2024-01-01 09:40:00.000000,STOP,TEU_95_qc_load_to_pm_pm_05,95,pm_05,qc_load_to_pm,3
2024-01-01 07:00:00.000000,WAIT_START,TEU_95_qc_travelback_pm_05,95,pm_05,qc_travelback,4
2024-01-01 09:40:00.000000,WAIT_STOP,TEU_95_qc_travelback_pm_05,95,pm_05,qc_travelback,4
2024-01-01 09:40:00.000000,START,TEU_95_qc_travelback_pm_05,95,pm_05,qc_travelback,4
2024-01-01 09:41:00.000000,STOP,TEU_95_qc_travelback_pm_05,95,pm_05,qc_travelback,4
2024-01-01 07:00:00.000000,WAIT_START,TEU_95_pm_travel_to_Yard1_pm_05,95,pm_05,pm_travel_to_yard,5
2024-01-01 09:40:00.000000,WAIT_STOP,TEU_95_pm_travel_to_Yard1_pm_05,95,pm_05,pm_travel_to_yard,5
2024-01-01 09:40:00.000000,START,TEU_95_pm_travel_to_Yard1_pm_05,95,pm_05,pm_travel_to_yard,5
2024-01-01 09:40:12.281792,STOP,TEU_95_pm_travel_to_Yard1_pm_05,95,pm_05,pm_travel_to_yard,5
2024-01-01 07:00:00.000000,WAIT_START,TEU_95_pm_unload_Yard1_pm_05,95,pm_05,pm_unload,6
2024-01-01 09:40:12.281792,WAIT_STOP,TEU_95_pm_unload_Yard1_pm_05,95,pm_05,pm_unload,6
2024-01-01 09:41:12.281792,START,TEU_95_pm_unload_Yard1_pm_05,95,pm_05,pm_unload,6
2024-01-01 09:43:12.281792,STOP,TEU_95_pm_unload_Yard1_pm_05,95,pm_05,pm_unload,6
2024-01-01 07:00:00.000000,WAIT_START,TEU_95_pm_return_pm_05,95,pm_05,pm_return,7
2024-01-01 09:43:12.281792,WAIT_STOP,TEU_95_pm_return_pm_05,95,pm_05,pm_return,7
2024-01-01 09:43:12.281792,START,TEU_95_pm_return_pm_05,95,pm_05,pm_return,7
2024-01-01 09:43:24.563583,STOP,TEU_95_pm_return_pm_05,95,pm_05,pm_return,7
2024-01-01 07:00:00.000000,WAIT_START,TEU_96_qc_pick_qc_03,96,,qc_pick,1
2024-01-01 09:37:00.000000,WAIT_STOP,TEU_96_qc_pick_qc_03,96,,qc_pick,1
2024-01-01 09:37:00.000000,START,TEU_96_qc_pick_qc_03,96,,qc_pick,1
2024-01-01 09:38:00.000000,STOP,TEU_96_qc_pick_qc_03,96,,qc_pick,1
2024-01-01 07:00:00.000000,WAIT_START,TEU_96_qc_transfer_qc_03,96,,qc_transfer,2
2024-01-01 09:38:00.000000,WAIT_STOP,TEU_96_qc_transfer_qc_03,96,,qc_transfer,2
2024-01-01 09:38:00.000000,START,TEU_96_qc_transfer_qc_03,96,,qc_transfer,2
2024-01-01 09:39:00.000000,STOP,TEU_96_qc_transfer_qc_03,96,,qc_transfer,2
2024-01-01 07:00:00.000000,WAIT_START,TEU_96_qc_load_to_pm_pm_06,96,pm_06,qc_load_to_pm,3
2024-01-01 09:39:00.000000,WAIT_STOP,TEU_96_qc_load_to_pm_pm_06,96,pm_06,qc_load_to_pm,3
2024-01-01 09:39:00.000000,START,TEU_96_qc_load_to_pm_pm_06,96,pm_06,qc_load_to_pm,3
2024-01-01 09:41:00.000000,STOP,TEU_96_qc_load_to_pm_pm_06,96,pm_06,qc_load_to_pm,3
2024-01-01 07:00:00.000000,WAIT_START,TEU_96_qc_travelback_pm_06,96,pm_06,qc_travelback,4
2024-01-01 09:41:00.000000,WAIT_STOP,TEU_96_qc_travelback_pm_06,96,pm_06,qc_travelback,4
2024-01-01 09:41:00.000000,START,TEU_96_qc_travelback_pm_06,96,pm_06,qc_travelback,4
2024-01-01 09:42:00.000000,STOP,TEU_96_qc_travelback_pm_06,96,pm_06,qc_travelback,4
2024-01-01 07:00:00.000000,WAIT_START,TEU_96_pm_travel_to_Yard1_pm_06,96,pm_06,pm_travel_to_yard,5
2024-01-01 09:41:00.000000,WAIT_STOP,TEU_96_pm_travel_to_Yard1_pm_06,96,pm_06,pm_travel_to_yard,5
2024-01-01 09:41:00.000000,START,TEU_96_pm_travel_to_Yard1_pm_06,96,pm_06,pm_travel_to_yard,5
2024-01-01 09:41:12.281792,STOP,TEU_96_pm_travel_to_Yard1_pm_06,96,pm_06,pm_travel_to_yard,5
2024-01-01 07:00:00.000000,WAIT_START,TEU_96_pm_unload_Yard1_pm_06,96,pm_06,pm_unload,6
2024-01-01 09:41:12.281792,WAIT_STOP,TEU_96_pm_unload_Yard1_pm_06,96,pm_06,pm_unload,6
2024-01-01 09:43:12.281792,START,TEU_96_pm_unload_Yard1_pm_06,96,pm_06,pm_unload,6
2024-01-01 09:45:12.281792,STOP,TEU_96_pm_unload_Yard1_pm_06,96,pm_06,pm_unload,6
2024-01-01 07:00:00.000000,WAIT_START,TEU_96_pm_return_pm_06,96,pm_06,pm_return,7
2024-01-01 09:45:12.281792,WAIT_STOP,TEU_96_pm_return_pm_06,96,pm_06,pm_return,7
2024-01-01 09:45:12.281792,START,TEU_96_pm_return_pm_06,96,pm_06,pm_return,7
2024-01-01 09:45:24.563583,STOP,TEU_96_pm_return_pm_06,96,pm_06,pm_return,7
2024-01-01 07:00:00.000000,WAIT_START,TEU_97_qc_pick_qc_01,97,,qc_pick,1
2024-01-01 09:40:00.000000,WAIT_STOP,TEU_97_qc_pick_qc_01,97,,qc_pick,1
2024-01-01 09:40:00.000000,START,TEU_97_qc_pick_qc_01,97,,qc_pick,1
2024-01-01 09:41:00.000000,STOP,TEU_97_qc_pick_qc_01,97,,qc_pick,1
2024-01-01 07:00:00.000000,WAIT_START,TEU_97_qc_transfer_qc_01,97,,qc_transfer,2
2024-01-01 09:41:00.000000,WAIT_STOP,TEU_97_qc_transfer_qc_01,97,,qc_transfer,2
2024-01-01 09:41:00.000000,START,TEU_97_qc_transfer_qc_01,97,,qc_transfer,2
2024-01-01 09:42:00.000000,STOP,TEU_97_qc_transfer_qc_01,97,,qc_transfer,2
2024-01-01 07:00:00.000000,WAIT_START,TEU_97_qc_load_to_pm_pm_07,97,pm_07,qc_load_to_pm,3
2024-01-01 09:42:00.000000,WAIT_STOP,TEU_97_qc_load_to_pm_pm_07,97,pm_07,qc_load_to_pm,3
2024-01-01 09:42:00.000000,START,TEU_97_qc_load_to_pm_pm_07,97,pm_07,qc_load_to_pm,3
2024-01-01 09:44:00.000000,STOP,TEU_97_qc_load_to_pm_pm_07,97,pm_07,qc_load_to_pm,3
2024-01-01 07:00:00.000000,WAIT_START,TEU_97_qc_travelback_pm_07,97,pm_07,qc_travelback,4
2024-01-01 09:44:00.000000,WAIT_STOP,TEU_97_qc_travelback_pm_07,97,pm_07,qc_travelback,4
2024-01-01 09:44:00.000000,START,TEU_97_qc_travelback_pm_07,97,pm_07,qc_travelback,4
2024-01-01 09:45:00.000000,STOP,TEU_97_qc_travelback_pm_07,97,pm_07,qc_travelback,4
2024-01-01 07:00:00.000000,WAIT_START,TEU_97_pm_travel_to_Yard1_pm_07,97,pm_07,pm_travel_to_yard,5
2024-01-01 09:44:00.000000,WAIT_STOP,TEU_97_pm_travel_to_Yard1_pm_07,97,pm_07,pm_travel_to_yard,5
2024-01-01 09:44:00.000000,START,TEU_97_pm_travel_to_Yard1_pm_07,97,pm_07,pm_travel_to_yard,5
2024-01-01 09:44:12.281792,STOP,TEU_97_pm_travel_to_Yard1_pm_07,97,pm_07,pm_travel_to_yard,5
2024-01-01 07:00:00.000000,WAIT_START,TEU_97_pm_unload_Yard1_pm_07,97,pm_07,pm_unload,6
2024-01-01 09:44:12.281792,WAIT_STOP,TEU_97_pm_unload_Yard1_pm_07,97,pm_07,pm_unload,6
2024-01-01 09:45:12.281792,START,TEU_97_pm_unload_Yard1_pm_07,97,pm_07,pm_unload,6
2024-01-01 09:47:12.281792,STOP,TEU_97_pm_unload_Yard1_pm_07,97,pm_07,pm_unload,6
2024-01-01 07:00:00.000000,WAIT_START,TEU_97_pm_return_pm_07,97,pm_07,pm_return,7
2024-01-01 09:47:12.281792,WAIT_STOP,TEU_97_pm_return_pm_07,97,pm_07,pm_return,7
2024-01-01 09:47:12.281792,START,TEU_97_pm_return_pm_07,97,pm_07,pm_return,7
2024-01-01 09:47:24.563583,STOP,TEU_97_pm_return_pm_07,97,pm_07,pm_return,7
2024-01-01 07:00:00.000000,WAIT_START,TEU_98_qc_pick_qc_02,98,,qc_pick,1
2024-01-01 09:41:00.000000,WAIT_STOP,TEU_98_qc_pick_qc_02,98,,qc_pick,1
2024-01-01 09:41:00.000000,START,TEU_98_qc_pick_qc_02,98,,qc_pick,1
2024-01-01 09:42:00.000000,STOP,TEU_98_qc_pick_qc_02,98,,qc_pick,1
2024-01-01 07:00:00.000000,WAIT_START,TEU_98_qc_transfer_qc_02,98,,qc_transfer,2
2024-01-01 09:42:00.000000,WAIT_STOP,TEU_98_qc_transfer_qc_02,98,,qc_transfer,2
2024-01-01 09:42:00.000000,START,TEU_98_qc_transfer_qc_02,98,,qc_transfer,2
2024-01-01 09:43:00.000000,STOP,TEU_98_qc_transfer_qc_02,98,,qc_transfer,2
2024-01-01 07:00:00.000000,WAIT_START,TEU_98_qc_load_to_pm_pm_08,98,pm_08,qc_load_to_pm,3
2024-01-01 09:43:00.000000,WAIT_STOP,TEU_98_qc_load_to_pm_pm_08,98,pm_08,qc_load_to_pm,3
2024-01-01 09:43:00.000000,START,TEU_98_qc_load_to_pm_pm_08,98,pm_08,qc_load_to_pm,3
2024-01-01 09:45:00.000000,STOP,TEU_98_qc_load_to_pm_pm_08,98,pm_08,qc_load_to_pm,3
2024-01-01 07:00:00.000000,WAIT_START,TEU_98_qc_travelback_pm_08,98,pm_08,qc_travelback,4
2024-01-01 09:45:00.000000,WAIT_STOP,TEU_98_qc_travelback_pm_08,98,pm_08,qc_travelback,4
2024-01-01 09:45:00.000000,START,TEU_98_qc_travelback_pm_08,98,pm_08,qc_travelback,4
2024-01-01 09:46:00.000000,STOP,TEU_98_qc_travelback_pm_08,98,pm_08,qc_travelback,4
2024-01-01 07:00:00.000000,WAIT_START,TEU_98_pm_travel_to_Yard1_pm_08,98,pm_08,pm_travel_to_yard,5
2024-01-01 09:45:00.000000,WAIT_STOP,TEU_98_pm_travel_to_Yard1_pm_08,98,pm_08,pm_travel_to_yard,5
2024-01-01 09:45:00.000000,START,TEU_98_pm_travel_to_Yard1_pm_08,98,pm_08,pm_travel_to_yard,5
2024-01-01 09:45:12.281792,STOP,TEU_98_pm_travel_to_Yard1_pm_08,98,pm_08,pm_travel_to_yard,5
2024-01-01 07:00:00.000000,WAIT_START,TEU_98_pm_unload_Yard1_pm_08,98,pm_08,pm_unload,6
2024-01-01 09:45:12.281792,WAIT_STOP,TEU_98_pm_unload_Yard1_pm_08,98,pm_08,pm_unload,6
2024-01-01 09:47:12.281792,START,TEU_98_pm_unload_Yard1_pm_08,98,pm_08,pm_unload,6
2024-01-01 09:49:12.281792,STOP,TEU_98_pm_unload_Yard1_pm_08,98,pm_08,pm_unload,6
2024-01-01 07:00:00.000000,WAIT_START,TEU_98_pm_return_pm_08,98,pm_08,pm_return,7
2024-01-01 09:49:12.281792,WAIT_STOP,TEU_98_pm_return_pm_08,98,pm_08,pm_return,7
2024-01-01 09:49:12.281792,START,TEU_98_pm_return_pm_08,98,pm_08,pm_return,7
2024-01-01 09:49:24.563583,STOP,TEU_98_pm_return_pm_08,98,pm_08,pm_return,7
2024-01-01 07:00:00.000000,WAIT_START,TEU_99_qc_pick_qc_03,99,,qc_pick,1
2024-01-01 09:42:00.000000,WAIT_STOP,TEU_99_qc_pick_qc_03,99,,qc_pick,1
2024-01-01 09:42:00.000000,START,TEU_99_qc_pick_qc_03,99,,qc_pick,1
2024-01-01 09:43:00.000000,STOP,TEU_99_qc_pick_qc_03,99,,qc_pick,1
2024-01-01 07:00:00.000000,WAIT_START,TEU_99_qc_transfer_qc_03,99,,qc_transfer,2
2024-01-01 09:43:00.000000,WAIT_STOP,TEU_99_qc_transfer_qc_03,99,,qc_transfer,2
2024-01-01 09:43:00.000000,START,TEU_99_qc_transfer_qc_03,99,,qc_transfer,2
2024-01-01 09:44:00.000000,STOP,TEU_99_qc_transfer_qc_03,99,,qc_transfer,2
2024-01-01 07:00:00.000000,WAIT_START,TEU_99_qc_load_to_pm_pm_09,99,pm_09,qc_load_to_pm,3
2024-01-01 09:44:00.000000,WAIT_STOP,TEU_99_qc_load_to_pm_pm_09,99,pm_09,qc_load_to_pm,3
2024-01-01 09:44:00.000000,START,TEU_99_qc_load_to_pm_pm_09,99,pm_09,qc_load_to_pm,3
2024-01-01 09:46:00.000000,STOP,TEU_99_qc_load_to_pm_pm_09,99,pm_09,qc_load_to_pm,3
2024-01-01 07:00:00.000000,WAIT_START,TEU_99_qc_travelback_pm_09,99,pm_09,qc_travelback,4
2024-01-01 09:46:00.000000,WAIT_STOP,TEU_99_qc_travelback_pm_09,99,pm_09,qc_travelback,4
2024-01-01 09:46:00.000000,START,TEU_99_qc_travelback_pm_09,99,pm_09,qc_travelback,4
2024-01-01 09:47:00.000000,STOP,TEU_99_qc_travelback_pm_09,99,pm_09,qc_travelback,4
2024-01-01 07:00:00.000000,WAIT_START,TEU_99_pm_travel_to_Yard1_pm_09,99,pm_09,pm_travel_to_yard,5
2024-01-01 09:46:00.000000,WAIT_STOP,TEU_99_pm_travel_to_Yard1_pm_09,99,pm_09,pm_travel_to_yard,5
2024-01-01 09:46:00.000000,START,TEU_99_pm_travel_to_Yard1_pm_09,99,pm_09,pm_travel_to_yard,5
2024-01-01 09:46:12.281792,STOP,TEU_99_pm_travel_to_Yard1_pm_09,99,pm_09,pm_travel_to_yard,5
2024-01-01 07:00:00.000000,WAIT_START,TEU_99_pm_unload_Yard1_pm_09,99,pm_09,pm_unload,6
2024-01-01 09:46:12.281792,WAIT_STOP,TEU_99_pm_unload_Yard1_pm_09,99,pm_09,pm_unload,6
2024-01-01 09:49:12.281792,START,TEU_99_pm_unload_Yard1_pm_09,99,pm_09,pm_unload,6
2024-01-01 09:51:12.281792,STOP,TEU_99_pm_unload_Yard1_pm_09,99,pm_09,pm_unload,6
2024-01-01 07:00:00.000000,WAIT_START,TEU_99_pm_return_pm_09,99,pm_09,pm_return,7
2024-01-01 09:51:12.281792,WAIT_STOP,TEU_99_pm_return_pm_09,99,pm_09,pm_return,7
2024-01-01 09:51:12.281792,START,TEU_99_pm_return_pm_09,99,pm_09,pm_return,7
2024-01-01 09:51:24.563583,STOP,TEU_99_pm_return_pm_09,99,pm_09,pm_return,7
2024-01-01 07:00:00.000000,WAIT_START,TEU_100_qc_pick_qc_01,100,,qc_pick,1
2024-01-01 09:45:00.000000,WAIT_STOP,TEU_100_qc_pick_qc_01,100,,qc_pick,1
2024-01-01 09:45:00.000000,START,TEU_100_qc_pick_qc_01,100,,qc_pick,1
2024-01-01 09:46:00.000000,STOP,TEU_100_qc_pick_qc_01,100,,qc_pick,1
2024-01-01 07:00:00.000000,WAIT_START,TEU_100_qc_transfer_qc_01,100,,qc_transfer,2
2024-01-01 09:46:00.000000,WAIT_STOP,TEU_100_qc_transfer_qc_01,100,,qc_transfer,2
2024-01-01 09:46:00.000000,START,TEU_100_qc_transfer_qc_01,100,,qc_transfer,2
2024-01-01 09:47:00.000000,STOP,TEU_100_qc_transfer_qc_01,100,,qc_transfer,2
2024-01-01 07:00:00.000000,WAIT_START,TEU_100_qc_load_to_pm_pm_01,100,pm_01,qc_load_to_pm,3
2024-01-01 09:47:00.000000,WAIT_STOP,TEU_100_qc_load_to_pm_pm_01,100,pm_01,qc_load_to_pm,3
2024-01-01 09:47:00.000000,START,TEU_100_qc_load_to_pm_pm_01,100,pm_01,qc_load_to_pm,3
2024-01-01 09:49:00.000000,STOP,TEU_100_qc_load_to_pm_pm_01,100,pm_01,qc_load_to_pm,3
2024-01-01 07:00:00.000000,WAIT_START,TEU_100_qc_travelback_pm_01,100,pm_01,qc_travelback,4
2024-01-01 09:49:00.000000,WAIT_STOP,TEU_100_qc_travelback_pm_01,100,pm_01,qc_travelback,4
2024-01-01 09:49:00.000000,START,TEU_100_qc_travelback_pm_01,100,pm_01,qc_travelback,4
2024-01-01 09:50:00.000000,STOP,TEU_100_qc_travelback_pm_01,100,pm_01,qc_travelback,4
2024-01-01 07:00:00.000000,WAIT_START,TEU_100_pm_travel_to_Yard1_pm_01,100,pm_01,pm_travel_to_yard,5
2024-01-01 09:49:00.000000,WAIT_STOP,TEU_100_pm_travel_to_Yard1_pm_01,100,pm_01,pm_travel_to_yard,5
2024-01-01 09:49:00.000000,START,TEU_100_pm_travel_to_Yard1_pm_01,100,pm_01,pm_travel_to_yard,5
2024-01-01 09:49:12.281792,STOP,TEU_100_pm_travel_to_Yard1_pm_01,100,pm_01,pm_travel_to_yard,5
2024-01-01 07:00:00.000000,WAIT_START,TEU_100_pm_unload_Yard1_pm_01,100,pm_01,pm_unload,6
2024-01-01 09:49:12.281792,WAIT_STOP,TEU_100_pm_unload_Yard1_pm_01,100,pm_01,pm_unload,6
2024-01-01 09:51:12.281792,START,TEU_100_pm_unload_Yard1_pm_01,100,pm_01,pm_unload,6
2024-01-01 09:53:12.281792,STOP,TEU_100_pm_unload_Yard1_pm_01,100,pm_01,pm_unload,6
2024-01-01 07:00:00.000000,WAIT_START,TEU_100_pm_return_pm_01,100,pm_01,pm_return,7
2024-01-01 09:53:12.281792,WAIT_STOP,TEU_100_pm_return_pm_01,100,pm_01,pm_return,7
2024-01-01 09:53:12.281792,START,TEU_100_pm_return_pm_01,100,pm_01,pm_return,7
2024-01-01 09:53:24.563583,STOP,TEU_100_pm_return_pm_01,100,pm_01,pm_return,7
2024-01-01 07:00:00.000000,WAIT_START,TEU_101_qc_pick_qc_02,101,,qc_pick,1
2024-01-01 09:46:00.000000,WAIT_STOP,TEU_101_qc_pick_qc_02,101,,qc_pick,1
2024-01-01 09:46:00.000000,START,TEU_101_qc_pick_qc_02,101,,qc_pick,1
2024-01-01 09:47:00.000000,STOP,TEU_101_qc_pick_qc_02,101,,qc_pick,1
2024-01-01 07:00:00.000000,WAIT_START,TEU_101_qc_transfer_qc_02,101,,qc_transfer,2
2024-01-01 09:47:00.000000,WAIT_STOP,TEU_101_qc_transfer_qc_02,101,,qc_transfer,2
2024-01-01 09:47:00.000000,START,TEU_101_qc_transfer_qc_02,101,,qc_transfer,2
2024-01-01 09:48:00.000000,STOP,TEU_101_qc_transfer_qc_02,101,,qc_transfer,2
2024-01-01 07:00:00.000000,WAIT_START,TEU_101_qc_load_to_pm_pm_02,101,pm_02,qc_load_to_pm,3
2024-01-01 09:48:00.000000,WAIT_STOP,TEU_101_qc_load_to_pm_pm_02,101,pm_02,qc_load_to_pm,3
2024-01-01 09:48:00.000000,START,TEU_101_qc_load_to_pm_pm_02,101,pm_02,qc_load_to_pm,3
2024-01-01 09:50:00.000000,STOP,TEU_101_qc_load_to_pm_pm_02,101,pm_02,qc_load_to_pm,3
2024-01-01 07:00:00.000000,WAIT_START,TEU_101_qc_travelback_pm_02,101,pm_02,qc_travelback,4
2024-01-01 09:50:00.000000,WAIT_STOP,TEU_101_qc_travelback_pm_02,101,pm_02,qc_travelback,4
2024-01-01 09:50:00.000000,START,TEU_101_qc_travelback_pm_02,101,pm_02,qc_travelback,4
2024-01-01 09:51:00.000000,STOP,TEU_101_qc_travelback_pm_02,101,pm_02,qc_travelback,4
2024-01-01 07:00:00.000000,WAIT_START,TEU_101_pm_travel_to_Yard4_pm_02,101,pm_02,pm_travel_to_yard,5
2024-01-01 09:50:00.000000,WAIT_STOP,TEU_101_pm_travel_to_Yard4_pm_02,101,pm_02,pm_travel_to_yard,5
2024-01-01 09:50:00.000000,START,TEU_101_pm_travel_to_Yard4_pm_02,101,pm_02,pm_travel_to_yard,5
2024-01-01 09:50:49.127167,STOP,TEU_101_pm_travel_to_Yard4_pm_02,101,pm_02,pm_travel_to_yard,5
2024-01-01 07:00:00.000000,WAIT_START,TEU_101_pm_unload_Yard4_pm_02,101,pm_02,pm_unload,6
2024-01-01 09:50:49.127167,WAIT_STOP,TEU_101_pm_unload_Yard4_pm_02,101,pm_02,pm_unload,6
2024-01-01 09:50:49.127167,START,TEU_101_pm_unload_Yard4_pm_02,101,pm_02,pm_unload,6
2024-01-01 09:52:49.127167,STOP,TEU_101_pm_unload_Yard4_pm_02,101,pm_02,pm_unload,6
2024-01-01 07:00:00.000000,WAIT_START,TEU_101_pm_return_pm_02,101,pm_02,pm_return,7
2024-01-01 09:52:49.127167,WAIT_STOP,TEU_101_pm_return_pm_02,101,pm_02,pm_return,7
2024-01-01 09:52:49.127167,START,TEU_101_pm_return_pm_02,101,pm_02,pm_return,7
2024-01-01 09:53:38.254333,STOP,TEU_101_pm_return_pm_02,101,pm_02,pm_return,7
2024-01-01 07:00:00.000000,WAIT_START,TEU_102_qc_pick_qc_03,102,,qc_pick,1
2024-01-01 09:47:00.000000,WAIT_STOP,TEU_102_qc_pick_qc_03,102,,qc_pick,1
2024-01-01 09:47:00.000000,START,TEU_102_qc_pick_qc_03,102,,qc_pick,1
2024-01-01 09:48:00.000000,STOP,TEU_102_qc_pick_qc_03,102,,qc_pick,1
2024-01-01 07:00:00.000000,WAIT_START,TEU_102_qc_transfer_qc_03,102,,qc_transfer,2
2024-01-01 09:48:00.000000,WAIT_STOP,TEU_102_qc_transfer_qc_03,102,,qc_transfer,2
2024-01-01 09:48:00.000000,START,TEU_102_qc_transfer_qc_03,102,,qc_transfer,2
2024-01-01 09:49:00.000000,STOP,TEU_102_qc_transfer_qc_03,102,,qc_transfer,2
2024-01-01 07:00:00.000000,WAIT_START,TEU_102_qc_load_to_pm_pm_03,102,pm_03,qc_load_to_pm,3
2024-01-01 09:49:00.000000,WAIT_STOP,TEU_102_qc_load_to_pm_pm_03,102,pm_03,qc_load_to_pm,3
2024-01-01 09:49:00.000000,START,TEU_102_qc_load_to_pm_pm_03,102,pm_03,qc_load_to_pm,3
2024-01-01 09:51:00.000000,STOP,TEU_102_qc_load_to_pm_pm_03,102,pm_03,qc_load_to_pm,3
2024-01-01 07:00:00.000000,WAIT_START,TEU_102_qc_travelback_pm_03,102,pm_03,qc_travelback,4
2024-01-01 09:51:00.000000,WAIT_STOP,TEU_102_qc_travelback_pm_03,102,pm_03,qc_travelback,4
2024-01-01 09:51:00.000000,START,TEU_102_qc_travelback_pm_03,102,pm_03,qc_travelback,4
2024-01-01 09:52:00.000000,STOP,TEU_102_qc_travelback_pm_03,102,pm_03,qc_travelback,4
2024-01-01 07:00:00.000000,WAIT_START,TEU_102_pm_travel_to_Yard1_pm_03,102,pm_03,pm_travel_to_yard,5
2024-01-01 09:51:00.000000,WAIT_STOP,TEU_102_pm_travel_to_Yard1_pm_03,102,pm_03,pm_travel_to_yard,5
2024-01-01 09:51:00.000000,START,TEU_102_pm_travel_to_Yard1_pm_03,102,pm_03,pm_travel_to_yard,5
2024-01-01 09:51:12.281792,STOP,TEU_102_pm_travel_to_Yard1_pm_03,102,pm_03,pm_travel_to_yard,5
2024-01-01 07:00:00.000000,WAIT_START,TEU_102_pm_unload_Yard1_pm_03,102,pm_03,pm_unload,6
2024-01-01 09:51:12.281792,WAIT_STOP,TEU_102_pm_unload_Yard1_pm_03,102,pm_03,pm_unload,6
2024-01-01 09:53:12.281792,START,TEU_102_pm_unload_Yard1_pm_03,102,pm_03,pm_unload,6
2024-01-01 09:55:12.281792,STOP,TEU_102_pm_unload_Yard1_pm_03,102,pm_03,pm_unload,6
2024-01-01 07:00:00.000000,WAIT_START,TEU_102_pm_return_pm_03,102,pm_03,pm_return,7
2024-01-01 09:55:12.281792,WAIT_STOP,TEU_102_pm_return_pm_03,102,pm_03,pm_return,7
2024-01-01 09:55:12.281792,START,TEU_102_pm_return_pm_03,102,pm_03,pm_return,7
2024-01-01 09:55:24.563583,STOP,TEU_102_pm_return_pm_03,102,pm_03,pm_return,7
2024-01-01 07:00:00.000000,WAIT_START,TEU_103_qc_pick_qc_01,103,,qc_pick,1
2024-01-01 09:50:00.000000,WAIT_STOP,TEU_103_qc_pick_qc_01,103,,qc_pick,1
2024-01-01 09:50:00.000000,START,TEU_103_qc_pick_qc_01,103,,qc_pick,1
2024-01-01 09:51:00.000000,STOP,TEU_103_qc_pick_qc_01,103,,qc_pick,1
2024-01-01 07:00:00.000000,WAIT_START,TEU_103_qc_transfer_qc_01,103,,qc_transfer,2
2024-01-01 09:51:00.000000,WAIT_STOP,TEU_103_qc_transfer_qc_01,103,,qc_transfer,2
2024-01-01 09:51:00.000000,START,TEU_103_qc_transfer_qc_01,103,,qc_transfer,2
2024-01-01 09:52:00.000000,STOP,TEU_103_qc_transfer_qc_01,103,,qc_transfer,2
2024-01-01 07:00:00.000000,WAIT_START,TEU_103_qc_load_to_pm_pm_04,103,pm_04,qc_load_to_pm,3
2024-01-01 09:52:00.000000,WAIT_STOP,TEU_103_qc_load_to_pm_pm_04,103,pm_04,qc_load_to_pm,3
2024-01-01 09:52:00.000000,START,TEU_103_qc_load_to_pm_pm_04,103,pm_04,qc_load_to_pm,3
2024-01-01 09:54:00.000000,STOP,TEU_103_qc_load_to_pm_pm_04,103,pm_04,qc_load_to_pm,3
2024-01-01 07:00:00.000000,WAIT_START,TEU_103_qc_travelback_pm_04,103,pm_04,qc_travelback,4
2024-01-01 09:54:00.000000,WAIT_STOP,TEU_103_qc_travelback_pm_04,103,pm_04,qc_travelback,4
2024-01-01 09:54:00.000000,START,TEU_103_qc_travelback_pm_04,103,pm_04,qc_travelback,4
2024-01-01 09:55:00.000000,STOP,TEU_103_qc_travelback_pm_04,103,pm_04,qc_travelback,4
2024-01-01 07:00:00.000000,WAIT_START,TEU_103_pm_travel_to_Yard1_pm_04,103,pm_04,pm_travel_to_yard,5
2024-01-01 09:54:00.000000,WAIT_STOP,TEU_103_pm_travel_to_Yard1_pm_04,103,pm_04,pm_travel_to_yard,5
2024-01-01 09:54:00.000000,START,TEU_103_pm_travel_to_Yard1_pm_04,103,pm_04,pm_travel_to_yard,5
2024-01-01 09:54:12.281792,STOP,TEU_103_pm_travel_to_Yard1_pm_04,103,pm_04,pm_travel_to_yard,5
2024-01-01 07:00:00.000000,WAIT_START,TEU_103_pm_unload_Yard1_pm_04,103,pm_04,pm_unload,6
2024-01-01 09:54:12.281792,WAIT_STOP,TEU_103_pm_unload_Yard1_pm_04,103,pm_04,pm_unload,6
2024-01-01 09:55:12.281792,START,TEU_103_pm_unload_Yard1_pm_04,103,pm_04,pm_unload,6
2024-01-01 09:57:12.281792,STOP,TEU_103_pm_unload_Yard1_pm_04,103,pm_04,pm_unload,6
2024-01-01 07:00:00.000000,WAIT_START,TEU_103_pm_return_pm_04,103,pm_04,pm_return,7
2024-01-01 09:57:12.281792,WAIT_STOP,TEU_103_pm_return_pm_04,103,pm_04,pm_return,7
2024-01-01 09:57:12.281792,START,TEU_103_pm_return_pm_04,103,pm_04,pm_return,7
2024-01-01 09:57:24.563583,STOP,TEU_103_pm_return_pm_04,103,pm_04,pm_return,7
2024-01-01 07:00:00.000000,WAIT_START,TEU_104_qc_pick_qc_02,104,,qc_pick,1
2024-01-01 09:51:00.000000,WAIT_STOP,TEU_104_qc_pick_qc_02,104,,qc_pick,1
2024-01-01 09:51:00.000000,START,TEU_104_qc_pick_qc_02,104,,qc_pick,1
2024-01-01 09:52:00.000000,STOP,TEU_104_qc_pick_qc_02,104,,qc_pick,1
2024-01-01 07:00:00.000000,WAIT_START,TEU_104_qc_transfer_qc_02,104,,qc_transfer,2
2024-01-01 09:52:00.000000,WAIT_STOP,TEU_104_qc_transfer_qc_02,104,,qc_transfer,2
2024-01-01 09:52:00.000000,START,TEU_104_qc_transfer_qc_02,104,,qc_transfer,2
2024-01-01 09:53:00.000000,STOP,TEU_104_qc_transfer_qc_02,104,,qc_transfer,2
2024-01-01 07:00:00.000000,WAIT_START,TEU_104_qc_load_to_pm_pm_05,104,pm_05,qc_load_to_pm,3
2024-01-01 09:53:00.000000,WAIT_STOP,TEU_104_qc_load_to_pm_pm_05,104,pm_05,qc_load_to_pm,3
2024-01-01 09:53:00.000000,START,TEU_104_qc_load_to_pm_pm_05,104,pm_05,qc_load_to_pm,3
2024-01-01 09:55:00.000000,STOP,TEU_104_qc_load_to_pm_pm_05,104,pm_05,qc_load_to_pm,3
2024-01-01 07:00:00.000000,WAIT_START,TEU_104_qc_travelback_pm_05,104,pm_05,qc_travelback,4
2024-01-01 09:55:00.000000,WAIT_STOP,TEU_104_qc_travelback_pm_05,104,pm_05,qc_travelback,4
2024-01-01 09:55:00.000000,START,TEU_104_qc_travelback_pm_05,104,pm_05,qc_travelback,4
2024-01-01 09:56:00.000000,STOP,TEU_104_qc_travelback_pm_05,104,pm_05,qc_travelback,4
2024-01-01 07:00:00.000000,WAIT_START,TEU_104_pm_travel_to_Yard4_pm_05,104,pm_05,pm_travel_to_yard,5
2024-01-01 09:55:00.000000,WAIT_STOP,TEU_104_pm_travel_to_Yard4_pm_05,104,pm_05,pm_travel_to_yard,5
2024-01-01 09:55:00.000000,START,TEU_104_pm_travel_to_Yard4_pm_05,104,pm_05,pm_travel_to_yard,5
2024-01-01 09:55:49.127167,STOP,TEU_104_pm_travel_to_Yard4_pm_05,104,pm_05,pm_travel_to_yard,5
2024-01-01 07:00:00.000000,WAIT_START,TEU_104_pm_unload_Yard4_pm_05,104,pm_05,pm_unload,6
2024-01-01 09:55:49.127167,WAIT_STOP,TEU_104_pm_unload_Yard4_pm_05,104,pm_05,pm_unload,6
2024-01-01 09:55:49.127167,START,TEU_104_pm_unload_Yard4_pm_05,104,pm_05,pm_unload,6
2024-01-01 09:57:49.127167,STOP,TEU_104_pm_unload_Yard4_pm_05,104,pm_05,pm_unload,6
2024-01-01 07:00:00.000000,WAIT_START,TEU_104_pm_return_pm_05,104,pm_05,pm_return,7
2024-01-01 09:57:49.127167,WAIT_STOP,TEU_104_pm_return_pm_05,104,pm_05,pm_return,7
2024-01-01 09:57:49.127167,START,TEU_104_pm_return_pm_05,104,pm_05,pm_return,7
2024-01-01 09:58:38.254333,STOP,TEU_104_pm_return_pm_05,104,pm_05,pm_return,7
2024-01-01 07:00:00.000000,WAIT_START,TEU_105_qc_pick_qc_03,105,,qc_pick,1
2024-01-01 09:52:00.000000,WAIT_STOP,TEU_105_qc_pick_qc_03,105,,qc_pick,1
2024-01-01 09:52:00.000000,START,TEU_105_qc_pick_qc_03,105,,qc_pick,1
2024-01-01 09:53:00.000000,STOP,TEU_105_qc_pick_qc_03,105,,qc_pick,1
2024-01-01 07:00:00.000000,WAIT_START,TEU_105_qc_transfer_qc_03,105,,qc_transfer,2
2024-01-01 09:53:00.000000,WAIT_STOP,TEU_105_qc_transfer_qc_03,105,,qc_transfer,2
2024-01-01 09:53:00.000000,START,TEU_105_qc_transfer_qc_03,105,,qc_transfer,2
2024-01-01 09:54:00.000000,STOP,TEU_105_qc_transfer_qc_03,105,,qc_transfer,2
2024-01-01 07:00:00.000000,WAIT_START,TEU_105_qc_load_to_pm_pm_06,105,pm_06,qc_load_to_pm,3
2024-01-01 09:54:00.000000,WAIT_STOP,TEU_105_qc_load_to_pm_pm_06,105,pm_06,qc_load_to_pm,3
2024-01-01 09:54:00.000000,START,TEU_105_qc_load_to_pm_pm_06,105,pm_06,qc_load_to_pm,3
2024-01-01 09:56:00.000000,STOP,TEU_105_qc_load_to_pm_pm_06,105,pm_06,qc_load_to_pm,3
2024-01-01 07:00:00.000000,WAIT_START,TEU_105_qc_travelback_pm_06,105,pm_06,qc_travelback,4
2024-01-01 09:56:00.000000,WAIT_STOP,TEU_105_qc_travelback_pm_06,105,pm_06,qc_travelback,4
2024-01-01 09:56:00.000000,START,TEU_105_qc_travelback_pm_06,105,pm_06,qc_travelback,4
2024-01-01 09:57:00.000000,STOP,TEU_105_qc_travelback_pm_06,105,pm_06,qc_travelback,4
2024-01-01 07:00:00.000000,WAIT_START,TEU_105_pm_travel_to_Yard1_pm_06,105,pm_06,pm_travel_to_yard,5
2024-01-01 09:56:00.000000,WAIT_STOP,TEU_105_pm_travel_to_Yard1_pm_06,105,pm_06,pm_travel_to_yard,5
2024-01-01 09:56:00.000000,START,TEU_105_pm_travel_to_Yard1_pm_06,105,pm_06,pm_travel_to_yard,5
2024-01-01 09:56:12.281792,STOP,TEU_105_pm_travel_to_Yard1_pm_06,105,pm_06,pm_travel_to_yard,5
2024-01-01 07:00:00.000000,WAIT_START,TEU_105_pm_unload_Yard1_pm_06,105,pm_06,pm_unload,6
2024-01-01 09:56:12.281792,WAIT_STOP,TEU_105_pm_unload_Yard1_pm_06,105,pm_06,pm_unload,6
2024-01-01 09:57:12.281792,START,TEU_105_pm_unload_Yard1_pm_06,105,pm_06,pm_unload,6
2024-01-01 09:59:12.281792,STOP,TEU_105_pm_unload_Yard1_pm_06,105,pm_06,pm_unload,6
2024-01-01 07:00:00.000000,WAIT_START,TEU_105_pm_return_pm_06,105,pm_06,pm_return,7
2024-01-01 09:59:12.281792,WAIT_STOP,TEU_105_pm_return_pm_06,105,pm_06,pm_return,7
2024-01-01 09:59:12.281792,START,TEU_105_pm_return_pm_06,105,pm_06,pm_return,7
2024-01-01 09:59:24.563583,STOP,TEU_105_pm_return_pm_06,105,pm_06,pm_return,7
2024-01-01 07:00:00.000000,WAIT_START,TEU_106_qc_pick_qc_01,106,,qc_pick,1
2024-01-01 09:55:00.000000,WAIT_STOP,TEU_106_qc_pick_qc_01,106,,qc_pick,1
2024-01-01 09:55:00.000000,START,TEU_106_qc_pick_qc_01,106,,qc_pick,1
2024-01-01 09:56:00.000000,STOP,TEU_106_qc_pick_qc_01,106,,qc_pick,1
2024-01-01 07:00:00.000000,WAIT_START,TEU_106_qc_transfer_qc_01,106,,qc_transfer,2
2024-01-01 09:56:00.000000,WAIT_STOP,TEU_106_qc_transfer_qc_01,106,,qc_transfer,2
2024-01-01 09:56:00.000000,START,TEU_106_qc_transfer_qc_01,106,,qc_transfer,2
2024-01-01 09:57:00.000000,STOP,TEU_106_qc_transfer_qc_01,106,,qc_transfer,2
2024-01-01 07:00:00.000000,WAIT_START,TEU_106_qc_load_to_pm_pm_07,106,pm_07,qc_load_to_pm,3
2024-01-01 09:57:00.000000,WAIT_STOP,TEU_106_qc_load_to_pm_pm_07,106,pm_07,qc_load_to_pm,3
2024-01-01 09:57:00.000000,START,TEU_106_qc_load_to_pm_pm_07,106,pm_07,qc_load_to_pm,3
2024-01-01 09:59:00.000000,STOP,TEU_106_qc_load_to_pm_pm_07,106,pm_07,qc_load_to_pm,3
2024-01-01 07:00:00.000000,WAIT_START,TEU_106_qc_travelback_pm_07,106,pm_07,qc_travelback,4
2024-01-01 09:59:00.000000,WAIT_STOP,TEU_106_qc_travelback_pm_07,106,pm_07,qc_travelback,4
2024-01-01 09:59:00.000000,START,TEU_106_qc_travelback_pm_07,106,pm_07,qc_travelback,4
2024-01-01 10:00:00.000000,STOP,TEU_106_qc_travelback_pm_07,106,pm_07,qc_travelback,4
2024-01-01 07:00:00.000000,WAIT_START,TEU_106_pm_travel_to_Yard1_pm_07,106,pm_07,pm_travel_to_yard,5
2024-01-01 09:59:00.000000,WAIT_STOP,TEU_106_pm_travel_to_Yard1_pm_07,106,pm_07,pm_travel_to_yard,5
2024-01-01 09:59:00.000000,START,TEU_106_pm_travel_to_Yard1_pm_07,106,pm_07,pm_travel_to_yard,5
2024-01-01 09:59:12.281792,STOP,TEU_106_pm_travel_to_Yard1_pm_07,106,pm_07,pm_travel_to_yard,5
2024-01-01 07:00:00.000000,WAIT_START,TEU_106_pm_unload_Yard1_pm_07,106,pm_07,pm_unload,6
2024-01-01 09:59:12.281792,WAIT_STOP,TEU_106_pm_unload_Yard1_pm_07,106,pm_07,pm_unload,6
2024-01-01 09:59:12.281792,START,TEU_106_pm_unload_Yard1_pm_07,106,pm_07,pm_unload,6
2024-01-01 10:01:12.281792,STOP,TEU_106_pm_unload_Yard1_pm_07,106,pm_07,pm_unload,6
2024-01-01 07:00:00.000000,WAIT_START,TEU_106_pm_return_pm_07,106,pm_07,pm_return,7
2024-01-01 10:01:12.281792,WAIT_STOP,TEU_106_pm_return_pm_07,106,pm_07,pm_return,7
2024-01-01 10:01:12.281792,START,TEU_106_pm_return_pm_07,106,pm_07,pm_return,7
2024-01-01 10:01:24.563583,STOP,TEU_106_pm_return_pm_07,106,pm_07,pm_return,7
2024-01-01 07:00:00.000000,WAIT_START,TEU_107_qc_pick_qc_02,107,,qc_pick,1
2024-01-01 09:56:00.000000,WAIT_STOP,TEU_107_qc_pick_qc_02,107,,qc_pick,1
2024-01-01 09:56:00.000000,START,TEU_107_qc_pick_qc_02,107,,qc_pick,1
2024-01-01 09:57:00.000000,STOP,TEU_107_qc_pick_qc_02,107,,qc_pick,1
2024-01-01 07:00:00.000000,WAIT_START,TEU_107_qc_transfer_qc_02,107,,qc_transfer,2
2024-01-01 09:57:00.000000,WAIT_STOP,TEU_107_qc_transfer_qc_02,107,,qc_transfer,2
2024-01-01 09:57:00.000000,START,TEU_107_qc_transfer_qc_02,107,,qc_transfer,2
2024-01-01 09:58:00.000000,STOP,TEU_107_qc_transfer_qc_02,107,,qc_transfer,2
2024-01-01 07:00:00.000000,WAIT_START,TEU_107_qc_load_to_pm_pm_08,107,pm_08,qc_load_to_pm,3
2024-01-01 09:58:00.000000,WAIT_STOP,TEU_107_qc_load_to_pm_pm_08,107,pm_08,qc_load_to_pm,3
2024-01-01 09:58:00.000000,START,TEU_107_qc_load_to_pm_pm_08,107,pm_08,qc_load_to_pm,3
2024-01-01 10:00:00.000000,STOP,TEU_107_qc_load_to_pm_pm_08,107,pm_08,qc_load_to_pm,3
2024-01-01 07:00:00.000000,WAIT_START,TEU_107_qc_travelback_pm_08,107,pm_08,qc_travelback,4
2024-01-01 10:00:00.000000,WAIT_STOP,TEU_107_qc_travelback_pm_08,107,pm_08,qc_travelback,4
2024-01-01 10:00:00.000000,START,TEU_107_qc_travelback_pm_08,107,pm_08,qc_travelback,4
2024-01-01 10:01:00.000000,STOP,TEU_107_qc_travelback_pm_08,107,pm_08,qc_travelback,4
2024-01-01 07:00:00.000000,WAIT_START,TEU_107_pm_travel_to_Yard4_pm_08,107,pm_08,pm_travel_to_yard,5
2024-01-01 10:00:00.000000,WAIT_STOP,TEU_107_pm_travel_to_Yard4_pm_08,107,pm_08,pm_travel_to_yard,5
2024-01-01 10:00:00.000000,START,TEU_107_pm_travel_to_Yard4_pm_08,107,pm_08,pm_travel_to_yard,5
2024-01-01 10:00:49.127167,STOP,TEU_107_pm_travel_to_Yard4_pm_08,107,pm_08,pm_travel_to_yard,5
2024-01-01 07:00:00.000000,WAIT_START,TEU_107_pm_unload_Yard4_pm_08,107,pm_08,pm_unload,6
2024-01-01 10:00:49.127167,WAIT_STOP,TEU_107_pm_unload_Yard4_pm_08,107,pm_08,pm_unload,6
2024-01-01 10:00:49.127167,START,TEU_107_pm_unload_Yard4_pm_08,107,pm_08,pm_unload,6
2024-01-01 10:02:49.127167,STOP,TEU_107_pm_unload_Yard4_pm_08,107,pm_08,pm_unload,6
2024-01-01 07:00:00.000000,WAIT_START,TEU_107_pm_return_pm_08,107,pm_08,pm_return,7
2024-01-01 10:02:49.127167,WAIT_STOP,TEU_107_pm_return_pm_08,107,pm_08,pm_return,7
2024-01-01 10:02:49.127167,START,TEU_107_pm_return_pm_08,107,pm_08,pm_return,7
2024-01-01 10:03:38.254333,STOP,TEU_107_pm_return_pm_08,107,pm_08,pm_return,7
2024-01-01 07:00:00.000000,WAIT_START,TEU_108_qc_pick_qc_03,108,,qc_pick,1
2024-01-01 09:57:00.000000,WAIT_STOP,TEU_108_qc_pick_qc_03,108,,qc_pick,1
2024-01-01 09:57:00.000000,START,TEU_108_qc_pick_qc_03,108,,qc_pick,1
2024-01-01 09:58:00.000000,STOP,TEU_108_qc_pick_qc_03,108,,qc_pick,1
2024-01-01 07:00:00.000000,WAIT_START,TEU_108_qc_transfer_qc_03,108,,qc_transfer,2
2024-01-01 09:58:00.000000,WAIT_STOP,TEU_108_qc_transfer_qc_03,108,,qc_transfer,2
2024-01-01 09:58:00.000000,START,TEU_108_qc_transfer_qc_03,108,,qc_transfer,2
2024-01-01 09:59:00.000000,STOP,TEU_108_qc_transfer_qc_03,108,,qc_transfer,2
2024-01-01 07:00:00.000000,WAIT_START,TEU_108_qc_load_to_pm_pm_09,108,pm_09,qc_load_to_pm,3
2024-01-01 09:59:00.000000,WAIT_STOP,TEU_108_qc_load_to_pm_pm_09,108,pm_09,qc_load_to_pm,3
2024-01-01 09:59:00.000000,START,TEU_108_qc_load_to_pm_pm_09,108,pm_09,qc_load_to_pm,3
2024-01-01 10:01:00.000000,STOP,TEU_108_qc_load_to_pm_pm_09,108,pm_09,qc_load_to_pm,3
2024-01-01 07:00:00.000000,WAIT_START,TEU_108_qc_travelback_pm_09,108,pm_09,qc_travelback,4
2024-01-01 10:01:00.000000,WAIT_STOP,TEU_108_qc_travelback_pm_09,108,pm_09,qc_travelback,4
2024-01-01 10:01:00.000000,START,TEU_108_qc_travelback_pm_09,108,pm_09,qc_travelback,4
2024-01-01 10:02:00.000000,STOP,TEU_108_qc_travelback_pm_09,108,pm_09,qc_travelback,4
2024-01-01 07:00:00.000000,WAIT_START,TEU_108_pm_travel_to_Yard4_pm_09,108,pm_09,pm_travel_to_yard,5
2024-01-01 10:01:00.000000,WAIT_STOP,TEU_108_pm_travel_to_Yard4_pm_09,108,pm_09,pm_travel_to_yard,5
2024-01-01 10:01:00.000000,START,TEU_108_pm_travel_to_Yard4_pm_09,108,pm_09,pm_travel_to_yard,5
2024-01-01 10:01:49.127167,STOP,TEU_108_pm_travel_to_Yard4_pm_09,108,pm_09,pm_travel_to_yard,5
2024-01-01 07:00:00.000000,WAIT_START,TEU_108_pm_unload_Yard4_pm_09,108,pm_09,pm_unload,6
2024-01-01 10:01:49.127167,WAIT_STOP,TEU_108_pm_unload_Yard4_pm_09,108,pm_09,pm_unload,6
2024-01-01 10:02:49.127167,START,TEU_108_pm_unload_Yard4_pm_09,108,pm_09,pm_unload,6
2024-01-01 10:04:49.127167,STOP,TEU_108_pm_unload_Yard4_pm_09,108,pm_09,pm_unload,6
2024-01-01 07:00:00.000000,WAIT_START,TEU_108_pm_return_pm_09,108,pm_09,pm_return,7
2024-01-01 10:04:49.127167,WAIT_STOP,TEU_108_pm_return_pm_09,108,pm_09,pm_return,7
2024-01-01 10:04:49.127167,START,TEU_108_pm_return_pm_09,108,pm_09,pm_return,7
2024-01-01 10:05:38.254333,STOP,TEU_108_pm_return_pm_09,108,pm_09,pm_return,7
2024-01-01 07:00:00.000000,WAIT_START,TEU_109_qc_pick_qc_01,109,,qc_pick,1
2024-01-01 10:00:00.000000,WAIT_STOP,TEU_109_qc_pick_qc_01,109,,qc_pick,1
2024-01-01 10:00:00.000000,START,TEU_109_qc_pick_qc_01,109,,qc_pick,1
2024-01-01 10:01:00.000000,STOP,TEU_109_qc_pick_qc_01,109,,qc_pick,1
2024-01-01 07:00:00.000000,WAIT_START,TEU_109_qc_transfer_qc_01,109,,qc_transfer,2
2024-01-01 10:01:00.000000,WAIT_STOP,TEU_109_qc_transfer_qc_01,109,,qc_transfer,2
2024-01-01 10:01:00.000000,START,TEU_109_qc_transfer_qc_01,109,,qc_transfer,2
2024-01-01 10:02:00.000000,STOP,TEU_109_qc_transfer_qc_01,109,,qc_transfer,2
2024-01-01 07:00:00.000000,WAIT_START,TEU_109_qc_load_to_pm_pm_01,109,pm_01,qc_load_to_pm,3
2024-01-01 10:02:00.000000,WAIT_STOP,TEU_109_qc_load_to_pm_pm_01,109,pm_01,qc_load_to_pm,3
2024-01-01 10:02:00.000000,START,TEU_109_qc_load_to_pm_pm_01,109,pm_01,qc_load_to_pm,3
2024-01-01 10:04:00.000000,STOP,TEU_109_qc_load_to_pm_pm_01,109,pm_01,qc_load_to_pm,3
2024-01-01 07:00:00.000000,WAIT_START,TEU_109_qc_travelback_pm_01,109,pm_01,qc_travelback,4
2024-01-01 10:04:00.000000,WAIT_STOP,TEU_109_qc_travelback_pm_01,109,pm_01,qc_travelback,4
2024-01-01 10:04:00.000000,START,TEU_109_qc_travelback_pm_01,109,pm_01,qc_travelback,4
2024-01-01 10:05:00.000000,STOP,TEU_109_qc_travelback_pm_01,109,pm_01,qc_travelback,4
2024-01-01 07:00:00.000000,WAIT_START,TEU_109_pm_travel_to_Yard1_pm_01,109,pm_01,pm_travel_to_yard,5
2024-01-01 10:04:00.000000,WAIT_STOP,TEU_109_pm_travel_to_Yard1_pm_01,109,pm_01,pm_travel_to_yard,5
2024-01-01 10:04:00.000000,START,TEU_109_pm_travel_to_Yard1_pm_01,109,pm_01,pm_travel_to_yard,5
2024-01-01 10:04:12.281792,STOP,TEU_109_pm_travel_to_Yard1_pm_01,109,pm_01,pm_travel_to_yard,5
2024-01-01 07:00:00.000000,WAIT_START,TEU_109_pm_unload_Yard1_pm_01,109,pm_01,pm_unload,6
2024-01-01 10:04:12.281792,WAIT_STOP,TEU_109_pm_unload_Yard1_pm_01,109,pm_01,pm_unload,6
2024-01-01 10:04:12.281792,START,TEU_109_pm_unload_Yard1_pm_01,109,pm_01,pm_unload,6
2024-01-01 10:06:12.281792,STOP,TEU_109_pm_unload_Yard1_pm_01,109,pm_01,pm_unload,6
2024-01-01 07:00:00.000000,WAIT_START,TEU_109_pm_return_pm_01,109,pm_01,pm_return,7
2024-01-01 10:06:12.281792,WAIT_STOP,TEU_109_pm_return_pm_01,109,pm_01,pm_return,7
2024-01-01 10:06:12.281792,START,TEU_109_pm_return_pm_01,109,pm_01,pm_return,7
2024-01-01 10:06:24.563583,STOP,TEU_109_pm_return_pm_01,109,pm_01,pm_return,7
2024-01-01 07:00:00.000000,WAIT_START,TEU_110_qc_pick_qc_02,110,,qc_pick,1
2024-01-01 10:01:00.000000,WAIT_STOP,TEU_110_qc_pick_qc_02,110,,qc_pick,1
2024-01-01 10:01:00.000000,START,TEU_110_qc_pick_qc_02,110,,qc_pick,1
2024-01-01 10:02:00.000000,STOP,TEU_110_qc_pick_qc_02,110,,qc_pick,1
2024-01-01 07:00:00.000000,WAIT_START,TEU_110_qc_transfer_qc_02,110,,qc_transfer,2
2024-01-01 10:02:00.000000,WAIT_STOP,TEU_110_qc_transfer_qc_02,110,,qc_transfer,2
2024-01-01 10:02:00.000000,START,TEU_110_qc_transfer_qc_02,110,,qc_transfer,2
2024-01-01 10:03:00.000000,STOP,TEU_110_qc_transfer_qc_02,110,,qc_transfer,2
2024-01-01 07:00:00.000000,WAIT_START,TEU_110_qc_load_to_pm_pm_02,110,pm_02,qc_load_to_pm,3
2024-01-01 10:03:00.000000,WAIT_STOP,TEU_110_qc_load_to_pm_pm_02,110,pm_02,qc_load_to_pm,3
2024-01-01 10:03:00.000000,START,TEU_110_qc_load_to_pm_pm_02,110,pm_02,qc_load_to_pm,3
2024-01-01 10:05:00.000000,STOP,TEU_110_qc_load_to_pm_pm_02,110,pm_02,qc_load_to_pm,3
2024-01-01 07:00:00.000000,WAIT_START,TEU_110_qc_travelback_pm_02,110,pm_02,qc_travelback,4
2024-01-01 10:05:00.000000,WAIT_STOP,TEU_110_qc_travelback_pm_02,110,pm_02,qc_travelback,4
2024-01-01 10:05:00.000000,START,TEU_110_qc_travelback_pm_02,110,pm_02,qc_travelback,4
2024-01-01 10:06:00.000000,STOP,TEU_110_qc_travelback_pm_02,110,pm_02,qc_travelback,4
2024-01-01 07:00:00.000000,WAIT_START,TEU_110_pm_travel_to_Yard1_pm_02,110,pm_02,pm_travel_to_yard,5
2024-01-01 10:05:00.000000,WAIT_STOP,TEU_110_pm_travel_to_Yard1_pm_02,110,pm_02,pm_travel_to_yard,5
2024-01-01 10:05:00.000000,START,TEU_110_pm_travel_to_Yard1_pm_02,110,pm_02,pm_travel_to_yard,5
2024-01-01 10:05:12.281792,STOP,TEU_110_pm_travel_to_Yard1_pm_02,110,pm_02,pm_travel_to_yard,5
2024-01-01 07:00:00.000000,WAIT_START,TEU_110_pm_unload_Yard1_pm_02,110,pm_02,pm_unload,6
2024-01-01 10:05:12.281792,WAIT_STOP,TEU_110_pm_unload_Yard1_pm_02,110,pm_02,pm_unload,6
2024-01-01 10:06:12.281792,START,TEU_110_pm_unload_Yard1_pm_02,110,pm_02,pm_unload,6
2024-01-01 10:08:12.281792,STOP,TEU_110_pm_unload_Yard1_pm_02,110,pm_02,pm_unload,6
2024-01-01 07:00:00.000000,WAIT_START,TEU_110_pm_return_pm_02,110,pm_02,pm_return,7
2024-01-01 10:08:12.281792,WAIT_STOP,TEU_110_pm_return_pm_02,110,pm_02,pm_return,7
2024-01-01 10:08:12.281792,START,TEU_110_pm_return_pm_02,110,pm_02,pm_return,7
2024-01-01 10:08:24.563583,STOP,TEU_110_pm_return_pm_02,110,pm_02,pm_return,7
2024-01-01 07:00:00.000000,WAIT_START,TEU_111_qc_pick_qc_03,111,,qc_pick,1
2024-01-01 10:02:00.000000,WAIT_STOP,TEU_111_qc_pick_qc_03,111,,qc_pick,1
2024-01-01 10:02:00.000000,START,TEU_111_qc_pick_qc_03,111,,qc_pick,1
2024-01-01 10:03:00.000000,STOP,TEU_111_qc_pick_qc_03,111,,qc_pick,1
2024-01-01 07:00:00.000000,WAIT_START,TEU_111_qc_transfer_qc_03,111,,qc_transfer,2
2024-01-01 10:03:00.000000,WAIT_STOP,TEU_111_qc_transfer_qc_03,111,,qc_transfer,2
2024-01-01 10:03:00.000000,START,TEU_111_qc_transfer_qc_03,111,,qc_transfer,2
2024-01-01 10:04:00.000000,STOP,TEU_111_qc_transfer_qc_03,111,,qc_transfer,2
2024-01-01 07:00:00.000000,WAIT_START,TEU_111_qc_load_to_pm_pm_03,111,pm_03,qc_load_to_pm,3
2024-01-01 10:04:00.000000,WAIT_STOP,TEU_111_qc_load_to_pm_pm_03,111,pm_03,qc_load_to_pm,3
2024-01-01 10:04:00.000000,START,TEU_111_qc_load_to_pm_pm_03,111,pm_03,qc_load_to_pm,3
2024-01-01 10:06:00.000000,STOP,TEU_111_qc_load_to_pm_pm_03,111,pm_03,qc_load_to_pm,3
2024-01-01 07:00:00.000000,WAIT_START,TEU_111_qc_travelback_pm_03,111,pm_03,qc_travelback,4
2024-01-01 10:06:00.000000,WAIT_STOP,TEU_111_qc_travelback_pm_03,111,pm_03,qc_travelback,4
2024-01-01 10:06:00.000000,START,TEU_111_qc_travelback_pm_03,111,pm_03,qc_travelback,4
2024-01-01 10:07:00.000000,STOP,TEU_111_qc_travelback_pm_03,111,pm_03,qc_travelback,4
2024-01-01 07:00:00.000000,WAIT_START,TEU_111_pm_travel_to_Yard1_pm_03,111,pm_03,pm_travel_to_yard,5
2024-01-01 10:06:00.000000,WAIT_STOP,TEU_111_pm_travel_to_Yard1_pm_03,111,pm_03,pm_travel_to_yard,5
2024-01-01 10:06:00.000000,START,TEU_111_pm_travel_to_Yard1_pm_03,111,pm_03,pm_travel_to_yard,5
2024-01-01 10:06:12.281792,STOP,TEU_111_pm_travel_to_Yard1_pm_03,111,pm_03,pm_travel_to_yard,5
2024-01-01 07:00:00.000000,WAIT_START,TEU_111_pm_unload_Yard1_pm_03,111,pm_03,pm_unload,6
2024-01-01 10:06:12.281792,WAIT_STOP,TEU_111_pm_unload_Yard1_pm_03,111,pm_03,pm_unload,6
2024-01-01 10:08:12.281792,START,TEU_111_pm_unload_Yard1_pm_03,111,pm_03,pm_unload,6
2024-01-01 10:10:12.281792,STOP,TEU_111_pm_unload_Yard1_pm_03,111,pm_03,pm_unload,6
2024-01-01 07:00:00.000000,WAIT_START,TEU_111_pm_return_pm_03,111,pm_03,pm_return,7
2024-01-01 10:10:12.281792,WAIT_STOP,TEU_111_pm_return_pm_03,111,pm_03,pm_return,7
2024-01-01 10:10:12.281792,START,TEU_111_pm_return_pm_03,111,pm_03,pm_return,7
2024-01-01 10:10:24.563583,STOP,TEU_111_pm_return_pm_03,111,pm_03,pm_return,7
2024-01-01 07:00:00.000000,WAIT_START,TEU_112_qc_pick_qc_01,112,,qc_pick,1
2024-01-01 10:05:00.000000,WAIT_STOP,TEU_112_qc_pick_qc_01,112,,qc_pick,1
2024-01-01 10:05:00.000000,START,TEU_112_qc_pick_qc_01,112,,qc_pick,1
2024-01-01 10:06:00.000000,STOP,TEU_112_qc_pick_qc_01,112,,qc_pick,1
2024-01-01 07:00:00.000000,WAIT_START,TEU_112_qc_transfer_qc_01,112,,qc_transfer,2
2024-01-01 10:06:00.000000,WAIT_STOP,TEU_112_qc_transfer_qc_01,112,,qc_transfer,2
2024-01-01 10:06:00.000000,START,TEU_112_qc_transfer_qc_01,112,,qc_transfer,2
2024-01-01 10:07:00.000000,STOP,TEU_112_qc_transfer_qc_01,112,,qc_transfer,2
2024-01-01 07:00:00.000000,WAIT_START,TEU_112_qc_load_to_pm_pm_04,112,pm_04,qc_load_to_pm,3
2024-01-01 10:07:00.000000,WAIT_STOP,TEU_112_qc_load_to_pm_pm_04,112,pm_04,qc_load_to_pm,3
2024-01-01 10:07:00.000000,START,TEU_112_qc_load_to_pm_pm_04,112,pm_04,qc_load_to_pm,3
2024-01-01 10:09:00.000000,STOP,TEU_112_qc_load_to_pm_pm_04,112,pm_04,qc_load_to_pm,3
2024-01-01 07:00:00.000000,WAIT_START,TEU_112_qc_travelback_pm_04,112,pm_04,qc_travelback,4
2024-01-01 10:09:00.000000,WAIT_STOP,TEU_112_qc_travelback_pm_04,112,pm_04,qc_travelback,4
2024-01-01 10:09:00.000000,START,TEU_112_qc_travelback_pm_04,112,pm_04,qc_travelback,4
2024-01-01 10:10:00.000000,STOP,TEU_112_qc_travelback_pm_04,112,pm_04,qc_travelback,4
2024-01-01 07:00:00.000000,WAIT_START,TEU_112_pm_travel_to_Yard1_pm_04,112,pm_04,pm_travel_to_yard,5
2024-01-01 10:09:00.000000,WAIT_STOP,TEU_112_pm_travel_to_Yard1_pm_04,112,pm_04,pm_travel_to_yard,5
2024-01-01 10:09:00.000000,START,TEU_112_pm_travel_to_Yard1_pm_04,112,pm_04,pm_travel_to_yard,5
2024-01-01 10:09:12.281792,STOP,TEU_112_pm_travel_to_Yard1_pm_04,112,pm_04,pm_travel_to_yard,5
2024-01-01 07:00:00.000000,WAIT_START,TEU_112_pm_unload_Yard1_pm_04,112,pm_04,pm_unload,6
2024-01-01 10:09:12.281792,WAIT_STOP,TEU_112_pm_unload_Yard1_pm_04,112,pm_04,pm_unload,6
2024-01-01 10:10:12.281792,START,TEU_112_pm_unload_Yard1_pm_04,112,pm_04,pm_unload,6
2024-01-01 10:12:12.281792,STOP,TEU_112_pm_unload_Yard1_pm_04,112,pm_04,pm_unload,6
2024-01-01 07:00:00.000000,WAIT_START,TEU_112_pm_return_pm_04,112,pm_04,pm_return,7
2024-01-01 10:12:12.281792,WAIT_STOP,TEU_112_pm_return_pm_04,112,pm_04,pm_return,7
2024-01-01 10:12:12.281792,START,TEU_112_pm_return_pm_04,112,pm_04,pm_return,7
2024-01-01 10:12:24.563583,STOP,TEU_112_pm_return_pm_04,112,pm_04,pm_return,7
2024-01-01 07:00:00.000000,WAIT_START,TEU_113_qc_pick_qc_02,113,,qc_pick,1
2024-01-01 10:06:00.000000,WAIT_STOP,TEU_113_qc_pick_qc_02,113,,qc_pick,1
2024-01-01 10:06:00.000000,START,TEU_113_qc_pick_qc_02,113,,qc_pick,1
2024-01-01 10:07:00.000000,STOP,TEU_113_qc_pick_qc_02,113,,qc_pick,1
2024-01-01 07:00:00.000000,WAIT_START,TEU_113_qc_transfer_qc_02,113,,qc_transfer,2
2024-01-01 10:07:00.000000,WAIT_STOP,TEU_113_qc_transfer_qc_02,113,,qc_transfer,2
2024-01-01 10:07:00.000000,START,TEU_113_qc_transfer_qc_02,113,,qc_transfer,2
2024-01-01 10:08:00.000000,STOP,TEU_113_qc_transfer_qc_02,113,,qc_transfer,2
2024-01-01 07:00:00.000000,WAIT_START,TEU_113_qc_load_to_pm_pm_05,113,pm_05,qc_load_to_pm,3
2024-01-01 10:08:00.000000,WAIT_STOP,TEU_113_qc_load_to_pm_pm_05,113,pm_05,qc_load_to_pm,3
2024-01-01 10:08:00.000000,START,TEU_113_qc_load_to_pm_pm_05,113,pm_05,qc_load_to_pm,3
2024-01-01 10:10:00.000000,STOP,TEU_113_qc_load_to_pm_pm_05,113,pm_05,qc_load_to_pm,3
2024-01-01 07:00:00.000000,WAIT_START,TEU_113_qc_travelback_pm_05,113,pm_05,qc_travelback,4
2024-01-01 10:10:00.000000,WAIT_STOP,TEU_113_qc_travelback_pm_05,113,pm_05,qc_travelback,4
2024-01-01 10:10:00.000000,START,TEU_113_qc_travelback_pm_05,113,pm_05,qc_travelback,4
2024-01-01 10:11:00.000000,STOP,TEU_113_qc_travelback_pm_05,113,pm_05,qc_travelback,4
2024-01-01 07:00:00.000000,WAIT_START,TEU_113_pm_travel_to_Yard4_pm_05,113,pm_05,pm_travel_to_yard,5
2024-01-01 10:10:00.000000,WAIT_STOP,TEU_113_pm_travel_to_Yard4_pm_05,113,pm_05,pm_travel_to_yard,5
2024-01-01 10:10:00.000000,START,TEU_113_pm_travel_to_Yard4_pm_05,113,pm_05,pm_travel_to_yard,5
2024-01-01 10:10:49.127167,STOP,TEU_113_pm_travel_to_Yard4_pm_05,113,pm_05,pm_travel_to_yard,5
2024-01-01 07:00:00.000000,WAIT_START,TEU_113_pm_unload_Yard4_pm_05,113,pm_05,pm_unload,6
2024-01-01 10:10:49.127167,WAIT_STOP,TEU_113_pm_unload_Yard4_pm_05,113,pm_05,pm_unload,6
2024-01-01 10:10:49.127167,START,TEU_113_pm_unload_Yard4_pm_05,113,pm_05,pm_unload,6
2024-01-01 10:12:49.127167,STOP,TEU_113_pm_unload_Yard4_pm_05,113,pm_05,pm_unload,6
2024-01-01 07:00:00.000000,WAIT_START,TEU_113_pm_return_pm_05,113,pm_05,pm_return,7
2024-01-01 10:12:49.127167,WAIT_STOP,TEU_113_pm_return_pm_05,113,pm_05,pm_return,7
2024-01-01 10:12:49.127167,START,TEU_113_pm_return_pm_05,113,pm_05,pm_return,7
2024-01-01 10:13:38.254333,STOP,TEU_113_pm_return_pm_05,113,pm_05,pm_return,7
2024-01-01 07:00:00.000000,WAIT_START,TEU_114_qc_pick_qc_03,114,,qc_pick,1
2024-01-01 10:07:00.000000,WAIT_STOP,TEU_114_qc_pick_qc_03,114,,qc_pick,1
2024-01-01 10:07:00.000000,START,TEU_114_qc_pick_qc_03,114,,qc_pick,1
2024-01-01 10:08:00.000000,STOP,TEU_114_qc_pick_qc_03,114,,qc_pick,1
2024-01-01 07:00:00.000000,WAIT_START,TEU_114_qc_transfer_qc_03,114,,qc_transfer,2
2024-01-01 10:08:00.000000,WAIT_STOP,TEU_114_qc_transfer_qc_03,114,,qc_transfer,2
2024-01-01 10:08:00.000000,START,TEU_114_qc_transfer_qc_03,114,,qc_transfer,2
2024-01-01 10:09:00.000000,STOP,TEU_114_qc_transfer_qc_03,114,,qc_transfer,2
2024-01-01 07:00:00.000000,WAIT_START,TEU_114_qc_load_to_pm_pm_06,114,pm_06,qc_load_to_pm,3
2024-01-01 10:09:00.000000,WAIT_STOP,TEU_114_qc_load_to_pm_pm_06,114,pm_06,qc_load_to_pm,3
2024-01-01 10:09:00.000000,START,TEU_114_qc_load_to_pm_pm_06,114,pm_06,qc_load_to_pm,3
2024-01-01 10:11:00.000000,STOP,TEU_114_qc_load_to_pm_pm_06,114,pm_06,qc_load_to_pm,3
2024-01-01 07:00:00.000000,WAIT_START,TEU_114_qc_travelback_pm_06,114,pm_06,qc_travelback,4
2024-01-01 10:11:00.000000,WAIT_STOP,TEU_114_qc_travelback_pm_06,114,pm_06,qc_travelback,4
2024-01-01 10:11:00.000000,START,TEU_114_qc_travelback_pm_06,114,pm_06,qc_travelback,4
2024-01-01 10:12:00.000000,STOP,TEU_114_qc_travelback_pm_06,114,pm_06,qc_travelback,4
2024-01-01 07:00:00.000000,WAIT_START,TEU_114_pm_travel_to_Yard4_pm_06,114,pm_06,pm_travel_to_yard,5
2024-01-01 10:11:00.000000,WAIT_STOP,TEU_114_pm_travel_to_Yard4_pm_06,114,pm_06,pm_travel_to_yard,5
2024-01-01 10:11:00.000000,START,TEU_114_pm_travel_to_Yard4_pm_06,114,pm_06,pm_travel_to_yard,5
2024-01-01 10:11:49.127167,STOP,TEU_114_pm_travel_to_Yard4_pm_06,114,pm_06,pm_travel_to_yard,5
2024-01-01 07:00:00.000000,WAIT_START,TEU_114_pm_unload_Yard4_pm_06,114,pm_06,pm_unload,6
2024-01-01 10:11:49.127167,WAIT_STOP,TEU_114_pm_unload_Yard4_pm_06,114,pm_06,pm_unload,6
2024-01-01 10:12:49.127167,START,TEU_114_pm_unload_Yard4_pm_06,114,pm_06,pm_unload,6
2024-01-01 10:14:49.127167,STOP,TEU_114_pm_unload_Yard4_pm_06,114,pm_06,pm_unload,6
2024-01-01 07:00:00.000000,WAIT_START,TEU_114_pm_return_pm_06,114,pm_06,pm_return,7
2024-01-01 10:14:49.127167,WAIT_STOP,TEU_114_pm_return_pm_06,114,pm_06,pm_return,7
2024-01-01 10:14:49.127167,START,TEU_114_pm_return_pm_06,114,pm_06,pm_return,7
2024-01-01 10:15:38.254333,STOP,TEU_114_pm_return_pm_06,114,pm_06,pm_return,7
2024-01-01 07:00:00.000000,WAIT_START,TEU_115_qc_pick_qc_01,115,,qc_pick,1
2024-01-01 10:10:00.000000,WAIT_STOP,TEU_115_qc_pick_qc_01,115,,qc_pick,1
2024-01-01 10:10:00.000000,START,TEU_115_qc_pick_qc_01,115,,qc_pick,1
2024-01-01 10:11:00.000000,STOP,TEU_115_qc_pick_qc_01,115,,qc_pick,1
2024-01-01 07:00:00.000000,WAIT_START,TEU_115_qc_transfer_qc_01,115,,qc_transfer,2
2024-01-01 10:11:00.000000,WAIT_STOP,TEU_115_qc_transfer_qc_01,115,,qc_transfer,2
2024-01-01 10:11:00.000000,START,TEU_115_qc_transfer_qc_01,115,,qc_transfer,2
2024-01-01 10:12:00.000000,STOP,TEU_115_qc_transfer_qc_01,115,,qc_transfer,2
2024-01-01 07:00:00.000000,WAIT_START,TEU_115_qc_load_to_pm_pm_07,115,pm_07,qc_load_to_pm,3
2024-01-01 10:12:00.000000,WAIT_STOP,TEU_115_qc_load_to_pm_pm_07,115,pm_07,qc_load_to_pm,3
2024-01-01 10:12:00.000000,START,TEU_115_qc_load_to_pm_pm_07,115,pm_07,qc_load_to_pm,3
2024-01-01 10:14:00.000000,STOP,TEU_115_qc_load_to_pm_pm_07,115,pm_07,qc_load_to_pm,3
2024-01-01 07:00:00.000000,WAIT_START,TEU_115_qc_travelback_pm_07,115,pm_07,qc_travelback,4
2024-01-01 10:14:00.000000,WAIT_STOP,TEU_115_qc_travelback_pm_07,115,pm_07,qc_travelback,4
2024-01-01 10:14:00.000000,START,TEU_115_qc_travelback_pm_07,115,pm_07,qc_travelback,4
2024-01-01 10:15:00.000000,STOP,TEU_115_qc_travelback_pm_07,115,pm_07,qc_travelback,4
2024-01-01 07:00:00.000000,WAIT_START,TEU_115_pm_travel_to_Yard4_pm_07,115,pm_07,pm_travel_to_yard,5
2024-01-01 10:14:00.000000,WAIT_STOP,TEU_115_pm_travel_to_Yard4_pm_07,115,pm_07,pm_travel_to_yard,5
2024-01-01 10:14:00.000000,START,TEU_115_pm_travel_to_Yard4_pm_07,115,pm_07,pm_travel_to_yard,5
2024-01-01 10:14:49.127167,STOP,TEU_115_pm_travel_to_Yard4_pm_07,115,pm_07,pm_travel_to_yard,5
2024-01-01 07:00:00.000000,WAIT_START,TEU_115_pm_unload_Yard4_pm_07,115,pm_07,pm_unload,6
2024-01-01 10:14:49.127167,WAIT_STOP,TEU_115_pm_unload_Yard4_pm_07,115,pm_07,pm_unload,6
2024-01-01 10:14:49.127167,START,TEU_115_pm_unload_Yard4_pm_07,115,pm_07,pm_unload,6
2024-01-01 10:16:49.127167,STOP,TEU_115_pm_unload_Yard4_pm_07,115,pm_07,pm_unload,6
2024-01-01 07:00:00.000000,WAIT_START,TEU_115_pm_return_pm_07,115,pm_07,pm_return,7
2024-01-01 10:16:49.127167,WAIT_STOP,TEU_115_pm_return_pm_07,115,pm_07,pm_return,7
2024-01-01 10:16:49.127167,START,TEU_115_pm_return_pm_07,115,pm_07,pm_return,7
2024-01-01 10:17:38.254333,STOP,TEU_115_pm_return_pm_07,115,pm_07,pm_return,7
2024-01-01 07:00:00.000000,WAIT_START,TEU_116_qc_pick_qc_02,116,,qc_pick,1
2024-01-01 10:11:00.000000,WAIT_STOP,TEU_116_qc_pick_qc_02,116,,qc_pick,1
2024-01-01 10:11:00.000000,START,TEU_116_qc_pick_qc_02,116,,qc_pick,1
2024-01-01 10:12:00.000000,STOP,TEU_116_qc_pick_qc_02,116,,qc_pick,1
2024-01-01 07:00:00.000000,WAIT_START,TEU_116_qc_transfer_qc_02,116,,qc_transfer,2
2024-01-01 10:12:00.000000,WAIT_STOP,TEU_116_qc_transfer_qc_02,116,,qc_transfer,2
2024-01-01 10:12:00.000000,START,TEU_116_qc_transfer_qc_02,116,,qc_transfer,2
2024-01-01 10:13:00.000000,STOP,TEU_116_qc_transfer_qc_02,116,,qc_transfer,2
2024-01-01 07:00:00.000000,WAIT_START,TEU_116_qc_load_to_pm_pm_08,116,pm_08,qc_load_to_pm,3
2024-01-01 10:13:00.000000,WAIT_STOP,TEU_116_qc_load_to_pm_pm_08,116,pm_08,qc_load_to_pm,3
2024-01-01 10:13:00.000000,START,TEU_116_qc_load_to_pm_pm_08,116,pm_08,qc_load_to_pm,3
2024-01-01 10:15:00.000000,STOP,TEU_116_qc_load_to_pm_pm_08,116,pm_08,qc_load_to_pm,3
2024-01-01 07:00:00.000000,WAIT_START,TEU_116_qc_travelback_pm_08,116,pm_08,qc_travelback,4
2024-01-01 10:15:00.000000,WAIT_STOP,TEU_116_qc_travelback_pm_08,116,pm_08,qc_travelback,4
2024-01-01 10:15:00.000000,START,TEU_116_qc_travelback_pm_08,116,pm_08,qc_travelback,4
2024-01-01 10:16:00.000000,STOP,TEU_116_qc_travelback_pm_08,116,pm_08,qc_travelback,4
2024-01-01 07:00:00.000000,WAIT_START,TEU_116_pm_travel_to_Yard1_pm_08,116,pm_08,pm_travel_to_yard,5
2024-01-01 10:15:00.000000,WAIT_STOP,TEU_116_pm_travel_to_Yard1_pm_08,116,pm_08,pm_travel_to_yard,5
2024-01-01 10:15:00.000000,START,TEU_116_pm_travel_to_Yard1_pm_08,116,pm_08,pm_travel_to_yard,5
2024-01-01 10:15:12.281792,STOP,TEU_116_pm_travel_to_Yard1_pm_08,116,pm_08,pm_travel_to_yard,5
2024-01-01 07:00:00.000000,WAIT_START,TEU_116_pm_unload_Yard1_pm_08,116,pm_08,pm_unload,6
2024-01-01 10:15:12.281792,WAIT_STOP,TEU_116_pm_unload_Yard1_pm_08,116,pm_08,pm_unload,6
2024-01-01 10:15:12.281792,START,TEU_116_pm_unload_Yard1_pm_08,116,pm_08,pm_unload,6
2024-01-01 10:17:12.281792,STOP,TEU_116_pm_unload_Yard1_pm_08,116,pm_08,pm_unload,6
2024-01-01 07:00:00.000000,WAIT_START,TEU_116_pm_return_pm_08,116,pm_08,pm_return,7
2024-01-01 10:17:12.281792,WAIT_STOP,TEU_116_pm_return_pm_08,116,pm_08,pm_return,7
2024-01-01 10:17:12.281792,START,TEU_116_pm_return_pm_08,116,pm_08,pm_return,7
2024-01-01 10:17:24.563583,STOP,TEU_116_pm_return_pm_08,116,pm_08,pm_return,7
2024-01-01 07:00:00.000000,WAIT_START,TEU_117_qc_pick_qc_03,117,,qc_pick,1
2024-01-01 10:12:00.000000,WAIT_STOP,TEU_117_qc_pick_qc_03,117,,qc_pick,1
2024-01-01 10:12:00.000000,START,TEU_117_qc_pick_qc_03,117,,qc_pick,1
2024-01-01 10:13:00.000000,STOP,TEU_117_qc_pick_qc_03,117,,qc_pick,1
2024-01-01 07:00:00.000000,WAIT_START,TEU_117_qc_transfer_qc_03,117,,qc_transfer,2
2024-01-01 10:13:00.000000,WAIT_STOP,TEU_117_qc_transfer_qc_03,117,,qc_transfer,2
2024-01-01 10:13:00.000000,START,TEU_117_qc_transfer_qc_03,117,,qc_transfer,2
2024-01-01 10:14:00.000000,STOP,TEU_117_qc_transfer_qc_03,117,,qc_transfer,2
2024-01-01 07:00:00.000000,WAIT_START,TEU_117_qc_load_to_pm_pm_09,117,pm_09,qc_load_to_pm,3
2024-01-01 10:14:00.000000,WAIT_STOP,TEU_117_qc_load_to_pm_pm_09,117,pm_09,qc_load_to_pm,3
2024-01-01 10:14:00.000000,START,TEU_117_qc_load_to_pm_pm_09,117,pm_09,qc_load_to_pm,3
2024-01-01 10:16:00.000000,STOP,TEU_117_qc_load_to_pm_pm_09,117,pm_09,qc_load_to_pm,3
2024-01-01 07:00:00.000000,WAIT_START,TEU_117_qc_travelback_pm_09,117,pm_09,qc_travelback,4
2024-01-01 10:16:00.000000,WAIT_STOP,TEU_117_qc_travelback_pm_09,117,pm_09,qc_travelback,4
2024-01-01 10:16:00.000000,START,TEU_117_qc_travelback_pm_09,117,pm_09,qc_travelback,4
2024-01-01 10:17:00.000000,STOP,TEU_117_qc_travelback_pm_09,117,pm_09,qc_travelback,4
2024-01-01 07:00:00.000000,WAIT_START,TEU_117_pm_travel_to_Yard1_pm_09,117,pm_09,pm_travel_to_yard,5
2024-01-01 10:16:00.000000,WAIT_STOP,TEU_117_pm_travel_to_Yard1_pm_09,117,pm_09,pm_travel_to_yard,5
2024-01-01 10:16:00.000000,START,TEU_117_pm_travel_to_Yard1_pm_09,117,pm_09,pm_travel_to_yard,5
2024-01-01 10:16:12.281792,STOP,TEU_117_pm_travel_to_Yard1_pm_09,117,pm_09,pm_travel_to_yard,5
2024-01-01 07:00:00.000000,WAIT_START,TEU_117_pm_unload_Yard1_pm_09,117,pm_09,pm_unload,6
2024-01-01 10:16:12.281792,WAIT_STOP,TEU_117_pm_unload_Yard1_pm_09,117,pm_09,pm_unload,6
2024-01-01 10:17:12.281792,START,TEU_117_pm_unload_Yard1_pm_09,117,pm_09,pm_unload,6
2024-01-01 10:19:12.281792,STOP,TEU_117_pm_unload_Yard1_pm_09,117,pm_09,pm_unload,6
2024-01-01 07:00:00.000000,WAIT_START,TEU_117_pm_return_pm_09,117,pm_09,pm_return,7
2024-01-01 10:19:12.281792,WAIT_STOP,TEU_117_pm_return_pm_09,117,pm_09,pm_return,7
2024-01-01 10:19:12.281792,START,TEU_117_pm_return_pm_09,117,pm_09,pm_return,7
2024-01-01 10:19:24.563583,STOP,TEU_117_pm_return_pm_09,117,pm_09,pm_return,7
2024-01-01 07:00:00.000000,WAIT_START,TEU_118_qc_pick_qc_01,118,,qc_pick,1
2024-01-01 10:15:00.000000,WAIT_STOP,TEU_118_qc_pick_qc_01,118,,qc_pick,1
2024-01-01 10:15:00.000000,START,TEU_118_qc_pick_qc_01,118,,qc_pick,1
2024-01-01 10:16:00.000000,STOP,TEU_118_qc_pick_qc_01,118,,qc_pick,1
2024-01-01 07:00:00.000000,WAIT_START,TEU_118_qc_transfer_qc_01,118,,qc_transfer,2
2024-01-01 10:16:00.000000,WAIT_STOP,TEU_118_qc_transfer_qc_01,118,,qc_transfer,2
2024-01-01 10:16:00.000000,START,TEU_118_qc_transfer_qc_01,118,,qc_transfer,2
2024-01-01 10:17:00.000000,STOP,TEU_118_qc_transfer_qc_01,118,,qc_transfer,2
2024-01-01 07:00:00.000000,WAIT_START,TEU_118_qc_load_to_pm_pm_01,118,pm_01,qc_load_to_pm,3
2024-01-01 10:17:00.000000,WAIT_STOP,TEU_118_qc_load_to_pm_pm_01,118,pm_01,qc_load_to_pm,3
2024-01-01 10:17:00.000000,START,TEU_118_qc_load_to_pm_pm_01,118,pm_01,qc_load_to_pm,3
2024-01-01 10:19:00.000000,STOP,TEU_118_qc_load_to_pm_pm_01,118,pm_01,qc_load_to_pm,3
2024-01-01 07:00:00.000000,WAIT_START,TEU_118_qc_travelback_pm_01,118,pm_01,qc_travelback,4
2024-01-01 10:19:00.000000,WAIT_STOP,TEU_118_qc_travelback_pm_01,118,pm_01,qc_travelback,4
2024-01-01 10:19:00.000000,START,TEU_118_qc_travelback_pm_01,118,pm_01,qc_travelback,4
2024-01-01 10:20:00.000000,STOP,TEU_118_qc_travelback_pm_01,118,pm_01,qc_travelback,4
2024-01-01 07:00:00.000000,WAIT_START,TEU_118_pm_travel_to_Yard1_pm_01,118,pm_01,pm_travel_to_yard,5
2024-01-01 10:19:00.000000,WAIT_STOP,TEU_118_pm_travel_to_Yard1_pm_01,118,pm_01,pm_travel_to_yard,5
2024-01-01 10:19:00.000000,START,TEU_118_pm_travel_to_Yard1_pm_01,118,pm_01,pm_travel_to_yard,5
2024-01-01 10:19:12.281792,STOP,TEU_118_pm_travel_to_Yard1_pm_01,118,pm_01,pm_travel_to_yard,5
2024-01-01 07:00:00.000000,WAIT_START,TEU_118_pm_unload_Yard1_pm_01,118,pm_01,pm_unload,6
2024-01-01 10:19:12.281792,WAIT_STOP,TEU_118_pm_unload_Yard1_pm_01,118,pm_01,pm_unload,6
2024-01-01 10:19:12.281792,START,TEU_118_pm_unload_Yard1_pm_01,118,pm_01,pm_unload,6
2024-01-01 10:21:12.281792,STOP,TEU_118_pm_unload_Yard1_pm_01,118,pm_01,pm_unload,6
2024-01-01 07:00:00.000000,WAIT_START,TEU_118_pm_return_pm_01,118,pm_01,pm_return,7
2024-01-01 10:21:12.281792,WAIT_STOP,TEU_118_pm_return_pm_01,118,pm_01,pm_return,7
2024-01-01 10:21:12.281792,START,TEU_118_pm_return_pm_01,118,pm_01,pm_return,7
2024-01-01 10:21:24.563583,STOP,TEU_118_pm_return_pm_01,118,pm_01,pm_return,7
2024-01-01 07:00:00.000000,WAIT_START,TEU_119_qc_pick_qc_02,119,,qc_pick,1
2024-01-01 10:16:00.000000,WAIT_STOP,TEU_119_qc_pick_qc_02,119,,qc_pick,1
2024-01-01 10:16:00.000000,START,TEU_119_qc_pick_qc_02,119,,qc_pick,1
2024-01-01 10:17:00.000000,STOP,TEU_119_qc_pick_qc_02,119,,qc_pick,1
2024-01-01 07:00:00.000000,WAIT_START,TEU_119_qc_transfer_qc_02,119,,qc_transfer,2
2024-01-01 10:17:00.000000,WAIT_STOP,TEU_119_qc_transfer_qc_02,119,,qc_transfer,2
2024-01-01 10:17:00.000000,START,TEU_119_qc_transfer_qc_02,119,,qc_transfer,2
2024-01-01 10:18:00.000000,STOP,TEU_119_qc_transfer_qc_02,119,,qc_transfer,2
2024-01-01 07:00:00.000000,WAIT_START,TEU_119_qc_load_to_pm_pm_02,119,pm_02,qc_load_to_pm,3
2024-01-01 10:18:00.000000,WAIT_STOP,TEU_119_qc_load_to_pm_pm_02,119,pm_02,qc_load_to_pm,3
2024-01-01 10:18:00.000000,START,TEU_119_qc_load_to_pm_pm_02,119,pm_02,qc_load_to_pm,3
2024-01-01 10:20:00.000000,STOP,TEU_119_qc_load_to_pm_pm_02,119,pm_02,qc_load_to_pm,3
2024-01-01 07:00:00.000000,WAIT_START,TEU_119_qc_travelback_pm_02,119,pm_02,qc_travelback,4
2024-01-01 10:20:00.000000,WAIT_STOP,TEU_119_qc_travelback_pm_02,119,pm_02,qc_travelback,4
2024-01-01 10:20:00.000000,START,TEU_119_qc_travelback_pm_02,119,pm_02,qc_travelback,4
2024-01-01 10:21:00.000000,STOP,TEU_119_qc_travelback_pm_02,119,pm_02,qc_travelback,4
2024-01-01 07:00:00.000000,WAIT_START,TEU_119_pm_travel_to_Yard1_pm_02,119,pm_02,pm_travel_to_yard,5
2024-01-01 10:20:00.000000,WAIT_STOP,TEU_119_pm_travel_to_Yard1_pm_02,119,pm_02,pm_travel_to_yard,5
2024-01-01 10:20:00.000000,START,TEU_119_pm_travel_to_Yard1_pm_02,119,pm_02,pm_travel_to_yard,5
2024-01-01 10:20:12.281792,STOP,TEU_119_pm_travel_to_Yard1_pm_02,119,pm_02,pm_travel_to_yard,5
2024-01-01 07:00:00.000000,WAIT_START,TEU_119_pm_unload_Yard1_pm_02,119,pm_02,pm_unload,6
2024-01-01 10:20:12.281792,WAIT_STOP,TEU_119_pm_unload_Yard1_pm_02,119,pm_02,pm_unload,6
2024-01-01 10:21:12.281792,START,TEU_119_pm_unload_Yard1_pm_02,119,pm_02,pm_unload,6
2024-01-01 10:23:12.281792,STOP,TEU_119_pm_unload_Yard1_pm_02,119,pm_02,pm_unload,6
2024-01-01 07:00:00.000000,WAIT_START,TEU_119_pm_return_pm_02,119,pm_02,pm_return,7
2024-01-01 10:23:12.281792,WAIT_STOP,TEU_119_pm_return_pm_02,119,pm_02,pm_return,7
2024-01-01 10:23:12.281792,START,TEU_119_pm_return_pm_02,119,pm_02,pm_return,7
2024-01-01 10:23:24.563583,STOP,TEU_119_pm_return_pm_02,119,pm_02,pm_return,7
2024-01-01 07:00:00.000000,WAIT_START,TEU_120_qc_pick_qc_03,120,,qc_pick,1
2024-01-01 10:17:00.000000,WAIT_STOP,TEU_120_qc_pick_qc_03,120,,qc_pick,1
2024-01-01 10:17:00.000000,START,TEU_120_qc_pick_qc_03,120,,qc_pick,1
2024-01-01 10:18:00.000000,STOP,TEU_120_qc_pick_qc_03,120,,qc_pick,1
2024-01-01 07:00:00.000000,WAIT_START,TEU_120_qc_transfer_qc_03,120,,qc_transfer,2
2024-01-01 10:18:00.000000,WAIT_STOP,TEU_120_qc_transfer_qc_03,120,,qc_transfer,2
2024-01-01 10:18:00.000000,START,TEU_120_qc_transfer_qc_03,120,,qc_transfer,2
2024-01-01 10:19:00.000000,STOP,TEU_120_qc_transfer_qc_03,120,,qc_transfer,2
2024-01-01 07:00:00.000000,WAIT_START,TEU_120_qc_load_to_pm_pm_03,120,pm_03,qc_load_to_pm,3
2024-01-01 10:19:00.000000,WAIT_STOP,TEU_120_qc_load_to_pm_pm_03,120,pm_03,qc_load_to_pm,3
2024-01-01 10:19:00.000000,START,TEU_120_qc_load_to_pm_pm_03,120,pm_03,qc_load_to_pm,3
2024-01-01 10:21:00.000000,STOP,TEU_120_qc_load_to_pm_pm_03,120,pm_03,qc_load_to_pm,3
2024-01-01 07:00:00.000000,WAIT_START,TEU_120_qc_travelback_pm_03,120,pm_03,qc_travelback,4
2024-01-01 10:21:00.000000,WAIT_STOP,TEU_120_qc_travelback_pm_03,120,pm_03,qc_travelback,4
2024-01-01 10:21:00.000000,START,TEU_120_qc_travelback_pm_03,120,pm_03,qc_travelback,4
2024-01-01 10:22:00.000000,STOP,TEU_120_qc_travelback_pm_03,120,pm_03,qc_travelback,4
2024-01-01 07:00:00.000000,WAIT_START,TEU_120_pm_travel_to_Yard1_pm_03,120,pm_03,pm_travel_to_yard,5
2024-01-01 10:21:00.000000,WAIT_STOP,TEU_120_pm_travel_to_Yard1_pm_03,120,pm_03,pm_travel_to_yard,5
2024-01-01 10:21:00.000000,START,TEU_120_pm_travel_to_Yard1_pm_03,120,pm_03,pm_travel_to_yard,5
2024-01-01 10:21:12.281792,STOP,TEU_120_pm_travel_to_Yard1_pm_03,120,pm_03,pm_travel_to_yard,5
2024-01-01 07:00:00.000000,WAIT_START,TEU_120_pm_unload_Yard1_pm_03,120,pm_03,pm_unload,6
2024-01-01 10:21:12.281792,WAIT_STOP,TEU_120_pm_unload_Yard1_pm_03,120,pm_03,pm_unload,6
2024-01-01 10:23:12.281792,START,TEU_120_pm_unload_Yard1_pm_03,120,pm_03,pm_unload,6
2024-01-01 10:25:12.281792,STOP,TEU_120_pm_unload_Yard1_pm_03,120,pm_03,pm_unload,6
2024-01-01 07:00:00.000000,WAIT_START,TEU_120_pm_return_pm_03,120,pm_03,pm_return,7
2024-01-01 10:25:12.281792,WAIT_STOP,TEU_120_pm_return_pm_03,120,pm_03,pm_return,7
2024-01-01 10:25:12.281792,START,TEU_120_pm_return_pm_03,120,pm_03,pm_return,7
2024-01-01 10:25:24.563583,STOP,TEU_120_pm_return_pm_03,120,pm_03,pm_return,7
2024-01-01 07:00:00.000000,WAIT_START,TEU_121_qc_pick_qc_01,121,,qc_pick,1
2024-01-01 10:20:00.000000,WAIT_STOP,TEU_121_qc_pick_qc_01,121,,qc_pick,1
2024-01-01 10:20:00.000000,START,TEU_121_qc_pick_qc_01,121,,qc_pick,1
2024-01-01 10:21:00.000000,STOP,TEU_121_qc_pick_qc_01,121,,qc_pick,1
2024-01-01 07:00:00.000000,WAIT_START,TEU_121_qc_transfer_qc_01,121,,qc_transfer,2
2024-01-01 10:21:00.000000,WAIT_STOP,TEU_121_qc_transfer_qc_01,121,,qc_transfer,2
2024-01-01 10:21:00.000000,START,TEU_121_qc_transfer_qc_01,121,,qc_transfer,2
2024-01-01 10:22:00.000000,STOP,TEU_121_qc_transfer_qc_01,121,,qc_transfer,2
2024-01-01 07:00:00.000000,WAIT_START,TEU_121_qc_load_to_pm_pm_04,121,pm_04,qc_load_to_pm,3
2024-01-01 10:22:00.000000,WAIT_STOP,TEU_121_qc_load_to_pm_pm_04,121,pm_04,qc_load_to_pm,3
2024-01-01 10:22:00.000000,START,TEU_121_qc_load_to_pm_pm_04,121,pm_04,qc_load_to_pm,3
2024-01-01 10:24:00.000000,STOP,TEU_121_qc_load_to_pm_pm_04,121,pm_04,qc_load_to_pm,3
2024-01-01 07:00:00.000000,WAIT_START,TEU_121_qc_travelback_pm_04,121,pm_04,qc_travelback,4
2024-01-01 10:24:00.000000,WAIT_STOP,TEU_121_qc_travelback_pm_04,121,pm_04,qc_travelback,4
2024-01-01 10:24:00.000000,START,TEU_121_qc_travelback_pm_04,121,pm_04,qc_travelback,4
2024-01-01 10:25:00.000000,STOP,TEU_121_qc_travelback_pm_04,121,pm_04,qc_travelback,4
2024-01-01 07:00:00.000000,WAIT_START,TEU_121_pm_travel_to_Yard4_pm_04,121,pm_04,pm_travel_to_yard,5
2024-01-01 10:24:00.000000,WAIT_STOP,TEU_121_pm_travel_to_Yard4_pm_04,121,pm_04,pm_travel_to_yard,5
2024-01-01 10:24:00.000000,START,TEU_121_pm_travel_to_Yard4_pm_04,121,pm_04,pm_travel_to_yard,5
2024-01-01 10:24:49.127167,STOP,TEU_121_pm_travel_to_Yard4_pm_04,121,pm_04,pm_travel_to_yard,5
2024-01-01 07:00:00.000000,WAIT_START,TEU_121_pm_unload_Yard4_pm_04,121,pm_04,pm_unload,6
2024-01-01 10:24:49.127167,WAIT_STOP,TEU_121_pm_unload_Yard4_pm_04,121,pm_04,pm_unload,6
2024-01-01 10:24:49.127167,START,TEU_121_pm_unload_Yard4_pm_04,121,pm_04,pm_unload,6
2024-01-01 10:26:49.127167,STOP,TEU_121_pm_unload_Yard4_pm_04,121,pm_04,pm_unload,6
2024-01-01 07:00:00.000000,WAIT_START,TEU_121_pm_return_pm_04,121,pm_04,pm_return,7
2024-01-01 10:26:49.127167,WAIT_STOP,TEU_121_pm_return_pm_04,121,pm_04,pm_return,7
2024-01-01 10:26:49.127167,START,TEU_121_pm_return_pm_04,121,pm_04,pm_return,7
2024-01-01 10:27:38.254333,STOP,TEU_121_pm_return_pm_04,121,pm_04,pm_return,7
2024-01-01 07:00:00.000000,WAIT_START,TEU_122_qc_pick_qc_02,122,,qc_pick,1
2024-01-01 10:21:00.000000,WAIT_STOP,TEU_122_qc_pick_qc_02,122,,qc_pick,1
2024-01-01 10:21:00.000000,START,TEU_122_qc_pick_qc_02,122,,qc_pick,1
2024-01-01 10:22:00.000000,STOP,TEU_122_qc_pick_qc_02,122,,qc_pick,1
2024-01-01 07:00:00.000000,WAIT_START,TEU_122_qc_transfer_qc_02,122,,qc_transfer,2
2024-01-01 10:22:00.000000,WAIT_STOP,TEU_122_qc_transfer_qc_02,122,,qc_transfer,2
2024-01-01 10:22:00.000000,START,TEU_122_qc_transfer_qc_02,122,,qc_transfer,2
2024-01-01 10:23:00.000000,STOP,TEU_122_qc_transfer_qc_02,122,,qc_transfer,2
2024-01-01 07:00:00.000000,WAIT_START,TEU_122_qc_load_to_pm_pm_05,122,pm_05,qc_load_to_pm,3
2024-01-01 10:23:00.000000,WAIT_STOP,TEU_122_qc_load_to_pm_pm_05,122,pm_05,qc_load_to_pm,3
2024-01-01 10:23:00.000000,START,TEU_122_qc_load_to_pm_pm_05,122,pm_05,qc_load_to_pm,3
2024-01-01 10:25:00.000000,STOP,TEU_122_qc_load_to_pm_pm_05,122,pm_05,qc_load_to_pm,3
2024-01-01 07:00:00.000000,WAIT_START,TEU_122_qc_travelback_pm_05,122,pm_05,qc_travelback,4
2024-01-01 10:25:00.000000,WAIT_STOP,TEU_122_qc_travelback_pm_05,122,pm_05,qc_travelback,4
2024-01-01 10:25:00.000000,START,TEU_122_qc_travelback_pm_05,122,pm_05,qc_travelback,4
2024-01-01 10:26:00.000000,STOP,TEU_122_qc_travelback_pm_05,122,pm_05,qc_travelback,4
2024-01-01 07:00:00.000000,WAIT_START,TEU_122_pm_travel_to_Yard1_pm_05,122,pm_05,pm_travel_to_yard,5
2024-01-01 10:25:00.000000,WAIT_STOP,TEU_122_pm_travel_to_Yard1_pm_05,122,pm_05,pm_travel_to_yard,5
2024-01-01 10:25:00.000000,START,TEU_122_pm_travel_to_Yard1_pm_05,122,pm_05,pm_travel_to_yard,5
2024-01-01 10:25:12.281792,STOP,TEU_122_pm_travel_to_Yard1_pm_05,122,pm_05,pm_travel_to_yard,5
2024-01-01 07:00:00.000000,WAIT_START,TEU_122_pm_unload_Yard1_pm_05,122,pm_05,pm_unload,6
2024-01-01 10:25:12.281792,WAIT_STOP,TEU_122_pm_unload_Yard1_pm_05,122,pm_05,pm_unload,6
2024-01-01 10:25:12.281792,START,TEU_122_pm_unload_Yard1_pm_05,122,pm_05,pm_unload,6
2024-01-01 10:27:12.281792,STOP,TEU_122_pm_unload_Yard1_pm_05,122,pm_05,pm_unload,6
2024-01-01 07:00:00.000000,WAIT_START,TEU_122_pm_return_pm_05,122,pm_05,pm_return,7
2024-01-01 10:27:12.281792,WAIT_STOP,TEU_122_pm_return_pm_05,122,pm_05,pm_return,7
2024-01-01 10:27:12.281792,START,TEU_122_pm_return_pm_05,122,pm_05,pm_return,7
2024-01-01 10:27:24.563583,STOP,TEU_122_pm_return_pm_05,122,pm_05,pm_return,7
2024-01-01 07:00:00.000000,WAIT_START,TEU_123_qc_pick_qc_03,123,,qc_pick,1
2024-01-01 10:22:00.000000,WAIT_STOP,TEU_123_qc_pick_qc_03,123,,qc_pick,1
2024-01-01 10:22:00.000000,START,TEU_123_qc_pick_qc_03,123,,qc_pick,1
2024-01-01 10:23:00.000000,STOP,TEU_123_qc_pick_qc_03,123,,qc_pick,1
2024-01-01 07:00:00.000000,WAIT_START,TEU_123_qc_transfer_qc_03,123,,qc_transfer,2
2024-01-01 10:23:00.000000,WAIT_STOP,TEU_123_qc_transfer_qc_03,123,,qc_transfer,2
2024-01-01 10:23:00.000000,START,TEU_123_qc_transfer_qc_03,123,,qc_transfer,2
2024-01-01 10:24:00.000000,STOP,TEU_123_qc_transfer_qc_03,123,,qc_transfer,2
2024-01-01 07:00:00.000000,WAIT_START,TEU_123_qc_load_to_pm_pm_06,123,pm_06,qc_load_to_pm,3
2024-01-01 10:24:00.000000,WAIT_STOP,TEU_123_qc_load_to_pm_pm_06,123,pm_06,qc_load_to_pm,3
2024-01-01 10:24:00.000000,START,TEU_123_qc_load_to_pm_pm_06,123,pm_06,qc_load_to_pm,3
2024-01-01 10:26:00.000000,STOP,TEU_123_qc_load_to_pm_pm_06,123,pm_06,qc_load_to_pm,3
2024-01-01 07:00:00.000000,WAIT_START,TEU_123_qc_travelback_pm_06,123,pm_06,qc_travelback,4
2024-01-01 10:26:00.000000,WAIT_STOP,TEU_123_qc_travelback_pm_06,123,pm_06,qc_travelback,4
2024-01-01 10:26:00.000000,START,TEU_123_qc_travelback_pm_06,123,pm_06,qc_travelback,4
2024-01-01 10:27:00.000000,STOP,TEU_123_qc_travelback_pm_06,123,pm_06,qc_travelback,4
2024-01-01 07:00:00.000000,WAIT_START,TEU_123_pm_travel_to_Yard1_pm_06,123,pm_06,pm_travel_to_yard,5
2024-01-01 10:26:00.000000,WAIT_STOP,TEU_123_pm_travel_to_Yard1_pm_06,123,pm_06,pm_travel_to_yard,5
2024-01-01 10:26:00.000000,START,TEU_123_pm_travel_to_Yard1_pm_06,123,pm_06,pm_travel_to_yard,5
2024-01-01 10:26:12.281792,STOP,TEU_123_pm_travel_to_Yard1_pm_06,123,pm_06,pm_travel_to_yard,5
2024-01-01 07:00:00.000000,WAIT_START,TEU_123_pm_unload_Yard1_pm_06,123,pm_06,pm_unload,6
2024-01-01 10:26:12.281792,WAIT_STOP,TEU_123_pm_unload_Yard1_pm_06,123,pm_06,pm_unload,6
2024-01-01 10:27:12.281792,START,TEU_123_pm_unload_Yard1_pm_06,123,pm_06,pm_unload,6
2024-01-01 10:29:12.281792,STOP,TEU_123_pm_unload_Yard1_pm_06,123,pm_06,pm_unload,6
2024-01-01 07:00:00.000000,WAIT_START,TEU_123_pm_return_pm_06,123,pm_06,pm_return,7
2024-01-01 10:29:12.281792,WAIT_STOP,TEU_123_pm_return_pm_06,123,pm_06,pm_return,7
2024-01-01 10:29:12.281792,START,TEU_123_pm_return_pm_06,123,pm_06,pm_return,7
2024-01-01 10:29:24.563583,STOP,TEU_123_pm_return_pm_06,123,pm_06,pm_return,7
2024-01-01 07:00:00.000000,WAIT_START,TEU_124_qc_pick_qc_01,124,,qc_pick,1
2024-01-01 10:25:00.000000,WAIT_STOP,TEU_124_qc_pick_qc_01,124,,qc_pick,1
2024-01-01 10:25:00.000000,START,TEU_124_qc_pick_qc_01,124,,qc_pick,1
2024-01-01 10:26:00.000000,STOP,TEU_124_qc_pick_qc_01,124,,qc_pick,1
2024-01-01 07:00:00.000000,WAIT_START,TEU_124_qc_transfer_qc_01,124,,qc_transfer,2
2024-01-01 10:26:00.000000,WAIT_STOP,TEU_124_qc_transfer_qc_01,124,,qc_transfer,2
2024-01-01 10:26:00.000000,START,TEU_124_qc_transfer_qc_01,124,,qc_transfer,2
2024-01-01 10:27:00.000000,STOP,TEU_124_qc_transfer_qc_01,124,,qc_transfer,2
2024-01-01 07:00:00.000000,WAIT_START,TEU_124_qc_load_to_pm_pm_07,124,pm_07,qc_load_to_pm,3
2024-01-01 10:27:00.000000,WAIT_STOP,TEU_124_qc_load_to_pm_pm_07,124,pm_07,qc_load_to_pm,3
2024-01-01 10:27:00.000000,START,TEU_124_qc_load_to_pm_pm_07,124,pm_07,qc_load_to_pm,3
2024-01-01 10:29:00.000000,STOP,TEU_124_qc_load_to_pm_pm_07,124,pm_07,qc_load_to_pm,3
2024-01-01 07:00:00.000000,WAIT_START,TEU_124_qc_travelback_pm_07,124,pm_07,qc_travelback,4
2024-01-01 10:29:00.000000,WAIT_STOP,TEU_124_qc_travelback_pm_07,124,pm_07,qc_travelback,4
2024-01-01 10:29:00.000000,START,TEU_124_qc_travelback_pm_07,124,pm_07,qc_travelback,4
2024-01-01 10:30:00.000000,STOP,TEU_124_qc_travelback_pm_07,124,pm_07,qc_travelback,4
2024-01-01 07:00:00.000000,WAIT_START,TEU_124_pm_travel_to_Yard4_pm_07,124,pm_07,pm_travel_to_yard,5
2024-01-01 10:29:00.000000,WAIT_STOP,TEU_124_pm_travel_to_Yard4_pm_07,124,pm_07,pm_travel_to_yard,5
2024-01-01 10:29:00.000000,START,TEU_124_pm_travel_to_Yard4_pm_07,124,pm_07,pm_travel_to_yard,5
2024-01-01 10:29:49.127167,STOP,TEU_124_pm_travel_to_Yard4_pm_07,124,pm_07,pm_travel_to_yard,5
2024-01-01 07:00:00.000000,WAIT_START,TEU_124_pm_unload_Yard4_pm_07,124,pm_07,pm_unload,6
2024-01-01 10:29:49.127167,WAIT_STOP,TEU_124_pm_unload_Yard4_pm_07,124,pm_07,pm_unload,6
2024-01-01 10:29:49.127167,START,TEU_124_pm_unload_Yard4_pm_07,124,pm_07,pm_unload,6
2024-01-01 10:31:49.127167,STOP,TEU_124_pm_unload_Yard4_pm_07,124,pm_07,pm_unload,6
2024-01-01 07:00:00.000000,WAIT_START,TEU_124_pm_return_pm_07,124,pm_07,pm_return,7
2024-01-01 10:31:49.127167,WAIT_STOP,TEU_124_pm_return_pm_07,124,pm_07,pm_return,7
2024-01-01 10:31:49.127167,START,TEU_124_pm_return_pm_07,124,pm_07,pm_return,7
2024-01-01 10:32:38.254333,STOP,TEU_124_pm_return_pm_07,124,pm_07,pm_return,7
2024-01-01 07:00:00.000000,WAIT_START,TEU_125_qc_pick_qc_02,125,,qc_pick,1
2024-01-01 10:26:00.000000,WAIT_STOP,TEU_125_qc_pick_qc_02,125,,qc_pick,1
2024-01-01 10:26:00.000000,START,TEU_125_qc_pick_qc_02,125,,qc_pick,1
2024-01-01 10:27:00.000000,STOP,TEU_125_qc_pick_qc_02,125,,qc_pick,1
2024-01-01 07:00:00.000000,WAIT_START,TEU_125_qc_transfer_qc_02,125,,qc_transfer,2
2024-01-01 10:27:00.000000,WAIT_STOP,TEU_125_qc_transfer_qc_02,125,,qc_transfer,2
2024-01-01 10:27:00.000000,START,TEU_125_qc_transfer_qc_02,125,,qc_transfer,2
2024-01-01 10:28:00.000000,STOP,TEU_125_qc_transfer_qc_02,125,,qc_transfer,2
2024-01-01 07:00:00.000000,WAIT_START,TEU_125_qc_load_to_pm_pm_08,125,pm_08,qc_load_to_pm,3
2024-01-01 10:28:00.000000,WAIT_STOP,TEU_125_qc_load_to_pm_pm_08,125,pm_08,qc_load_to_pm,3
2024-01-01 10:28:00.000000,START,TEU_125_qc_load_to_pm_pm_08,125,pm_08,qc_load_to_pm,3
2024-01-01 10:30:00.000000,STOP,TEU_125_qc_load_to_pm_pm_08,125,pm_08,qc_load_to_pm,3
2024-01-01 07:00:00.000000,WAIT_START,TEU_125_qc_travelback_pm_08,125,pm_08,qc_travelback,4
2024-01-01 10:30:00.000000,WAIT_STOP,TEU_125_qc_travelback_pm_08,125,pm_08,qc_travelback,4
2024-01-01 10:30:00.000000,START,TEU_125_qc_travelback_pm_08,125,pm_08,qc_travelback,4
2024-01-01 10:31:00.000000,STOP,TEU_125_qc_travelback_pm_08,125,pm_08,qc_travelback,4
2024-01-01 07:00:00.000000,WAIT_START,TEU_125_pm_travel_to_Yard4_pm_08,125,pm_08,pm_travel_to_yard,5
2024-01-01 10:30:00.000000,WAIT_STOP,TEU_125_pm_travel_to_Yard4_pm_08,125,pm_08,pm_travel_to_yard,5
2024-01-01 10:30:00.000000,START,TEU_125_pm_travel_to_Yard4_pm_08,125,pm_08,pm_travel_to_yard,5
2024-01-01 10:30:49.127167,STOP,TEU_125_pm_travel_to_Yard4_pm_08,125,pm_08,pm_travel_to_yard,5
2024-01-01 07:00:00.000000,WAIT_START,TEU_125_pm_unload_Yard4_pm_08,125,pm_08,pm_unload,6
2024-01-01 10:30:49.127167,WAIT_STOP,TEU_125_pm_unload_Yard4_pm_08,125,pm_08,pm_unload,6
2024-01-01 10:31:49.127167,START,TEU_125_pm_unload_Yard4_pm_08,125,pm_08,pm_unload,6
2024-01-01 10:33:49.127167,STOP,TEU_125_pm_unload_Yard4_pm_08,125,pm_08,pm_unload,6
2024-01-01 07:00:00.000000,WAIT_START,TEU_125_pm_return_pm_08,125,pm_08,pm_return,7
2024-01-01 10:33:49.127167,WAIT_STOP,TEU_125_pm_return_pm_08,125,pm_08,pm_return,7
2024-01-01 10:33:49.127167,START,TEU_125_pm_return_pm_08,125,pm_08,pm_return,7
2024-01-01 10:34:38.254333,STOP,TEU_125_pm_return_pm_08,125,pm_08,pm_return,7
2024-01-01 07:00:00.000000,WAIT_START,TEU_126_qc_pick_qc_03,126,,qc_pick,1
2024-01-01 10:27:00.000000,WAIT_STOP,TEU_126_qc_pick_qc_03,126,,qc_pick,1
2024-01-01 10:27:00.000000,START,TEU_126_qc_pick_qc_03,126,,qc_pick,1
2024-01-01 10:28:00.000000,STOP,TEU_126_qc_pick_qc_03,126,,qc_pick,1
2024-01-01 07:00:00.000000,WAIT_START,TEU_126_qc_transfer_qc_03,126,,qc_transfer,2
2024-01-01 10:28:00.000000,WAIT_STOP,TEU_126_qc_transfer_qc_03,126,,qc_transfer,2
2024-01-01 10:28:00.000000,START,TEU_126_qc_transfer_qc_03,126,,qc_transfer,2
2024-01-01 10:29:00.000000,STOP,TEU_126_qc_transfer_qc_03,126,,qc_transfer,2
2024-01-01 07:00:00.000000,WAIT_START,TEU_126_qc_load_to_pm_pm_09,126,pm_09,qc_load_to_pm,3
2024-01-01 10:29:00.000000,WAIT_STOP,TEU_126_qc_load_to_pm_pm_09,126,pm_09,qc_load_to_pm,3
2024-01-01 10:29:00.000000,START,TEU_126_qc_load_to_pm_pm_09,126,pm_09,qc_load_to_pm,3
2024-01-01 10:31:00.000000,STOP,TEU_126_qc_load_to_pm_pm_09,126,pm_09,qc_load_to_pm,3
2024-01-01 07:00:00.000000,WAIT_START,TEU_126_qc_travelback_pm_09,126,pm_09,qc_travelback,4
2024-01-01 10:31:00.000000,WAIT_STOP,TEU_126_qc_travelback_pm_09,126,pm_09,qc_travelback,4
2024-01-01 10:31:00.000000,START,TEU_126_qc_travelback_pm_09,126,pm_09,qc_travelback,4
2024-01-01 10:32:00.000000,STOP,TEU_126_qc_travelback_pm_09,126,pm_09,qc_travelback,4
2024-01-01 07:00:00.000000,WAIT_START,TEU_126_pm_travel_to_Yard4_pm_09,126,pm_09,pm_travel_to_yard,5
2024-01-01 10:31:00.000000,WAIT_STOP,TEU_126_pm_travel_to_Yard4_pm_09,126,pm_09,pm_travel_to_yard,5
2024-01-01 10:31:00.000000,START,TEU_126_pm_travel_to_Yard4_pm_09,126,pm_09,pm_travel_to_yard,5
2024-01-01 10:31:49.127167,STOP,TEU_126_pm_travel_to_Yard4_pm_09,126,pm_09,pm_travel_to_yard,5
2024-01-01 07:00:00.000000,WAIT_START,TEU_126_pm_unload_Yard4_pm_09,126,pm_09,pm_unload,6
2024-01-01 10:31:49.127167,WAIT_STOP,TEU_126_pm_unload_Yard4_pm_09,126,pm_09,pm_unload,6
2024-01-01 10:33:49.127167,START,TEU_126_pm_unload_Yard4_pm_09,126,pm_09,pm_unload,6
2024-01-01 10:35:49.127167,STOP,TEU_126_pm_unload_Yard4_pm_09,126,pm_09,pm_unload,6
2024-01-01 07:00:00.000000,WAIT_START,TEU_126_pm_return_pm_09,126,pm_09,pm_return,7
2024-01-01 10:35:49.127167,WAIT_STOP,TEU_126_pm_return_pm_09,126,pm_09,pm_return,7
2024-01-01 10:35:49.127167,START,TEU_126_pm_return_pm_09,126,pm_09,pm_return,7
2024-01-01 10:36:38.254333,STOP,TEU_126_pm_return_pm_09,126,pm_09,pm_return,7
2024-01-01 07:00:00.000000,WAIT_START,TEU_127_qc_pick_qc_01,127,,qc_pick,1
2024-01-01 10:30:00.000000,WAIT_STOP,TEU_127_qc_pick_qc_01,127,,qc_pick,1
2024-01-01 10:30:00.000000,START,TEU_127_qc_pick_qc_01,127,,qc_pick,1
2024-01-01 10:31:00.000000,STOP,TEU_127_qc_pick_qc_01,127,,qc_pick,1
2024-01-01 07:00:00.000000,WAIT_START,TEU_127_qc_transfer_qc_01,127,,qc_transfer,2
2024-01-01 10:31:00.000000,WAIT_STOP,TEU_127_qc_transfer_qc_01,127,,qc_transfer,2
2024-01-01 10:31:00.000000,START,TEU_127_qc_transfer_qc_01,127,,qc_transfer,2
2024-01-01 10:32:00.000000,STOP,TEU_127_qc_transfer_qc_01,127,,qc_transfer,2
2024-01-01 07:00:00.000000,WAIT_START,TEU_127_qc_load_to_pm_pm_01,127,pm_01,qc_load_to_pm,3
2024-01-01 10:32:00.000000,WAIT_STOP,TEU_127_qc_load_to_pm_pm_01,127,pm_01,qc_load_to_pm,3
2024-01-01 10:32:00.000000,START,TEU_127_qc_load_to_pm_pm_01,127,pm_01,qc_load_to_pm,3
2024-01-01 10:34:00.000000,STOP,TEU_127_qc_load_to_pm_pm_01,127,pm_01,qc_load_to_pm,3
2024-01-01 07:00:00.000000,WAIT_START,TEU_127_qc_travelback_pm_01,127,pm_01,qc_travelback,4
2024-01-01 10:34:00.000000,WAIT_STOP,TEU_127_qc_travelback_pm_01,127,pm_01,qc_travelback,4
2024-01-01 10:34:00.000000,START,TEU_127_qc_travelback_pm_01,127,pm_01,qc_travelback,4
2024-01-01 10:35:00.000000,STOP,TEU_127_qc_travelback_pm_01,127,pm_01,qc_travelback,4
2024-01-01 07:00:00.000000,WAIT_START,TEU_127_pm_travel_to_Yard1_pm_01,127,pm_01,pm_travel_to_yard,5
2024-01-01 10:34:00.000000,WAIT_STOP,TEU_127_pm_travel_to_Yard1_pm_01,127,pm_01,pm_travel_to_yard,5
2024-01-01 10:34:00.000000,START,TEU_127_pm_travel_to_Yard1_pm_01,127,pm_01,pm_travel_to_yard,5
2024-01-01 10:34:12.281792,STOP,TEU_127_pm_travel_to_Yard1_pm_01,127,pm_01,pm_travel_to_yard,5
2024-01-01 07:00:00.000000,WAIT_START,TEU_127_pm_unload_Yard1_pm_01,127,pm_01,pm_unload,6
2024-01-01 10:34:12.281792,WAIT_STOP,TEU_127_pm_unload_Yard1_pm_01,127,pm_01,pm_unload,6
2024-01-01 10:34:12.281792,START,TEU_127_pm_unload_Yard1_pm_01,127,pm_01,pm_unload,6
2024-01-01 10:36:12.281792,STOP,TEU_127_pm_unload_Yard1_pm_01,127,pm_01,pm_unload,6
2024-01-01 07:00:00.000000,WAIT_START,TEU_127_pm_return_pm_01,127,pm_01,pm_return,7
2024-01-01 10:36:12.281792,WAIT_STOP,TEU_127_pm_return_pm_01,127,pm_01,pm_return,7
2024-01-01 10:36:12.281792,START,TEU_127_pm_return_pm_01,127,pm_01,pm_return,7
2024-01-01 10:36:24.563583,STOP,TEU_127_pm_return_pm_01,127,pm_01,pm_return,7
2024-01-01 07:00:00.000000,WAIT_START,TEU_128_qc_pick_qc_02,128,,qc_pick,1
2024-01-01 10:31:00.000000,WAIT_STOP,TEU_128_qc_pick_qc_02,128,,qc_pick,1
2024-01-01 10:31:00.000000,START,TEU_128_qc_pick_qc_02,128,,qc_pick,1
2024-01-01 10:32:00.000000,STOP,TEU_128_qc_pick_qc_02,128,,qc_pick,1
2024-01-01 07:00:00.000000,WAIT_START,TEU_128_qc_transfer_qc_02,128,,qc_transfer,2
2024-01-01 10:32:00.000000,WAIT_STOP,TEU_128_qc_transfer_qc_02,128,,qc_transfer,2
2024-01-01 10:32:00.000000,START,TEU_128_qc_transfer_qc_02,128,,qc_transfer,2
2024-01-01 10:33:00.000000,STOP,TEU_128_qc_transfer_qc_02,128,,qc_transfer,2
2024-01-01 07:00:00.000000,WAIT_START,TEU_128_qc_load_to_pm_pm_02,128,pm_02,qc_load_to_pm,3
2024-01-01 10:33:00.000000,WAIT_STOP,TEU_128_qc_load_to_pm_pm_02,128,pm_02,qc_load_to_pm,3
2024-01-01 10:33:00.000000,START,TEU_128_qc_load_to_pm_pm_02,128,pm_02,qc_load_to_pm,3
2024-01-01 10:35:00.000000,STOP,TEU_128_qc_load_to_pm_pm_02,128,pm_02,qc_load_to_pm,3
2024-01-01 07:00:00.000000,WAIT_START,TEU_128_qc_travelback_pm_02,128,pm_02,qc_travelback,4
2024-01-01 10:35:00.000000,WAIT_STOP,TEU_128_qc_travelback_pm_02,128,pm_02,qc_travelback,4
2024-01-01 10:35:00.000000,START,TEU_128_qc_travelback_pm_02,128,pm_02,qc_travelback,4
2024-01-01 10:36:00.000000,STOP,TEU_128_qc_travelback_pm_02,128,pm_02,qc_travelback,4
2024-01-01 07:00:00.000000,WAIT_START,TEU_128_pm_travel_to_Yard4_pm_02,128,pm_02,pm_travel_to_yard,5
2024-01-01 10:35:00.000000,WAIT_STOP,TEU_128_pm_travel_to_Yard4_pm_02,128,pm_02,pm_travel_to_yard,5
2024-01-01 10:35:00.000000,START,TEU_128_pm_travel_to_Yard4_pm_02,128,pm_02,pm_travel_to_yard,5
2024-01-01 10:35:49.127167,STOP,TEU_128_pm_travel_to_Yard4_pm_02,128,pm_02,pm_travel_to_yard,5
2024-01-01 07:00:00.000000,WAIT_START,TEU_128_pm_unload_Yard4_pm_02,128,pm_02,pm_unload,6
2024-01-01 10:35:49.127167,WAIT_STOP,TEU_128_pm_unload_Yard4_pm_02,128,pm_02,pm_unload,6
2024-01-01 10:35:49.127167,START,TEU_128_pm_unload_Yard4_pm_02,128,pm_02,pm_unload,6
2024-01-01 10:37:49.127167,STOP,TEU_128_pm_unload_Yard4_pm_02,128,pm_02,pm_unload,6
2024-01-01 07:00:00.000000,WAIT_START,TEU_128_pm_return_pm_02,128,pm_02,pm_return,7
2024-01-01 10:37:49.127167,WAIT_STOP,TEU_128_pm_return_pm_02,128,pm_02,pm_return,7
2024-01-01 10:37:49.127167,START,TEU_128_pm_return_pm_02,128,pm_02,pm_return,7
2024-01-01 10:38:38.254333,STOP,TEU_128_pm_return_pm_02,128,pm_02,pm_return,7
2024-01-01 07:00:00.000000,WAIT_START,TEU_129_qc_pick_qc_03,129,,qc_pick,1
2024-01-01 10:32:00.000000,WAIT_STOP,TEU_129_qc_pick_qc_03,129,,qc_pick,1
2024-01-01 10:32:00.000000,START,TEU_129_qc_pick_qc_03,129,,qc_pick,1
2024-01-01 10:33:00.000000,STOP,TEU_129_qc_pick_qc_03,129,,qc_pick,1
2024-01-01 07:00:00.000000,WAIT_START,TEU_129_qc_transfer_qc_03,129,,qc_transfer,2
2024-01-01 10:33:00.000000,WAIT_STOP,TEU_129_qc_transfer_qc_03,129,,qc_transfer,2
2024-01-01 10:33:00.000000,START,TEU_129_qc_transfer_qc_03,129,,qc_transfer,2
2024-01-01 10:34:00.000000,STOP,TEU_129_qc_transfer_qc_03,129,,qc_transfer,2
2024-01-01 07:00:00.000000,WAIT_START,TEU_129_qc_load_to_pm_pm_03,129,pm_03,qc_load_to_pm,3
2024-01-01 10:34:00.000000,WAIT_STOP,TEU_129_qc_load_to_pm_pm_03,129,pm_03,qc_load_to_pm,3
2024-01-01 10:34:00.000000,START,TEU_129_qc_load_to_pm_pm_03,129,pm_03,qc_load_to_pm,3
2024-01-01 10:36:00.000000,STOP,TEU_129_qc_load_to_pm_pm_03,129,pm_03,qc_load_to_pm,3
2024-01-01 07:00:00.000000,WAIT_START,TEU_129_qc_travelback_pm_03,129,pm_03,qc_travelback,4
2024-01-01 10:36:00.000000,WAIT_STOP,TEU_129_qc_travelback_pm_03,129,pm_03,qc_travelback,4
2024-01-01 10:36:00.000000,START,TEU_129_qc_travelback_pm_03,129,pm_03,qc_travelback,4
2024-01-01 10:37:00.000000,STOP,TEU_129_qc_travelback_pm_03,129,pm_03,qc_travelback,4
2024-01-01 07:00:00.000000,WAIT_START,TEU_129_pm_travel_to_Yard4_pm_03,129,pm_03,pm_travel_to_yard,5
2024-01-01 10:36:00.000000,WAIT_STOP,TEU_129_pm_travel_to_Yard4_pm_03,129,pm_03,pm_travel_to_yard,5
2024-01-01 10:36:00.000000,START,TEU_129_pm_travel_to_Yard4_pm_03,129,pm_03,pm_travel_to_yard,5
2024-01-01 10:36:49.127167,STOP,TEU_129_pm_travel_to_Yard4_pm_03,129,pm_03,pm_travel_to_yard,5
2024-01-01 07:00:00.000000,WAIT_START,TEU_129_pm_unload_Yard4_pm_03,129,pm_03,pm_unload,6
2024-01-01 10:36:49.127167,WAIT_STOP,TEU_129_pm_unload_Yard4_pm_03,129,pm_03,pm_unload,6
2024-01-01 10:37:49.127167,START,TEU_129_pm_unload_Yard4_pm_03,129,pm_03,pm_unload,6
2024-01-01 10:39:49.127167,STOP,TEU_129_pm_unload_Yard4_pm_03,129,pm_03,pm_unload,6
2024-01-01 07:00:00.000000,WAIT_START,TEU_129_pm_return_pm_03,129,pm_03,pm_return,7
2024-01-01 10:39:49.127167,WAIT_STOP,TEU_129_pm_return_pm_03,129,pm_03,pm_return,7
2024-01-01 10:39:49.127167,START,TEU_129_pm_return_pm_03,129,pm_03,pm_return,7
2024-01-01 10:40:38.254333,STOP,TEU_129_pm_return_pm_03,129,pm_03,pm_return,7
2024-01-01 07:00:00.000000,WAIT_START,TEU_130_qc_pick_qc_01,130,,qc_pick,1
2024-01-01 10:35:00.000000,WAIT_STOP,TEU_130_qc_pick_qc_01,130,,qc_pick,1
2024-01-01 10:35:00.000000,START,TEU_130_qc_pick_qc_01,130,,qc_pick,1
2024-01-01 10:36:00.000000,STOP,TEU_130_qc_pick_qc_01,130,,qc_pick,1
2024-01-01 07:00:00.000000,WAIT_START,TEU_130_qc_transfer_qc_01,130,,qc_transfer,2
2024-01-01 10:36:00.000000,WAIT_STOP,TEU_130_qc_transfer_qc_01,130,,qc_transfer,2
2024-01-01 10:36:00.000000,START,TEU_130_qc_transfer_qc_01,130,,qc_transfer,2
2024-01-01 10:37:00.000000,STOP,TEU_130_qc_transfer_qc_01,130,,qc_transfer,2
2024-01-01 07:00:00.000000,WAIT_START,TEU_130_qc_load_to_pm_pm_04,130,pm_04,qc_load_to_pm,3
2024-01-01 10:37:00.000000,WAIT_STOP,TEU_130_qc_load_to_pm_pm_04,130,pm_04,qc_load_to_pm,3
2024-01-01 10:37:00.000000,START,TEU_130_qc_load_to_pm_pm_04,130,pm_04,qc_load_to_pm,3
2024-01-01 10:39:00.000000,STOP,TEU_130_qc_load_to_pm_pm_04,130,pm_04,qc_load_to_pm,3
2024-01-01 07:00:00.000000,WAIT_START,TEU_130_qc_travelback_pm_04,130,pm_04,qc_travelback,4
2024-01-01 10:39:00.000000,WAIT_STOP,TEU_130_qc_travelback_pm_04,130,pm_04,qc_travelback,4
2024-01-01 10:39:00.000000,START,TEU_130_qc_travelback_pm_04,130,pm_04,qc_travelback,4
2024-01-01 10:40:00.000000,STOP,TEU_130_qc_travelback_pm_04,130,pm_04,qc_travelback,4
2024-01-01 07:00:00.000000,WAIT_START,TEU_130_pm_travel_to_Yard1_pm_04,130,pm_04,pm_travel_to_yard,5
2024-01-01 10:39:00.000000,WAIT_STOP,TEU_130_pm_travel_to_Yard1_pm_04,130,pm_04,pm_travel_to_yard,5
2024-01-01 10:39:00.000000,START,TEU_130_pm_travel_to_Yard1_pm_04,130,pm_04,pm_travel_to_yard,5
2024-01-01 10:39:12.281792,STOP,TEU_130_pm_travel_to_Yard1_pm_04,130,pm_04,pm_travel_to_yard,5
2024-01-01 07:00:00.000000,WAIT_START,TEU_130_pm_unload_Yard1_pm_04,130,pm_04,pm_unload,6
2024-01-01 10:39:12.281792,WAIT_STOP,TEU_130_pm_unload_Yard1_pm_04,130,pm_04,pm_unload,6
2024-01-01 10:39:12.281792,START,TEU_130_pm_unload_Yard1_pm_04,130,pm_04,pm_unload,6
2024-01-01 10:41:12.281792,STOP,TEU_130_pm_unload_Yard1_pm_04,130,pm_04,pm_unload,6
2024-01-01 07:00:00.000000,WAIT_START,TEU_130_pm_return_pm_04,130,pm_04,pm_return,7
2024-01-01 10:41:12.281792,WAIT_STOP,TEU_130_pm_return_pm_04,130,pm_04,pm_return,7
2024-01-01 10:41:12.281792,START,TEU_130_pm_return_pm_04,130,pm_04,pm_return,7
2024-01-01 10:41:24.563583,STOP,TEU_130_pm_return_pm_04,130,pm_04,pm_return,7
2024-01-01 07:00:00.000000,WAIT_START,TEU_131_qc_pick_qc_02,131,,qc_pick,1
2024-01-01 10:36:00.000000,WAIT_STOP,TEU_131_qc_pick_qc_02,131,,qc_pick,1
2024-01-01 10:36:00.000000,START,TEU_131_qc_pick_qc_02,131,,qc_pick,1
2024-01-01 10:37:00.000000,STOP,TEU_131_qc_pick_qc_02,131,,qc_pick,1
2024-01-01 07:00:00.000000,WAIT_START,TEU_131_qc_transfer_qc_02,131,,qc_transfer,2
2024-01-01 10:37:00.000000,WAIT_STOP,TEU_131_qc_transfer_qc_02,131,,qc_transfer,2
2024-01-01 10:37:00.000000,START,TEU_131_qc_transfer_qc_02,131,,qc_transfer,2
2024-01-01 10:38:00.000000,STOP,TEU_131_qc_transfer_qc_02,131,,qc_transfer,2
2024-01-01 07:00:00.000000,WAIT_START,TEU_131_qc_load_to_pm_pm_05,131,pm_05,qc_load_to_pm,3
2024-01-01 10:38:00.000000,WAIT_STOP,TEU_131_qc_load_to_pm_pm_05,131,pm_05,qc_load_to_pm,3
2024-01-01 10:38:00.000000,START,TEU_131_qc_load_to_pm_pm_05,131,pm_05,qc_load_to_pm,3
2024-01-01 10:40:00.000000,STOP,TEU_131_qc_load_to_pm_pm_05,131,pm_05,qc_load_to_pm,3
2024-01-01 07:00:00.000000,WAIT_START,TEU_131_qc_travelback_pm_05,131,pm_05,qc_travelback,4
2024-01-01 10:40:00.000000,WAIT_STOP,TEU_131_qc_travelback_pm_05,131,pm_05,qc_travelback,4
2024-01-01 10:40:00.000000,START,TEU_131_qc_travelback_pm_05,131,pm_05,qc_travelback,4
2024-01-01 10:41:00.000000,STOP,TEU_131_qc_travelback_pm_05,131,pm_05,qc_travelback,4
2024-01-01 07:00:00.000000,WAIT_START,TEU_131_pm_travel_to_Yard4_pm_05,131,pm_05,pm_travel_to_yard,5
2024-01-01 10:40:00.000000,WAIT_STOP,TEU_131_pm_travel_to_Yard4_pm_05,131,pm_05,pm_travel_to_yard,5
2024-01-01 10:40:00.000000,START,TEU_131_pm_travel_to_Yard4_pm_05,131,pm_05,pm_travel_to_yard,5
2024-01-01 10:40:49.127167,STOP,TEU_131_pm_travel_to_Yard4_pm_05,131,pm_05,pm_travel_to_yard,5
2024-01-01 07:00:00.000000,WAIT_START,TEU_131_pm_unload_Yard4_pm_05,131,pm_05,pm_unload,6
2024-01-01 10:40:49.127167,WAIT_STOP,TEU_131_pm_unload_Yard4_pm_05,131,pm_05,pm_unload,6
2024-01-01 10:40:49.127167,START,TEU_131_pm_unload_Yard4_pm_05,131,pm_05,pm_unload,6
2024-01-01 10:42:49.127167,STOP,TEU_131_pm_unload_Yard4_pm_05,131,pm_05,pm_unload,6
2024-01-01 07:00:00.000000,WAIT_START,TEU_131_pm_return_pm_05,131,pm_05,pm_return,7
2024-01-01 10:42:49.127167,WAIT_STOP,TEU_131_pm_return_pm_05,131,pm_05,pm_return,7
2024-01-01 10:42:49.127167,START,TEU_131_pm_return_pm_05,131,pm_05,pm_return,7
2024-01-01 10:43:38.254333,STOP,TEU_131_pm_return_pm_05,131,pm_05,pm_return,7
2024-01-01 07:00:00.000000,WAIT_START,TEU_132_qc_pick_qc_03,132,,qc_pick,1
2024-01-01 10:37:00.000000,WAIT_STOP,TEU_132_qc_pick_qc_03,132,,qc_pick,1
2024-01-01 10:37:00.000000,START,TEU_132_qc_pick_qc_03,132,,qc_pick,1
2024-01-01 10:38:00.000000,STOP,TEU_132_qc_pick_qc_03,132,,qc_pick,1
2024-01-01 07:00:00.000000,WAIT_START,TEU_132_qc_transfer_qc_03,132,,qc_transfer,2
2024-01-01 10:38:00.000000,WAIT_STOP,TEU_132_qc_transfer_qc_03,132,,qc_transfer,2
2024-01-01 10:38:00.000000,START,TEU_132_qc_transfer_qc_03,132,,qc_transfer,2
2024-01-01 10:39:00.000000,STOP,TEU_132_qc_transfer_qc_03,132,,qc_transfer,2
2024-01-01 07:00:00.000000,WAIT_START,TEU_132_qc_load_to_pm_pm_06,132,pm_06,qc_load_to_pm,3
2024-01-01 10:39:00.000000,WAIT_STOP,TEU_132_qc_load_to_pm_pm_06,132,pm_06,qc_load_to_pm,3
2024-01-01 10:39:00.000000,START,TEU_132_qc_load_to_pm_pm_06,132,pm_06,qc_load_to_pm,3
2024-01-01 10:41:00.000000,STOP,TEU_132_qc_load_to_pm_pm_06,132,pm_06,qc_load_to_pm,3
2024-01-01 07:00:00.000000,WAIT_START,TEU_132_qc_travelback_pm_06,132,pm_06,qc_travelback,4
2024-01-01 10:41:00.000000,WAIT_STOP,TEU_132_qc_travelback_pm_06,132,pm_06,qc_travelback,4
2024-01-01 10:41:00.000000,START,TEU_132_qc_travelback_pm_06,132,pm_06,qc_travelback,4
2024-01-01 10:42:00.000000,STOP,TEU_132_qc_travelback_pm_06,132,pm_06,qc_travelback,4
2024-01-01 07:00:00.000000,WAIT_START,TEU_132_pm_travel_to_Yard4_pm_06,132,pm_06,pm_travel_to_yard,5
2024-01-01 10:41:00.000000,WAIT_STOP,TEU_132_pm_travel_to_Yard4_pm_06,132,pm_06,pm_travel_to_yard,5
2024-01-01 10:41:00.000000,START,TEU_132_pm_travel_to_Yard4_pm_06,132,pm_06,pm_travel_to_yard,5
2024-01-01 10:41:49.127167,STOP,TEU_132_pm_travel_to_Yard4_pm_06,132,pm_06,pm_travel_to_yard,5
2024-01-01 07:00:00.000000,WAIT_START,TEU_132_pm_unload_Yard4_pm_06,132,pm_06,pm_unload,6
2024-01-01 10:41:49.127167,WAIT_STOP,TEU_132_pm_unload_Yard4_pm_06,132,pm_06,pm_unload,6
2024-01-01 10:42:49.127167,START,TEU_132_pm_unload_Yard4_pm_06,132,pm_06,pm_unload,6
2024-01-01 10:44:49.127167,STOP,TEU_132_pm_unload_Yard4_pm_06,132,pm_06,pm_unload,6
2024-01-01 07:00:00.000000,WAIT_START,TEU_132_pm_return_pm_06,132,pm_06,pm_return,7
2024-01-01 10:44:49.127167,WAIT_STOP,TEU_132_pm_return_pm_06,132,pm_06,pm_return,7
2024-01-01 10:44:49.127167,START,TEU_132_pm_return_pm_06,132,pm_06,pm_return,7
2024-01-01 10:45:38.254333,STOP,TEU_132_pm_return_pm_06,132,pm_06,pm_return,7
2024-01-01 07:00:00.000000,WAIT_START,TEU_133_qc_pick_qc_01,133,,qc_pick,1
2024-01-01 10:40:00.000000,WAIT_STOP,TEU_133_qc_pick_qc_01,133,,qc_pick,1
2024-01-01 10:40:00.000000,START,TEU_133_qc_pick_qc_01,133,,qc_pick,1
2024-01-01 10:41:00.000000,STOP,TEU_133_qc_pick_qc_01,133,,qc_pick,1
2024-01-01 07:00:00.000000,WAIT_START,TEU_133_qc_transfer_qc_01,133,,qc_transfer,2
2024-01-01 10:41:00.000000,WAIT_STOP,TEU_133_qc_transfer_qc_01,133,,qc_transfer,2
2024-01-01 10:41:00.000000,START,TEU_133_qc_transfer_qc_01,133,,qc_transfer,2
2024-01-01 10:42:00.000000,STOP,TEU_133_qc_transfer_qc_01,133,,qc_transfer,2
2024-01-01 07:00:00.000000,WAIT_START,TEU_133_qc_load_to_pm_pm_07,133,pm_07,qc_load_to_pm,3
2024-01-01 10:42:00.000000,WAIT_STOP,TEU_133_qc_load_to_pm_pm_07,133,pm_07,qc_load_to_pm,3
2024-01-01 10:42:00.000000,START,TEU_133_qc_load_to_pm_pm_07,133,pm_07,qc_load_to_pm,3
2024-01-01 10:44:00.000000,STOP,TEU_133_qc_load_to_pm_pm_07,133,pm_07,qc_load_to_pm,3
2024-01-01 07:00:00.000000,WAIT_START,TEU_133_qc_travelback_pm_07,133,pm_07,qc_travelback,4
2024-01-01 10:44:00.000000,WAIT_STOP,TEU_133_qc_travelback_pm_07,133,pm_07,qc_travelback,4
2024-01-01 10:44:00.000000,START,TEU_133_qc_travelback_pm_07,133,pm_07,qc_travelback,4
2024-01-01 10:45:00.000000,STOP,TEU_133_qc_travelback_pm_07,133,pm_07,qc_travelback,4
2024-01-01 07:00:00.000000,WAIT_START,TEU_133_pm_travel_to_Yard4_pm_07,133,pm_07,pm_travel_to_yard,5
2024-01-01 10:44:00.000000,WAIT_STOP,TEU_133_pm_travel_to_Yard4_pm_07,133,pm_07,pm_travel_to_yard,5
2024-01-01 10:44:00.000000,START,TEU_133_pm_travel_to_Yard4_pm_07,133,pm_07,pm_travel_to_yard,5
2024-01-01 10:44:49.127167,STOP,TEU_133_pm_travel_to_Yard4_pm_07,133,pm_07,pm_travel_to_yard,5
2024-01-01 07:00:00.000000,WAIT_START,TEU_133_pm_unload_Yard4_pm_07,133,pm_07,pm_unload,6
2024-01-01 10:44:49.127167,WAIT_STOP,TEU_133_pm_unload_Yard4_pm_07,133,pm_07,pm_unload,6
2024-01-01 10:44:49.127167,START,TEU_133_pm_unload_Yard4_pm_07,133,pm_07,pm_unload,6
2024-01-01 10:46:49.127167,STOP,TEU_133_pm_unload_Yard4_pm_07,133,pm_07,pm_unload,6
2024-01-01 07:00:00.000000,WAIT_START,TEU_133_pm_return_pm_07,133,pm_07,pm_return,7
2024-01-01 10:46:49.127167,WAIT_STOP,TEU_133_pm_return_pm_07,133,pm_07,pm_return,7
2024-01-01 10:46:49.127167,START,TEU_133_pm_return_pm_07,133,pm_07,pm_return,7
2024-01-01 10:47:38.254333,STOP,TEU_133_pm_return_pm_07,133,pm_07,pm_return,7
2024-01-01 07:00:00.000000,WAIT_START,TEU_134_qc_pick_qc_02,134,,qc_pick,1
2024-01-01 10:41:00.000000,WAIT_STOP,TEU_134_qc_pick_qc_02,134,,qc_pick,1
2024-01-01 10:41:00.000000,START,TEU_134_qc_pick_qc_02,134,,qc_pick,1
2024-01-01 10:42:00.000000,STOP,TEU_134_qc_pick_qc_02,134,,qc_pick,1
2024-01-01 07:00:00.000000,WAIT_START,TEU_134_qc_transfer_qc_02,134,,qc_transfer,2
2024-01-01 10:42:00.000000,WAIT_STOP,TEU_134_qc_transfer_qc_02,134,,qc_transfer,2
2024-01-01 10:42:00.000000,START,TEU_134_qc_transfer_qc_02,134,,qc_transfer,2
2024-01-01 10:43:00.000000,STOP,TEU_134_qc_transfer_qc_02,134,,qc_transfer,2
2024-01-01 07:00:00.000000,WAIT_START,TEU_134_qc_load_to_pm_pm_08,134,pm_08,qc_load_to_pm,3
2024-01-01 10:43:00.000000,WAIT_STOP,TEU_134_qc_load_to_pm_pm_08,134,pm_08,qc_load_to_pm,3
2024-01-01 10:43:00.000000,START,TEU_134_qc_load_to_pm_pm_08,134,pm_08,qc_load_to_pm,3
2024-01-01 10:45:00.000000,STOP,TEU_134_qc_load_to_pm_pm_08,134,pm_08,qc_load_to_pm,3
2024-01-01 07:00:00.000000,WAIT_START,TEU_134_qc_travelback_pm_08,134,pm_08,qc_travelback,4
2024-01-01 10:45:00.000000,WAIT_STOP,TEU_134_qc_travelback_pm_08,134,pm_08,qc_travelback,4
2024-01-01 10:45:00.000000,START,TEU_134_qc_travelback_pm_08,134,pm_08,qc_travelback,4
2024-01-01 10:46:00.000000,STOP,TEU_134_qc_travelback_pm_08,134,pm_08,qc_travelback,4
2024-01-01 07:00:00.000000,WAIT_START,TEU_134_pm_travel_to_Yard1_pm_08,134,pm_08,pm_travel_to_yard,5
2024-01-01 10:45:00.000000,WAIT_STOP,TEU_134_pm_travel_to_Yard1_pm_08,134,pm_08,pm_travel_to_yard,5
2024-01-01 10:45:00.000000,START,TEU_134_pm_travel_to_Yard1_pm_08,134,pm_08,pm_travel_to_yard,5
2024-01-01 10:45:12.281792,STOP,TEU_134_pm_travel_to_Yard1_pm_08,134,pm_08,pm_travel_to_yard,5
2024-01-01 07:00:00.000000,WAIT_START,TEU_134_pm_unload_Yard1_pm_08,134,pm_08,pm_unload,6
2024-01-01 10:45:12.281792,WAIT_STOP,TEU_134_pm_unload_Yard1_pm_08,134,pm_08,pm_unload,6
2024-01-01 10:45:12.281792,START,TEU_134_pm_unload_Yard1_pm_08,134,pm_08,pm_unload,6
2024-01-01 10:47:12.281792,STOP,TEU_134_pm_unload_Yard1_pm_08,134,pm_08,pm_unload,6
2024-01-01 07:00:00.000000,WAIT_START,TEU_134_pm_return_pm_08,134,pm_08,pm_return,7
2024-01-01 10:47:12.281792,WAIT_STOP,TEU_134_pm_return_pm_08,134,pm_08,pm_return,7
2024-01-01 10:47:12.281792,START,TEU_134_pm_return_pm_08,134,pm_08,pm_return,7
2024-01-01 10:47:24.563583,STOP,TEU_134_pm_return_pm_08,134,pm_08,pm_return,7
2024-01-01 07:00:00.000000,WAIT_START,TEU_135_qc_pick_qc_03,135,,qc_pick,1
2024-01-01 10:42:00.000000,WAIT_STOP,TEU_135_qc_pick_qc_03,135,,qc_pick,1
2024-01-01 10:42:00.000000,START,TEU_135_qc_pick_qc_03,135,,qc_pick,1
2024-01-01 10:43:00.000000,STOP,TEU_135_qc_pick_qc_03,135,,qc_pick,1
2024-01-01 07:00:00.000000,WAIT_START,TEU_135_qc_transfer_qc_03,135,,qc_transfer,2
2024-01-01 10:43:00.000000,WAIT_STOP,TEU_135_qc_transfer_qc_03,135,,qc_transfer,2
2024-01-01 10:43:00.000000,START,TEU_135_qc_transfer_qc_03,135,,qc_transfer,2
2024-01-01 10:44:00.000000,STOP,TEU_135_qc_transfer_qc_03,135,,qc_transfer,2
2024-01-01 07:00:00.000000,WAIT_START,TEU_135_qc_load_to_pm_pm_09,135,pm_09,qc_load_to_pm,3
2024-01-01 10:44:00.000000,WAIT_STOP,TEU_135_qc_load_to_pm_pm_09,135,pm_09,qc_load_to_pm,3
2024-01-01 10:44:00.000000,START,TEU_135_qc_load_to_pm_pm_09,135,pm_09,qc_load_to_pm,3
2024-01-01 10:46:00.000000,STOP,TEU_135_qc_load_to_pm_pm_09,135,pm_09,qc_load_to_pm,3
2024-01-01 07:00:00.000000,WAIT_START,TEU_135_qc_travelback_pm_09,135,pm_09,qc_travelback,4
2024-01-01 10:46:00.000000,WAIT_STOP,TEU_135_qc_travelback_pm_09,135,pm_09,qc_travelback,4
2024-01-01 10:46:00.000000,START,TEU_135_qc_travelback_pm_09,135,pm_09,qc_travelback,4
2024-01-01 10:47:00.000000,STOP,TEU_135_qc_travelback_pm_09,135,pm_09,qc_travelback,4
2024-01-01 07:00:00.000000,WAIT_START,TEU_135_pm_travel_to_Yard4_pm_09,135,pm_09,pm_travel_to_yard,5
2024-01-01 10:46:00.000000,WAIT_STOP,TEU_135_pm_travel_to_Yard4_pm_09,135,pm_09,pm_travel_to_yard,5
2024-01-01 10:46:00.000000,START,TEU_135_pm_travel_to_Yard4_pm_09,135,pm_09,pm_travel_to_yard,5
2024-01-01 10:46:49.127167,STOP,TEU_135_pm_travel_to_Yard4_pm_09,135,pm_09,pm_travel_to_yard,5
2024-01-01 07:00:00.000000,WAIT_START,TEU_135_pm_unload_Yard4_pm_09,135,pm_09,pm_unload,6
2024-01-01 10:46:49.127167,WAIT_STOP,TEU_135_pm_unload_Yard4_pm_09,135,pm_09,pm_unload,6
2024-01-01 10:46:49.127167,START,TEU_135_pm_unload_Yard4_pm_09,135,pm_09,pm_unload,6
2024-01-01 10:48:49.127167,STOP,TEU_135_pm_unload_Yard4_pm_09,135,pm_09,pm_unload,6
2024-01-01 07:00:00.000000,WAIT_START,TEU_135_pm_return_pm_09,135,pm_09,pm_return,7
2024-01-01 10:48:49.127167,WAIT_STOP,TEU_135_pm_return_pm_09,135,pm_09,pm_return,7
2024-01-01 10:48:49.127167,START,TEU_135_pm_return_pm_09,135,pm_09,pm_return,7
2024-01-01 10:49:38.254333,STOP,TEU_135_pm_return_pm_09,135,pm_09,pm_return,7
2024-01-01 07:00:00.000000,WAIT_START,TEU_136_qc_pick_qc_01,136,,qc_pick,1
2024-01-01 10:45:00.000000,WAIT_STOP,TEU_136_qc_pick_qc_01,136,,qc_pick,1
2024-01-01 10:45:00.000000,START,TEU_136_qc_pick_qc_01,136,,qc_pick,1
2024-01-01 10:46:00.000000,STOP,TEU_136_qc_pick_qc_01,136,,qc_pick,1
2024-01-01 07:00:00.000000,WAIT_START,TEU_136_qc_transfer_qc_01,136,,qc_transfer,2
2024-01-01 10:46:00.000000,WAIT_STOP,TEU_136_qc_transfer_qc_01,136,,qc_transfer,2
2024-01-01 10:46:00.000000,START,TEU_136_qc_transfer_qc_01,136,,qc_transfer,2
2024-01-01 10:47:00.000000,STOP,TEU_136_qc_transfer_qc_01,136,,qc_transfer,2
2024-01-01 07:00:00.000000,WAIT_START,TEU_136_qc_load_to_pm_pm_01,136,pm_01,qc_load_to_pm,3
2024-01-01 10:47:00.000000,WAIT_STOP,TEU_136_qc_load_to_pm_pm_01,136,pm_01,qc_load_to_pm,3
2024-01-01 10:47:00.000000,START,TEU_136_qc_load_to_pm_pm_01,136,pm_01,qc_load_to_pm,3
2024-01-01 10:49:00.000000,STOP,TEU_136_qc_load_to_pm_pm_01,136,pm_01,qc_load_to_pm,3
2024-01-01 07:00:00.000000,WAIT_START,TEU_136_qc_travelback_pm_01,136,pm_01,qc_travelback,4
2024-01-01 10:49:00.000000,WAIT_STOP,TEU_136_qc_travelback_pm_01,136,pm_01,qc_travelback,4
2024-01-01 10:49:00.000000,START,TEU_136_qc_travelback_pm_01,136,pm_01,qc_travelback,4
2024-01-01 10:50:00.000000,STOP,TEU_136_qc_travelback_pm_01,136,pm_01,qc_travelback,4
2024-01-01 07:00:00.000000,WAIT_START,TEU_136_pm_travel_to_Yard4_pm_01,136,pm_01,pm_travel_to_yard,5
2024-01-01 10:49:00.000000,WAIT_STOP,TEU_136_pm_travel_to_Yard4_pm_01,136,pm_01,pm_travel_to_yard,5
2024-01-01 10:49:00.000000,START,TEU_136_pm_travel_to_Yard4_pm_01,136,pm_01,pm_travel_to_yard,5
2024-01-01 10:49:49.127167,STOP,TEU_136_pm_travel_to_Yard4_pm_01,136,pm_01,pm_travel_to_yard,5
2024-01-01 07:00:00.000000,WAIT_START,TEU_136_pm_unload_Yard4_pm_01,136,pm_01,pm_unload,6
2024-01-01 10:49:49.127167,WAIT_STOP,TEU_136_pm_unload_Yard4_pm_01,136,pm_01,pm_unload,6
2024-01-01 10:49:49.127167,START,TEU_136_pm_unload_Yard4_pm_01,136,pm_01,pm_unload,6
2024-01-01 10:51:49.127167,STOP,TEU_136_pm_unload_Yard4_pm_01,136,pm_01,pm_unload,6
2024-01-01 07:00:00.000000,WAIT_START,TEU_136_pm_return_pm_01,136,pm_01,pm_return,7
2024-01-01 10:51:49.127167,WAIT_STOP,TEU_136_pm_return_pm_01,136,pm_01,pm_return,7
2024-01-01 10:51:49.127167,START,TEU_136_pm_return_pm_01,136,pm_01,pm_return,7
2024-01-01 10:52:38.254333,STOP,TEU_136_pm_return_pm_01,136,pm_01,pm_return,7
2024-01-01 07:00:00.000000,WAIT_START,TEU_137_qc_pick_qc_02,137,,qc_pick,1
2024-01-01 10:46:00.000000,WAIT_STOP,TEU_137_qc_pick_qc_02,137,,qc_pick,1
2024-01-01 10:46:00.000000,START,TEU_137_qc_pick_qc_02,137,,qc_pick,1
2024-01-01 10:47:00.000000,STOP,TEU_137_qc_pick_qc_02,137,,qc_pick,1
2024-01-01 07:00:00.000000,WAIT_START,TEU_137_qc_transfer_qc_02,137,,qc_transfer,2
2024-01-01 10:47:00.000000,WAIT_STOP,TEU_137_qc_transfer_qc_02,137,,qc_transfer,2
2024-01-01 10:47:00.000000,START,TEU_137_qc_transfer_qc_02,137,,qc_transfer,2
2024-01-01 10:48:00.000000,STOP,TEU_137_qc_transfer_qc_02,137,,qc_transfer,2
2024-01-01 07:00:00.000000,WAIT_START,TEU_137_qc_load_to_pm_pm_02,137,pm_02,qc_load_to_pm,3
2024-01-01 10:48:00.000000,WAIT_STOP,TEU_137_qc_load_to_pm_pm_02,137,pm_02,qc_load_to_pm,3
2024-01-01 10:48:00.000000,START,TEU_137_qc_load_to_pm_pm_02,137,pm_02,qc_load_to_pm,3
2024-01-01 10:50:00.000000,STOP,TEU_137_qc_load_to_pm_pm_02,137,pm_02,qc_load_to_pm,3
2024-01-01 07:00:00.000000,WAIT_START,TEU_137_qc_travelback_pm_02,137,pm_02,qc_travelback,4
2024-01-01 10:50:00.000000,WAIT_STOP,TEU_137_qc_travelback_pm_02,137,pm_02,qc_travelback,4
2024-01-01 10:50:00.000000,START,TEU_137_qc_travelback_pm_02,137,pm_02,qc_travelback,4
2024-01-01 10:51:00.000000,STOP,TEU_137_qc_travelback_pm_02,137,pm_02,qc_travelback,4
2024-01-01 07:00:00.000000,WAIT_START,TEU_137_pm_travel_to_Yard1_pm_02,137,pm_02,pm_travel_to_yard,5
2024-01-01 10:50:00.000000,WAIT_STOP,TEU_137_pm_travel_to_Yard1_pm_02,137,pm_02,pm_travel_to_yard,5
2024-01-01 10:50:00.000000,START,TEU_137_pm_travel_to_Yard1_pm_02,137,pm_02,pm_travel_to_yard,5
2024-01-01 10:50:12.281792,STOP,TEU_137_pm_travel_to_Yard1_pm_02,137,pm_02,pm_travel_to_yard,5
2024-01-01 07:00:00.000000,WAIT_START,TEU_137_pm_unload_Yard1_pm_02,137,pm_02,pm_unload,6
2024-01-01 10:50:12.281792,WAIT_STOP,TEU_137_pm_unload_Yard1_pm_02,137,pm_02,pm_unload,6
2024-01-01 10:50:12.281792,START,TEU_137_pm_unload_Yard1_pm_02,137,pm_02,pm_unload,6
2024-01-01 10:52:12.281792,STOP,TEU_137_pm_unload_Yard1_pm_02,137,pm_02,pm_unload,6
2024-01-01 07:00:00.000000,WAIT_START,TEU_137_pm_return_pm_02,137,pm_02,pm_return,7
2024-01-01 10:52:12.281792,WAIT_STOP,TEU_137_pm_return_pm_02,137,pm_02,pm_return,7
2024-01-01 10:52:12.281792,START,TEU_137_pm_return_pm_02,137,pm_02,pm_return,7
2024-01-01 10:52:24.563583,STOP,TEU_137_pm_return_pm_02,137,pm_02,pm_return,7
2024-01-01 07:00:00.000000,WAIT_START,TEU_138_qc_pick_qc_03,138,,qc_pick,1
2024-01-01 10:47:00.000000,WAIT_STOP,TEU_138_qc_pick_qc_03,138,,qc_pick,1
2024-01-01 10:47:00.000000,START,TEU_138_qc_pick_qc_03,138,,qc_pick,1
2024-01-01 10:48:00.000000,STOP,TEU_138_qc_pick_qc_03,138,,qc_pick,1
2024-01-01 07:00:00.000000,WAIT_START,TEU_138_qc_transfer_qc_03,138,,qc_transfer,2
2024-01-01 10:48:00.000000,WAIT_STOP,TEU_138_qc_transfer_qc_03,138,,qc_transfer,2
2024-01-01 10:48:00.000000,START,TEU_138_qc_transfer_qc_03,138,,qc_transfer,2
2024-01-01 10:49:00.000000,STOP,TEU_138_qc_transfer_qc_03,138,,qc_transfer,2
2024-01-01 07:00:00.000000,WAIT_START,TEU_138_qc_load_to_pm_pm_03,138,pm_03,qc_load_to_pm,3
2024-01-01 10:49:00.000000,WAIT_STOP,TEU_138_qc_load_to_pm_pm_03,138,pm_03,qc_load_to_pm,3
2024-01-01 10:49:00.000000,START,TEU_138_qc_load_to_pm_pm_03,138,pm_03,qc_load_to_pm,3
2024-01-01 10:51:00.000000,STOP,TEU_138_qc_load_to_pm_pm_03,138,pm_03,qc_load_to_pm,3
2024-01-01 07:00:00.000000,WAIT_START,TEU_138_qc_travelback_pm_03,138,pm_03,qc_travelback,4
2024-01-01 10:51:00.000000,WAIT_STOP,TEU_138_qc_travelback_pm_03,138,pm_03,qc_travelback,4
2024-01-01 10:51:00.000000,START,TEU_138_qc_travelback_pm_03,138,pm_03,qc_travelback,4
2024-01-01 10:52:00.000000,STOP,TEU_138_qc_travelback_pm_03,138,pm_03,qc_travelback,4
2024-01-01 07:00:00.000000,WAIT_START,TEU_138_pm_travel_to_Yard1_pm_03,138,pm_03,pm_travel_to_yard,5
2024-01-01 10:51:00.000000,WAIT_STOP,TEU_138_pm_travel_to_Yard1_pm_03,138,pm_03,pm_travel_to_yard,5
2024-01-01 10:51:00.000000,START,TEU_138_pm_travel_to_Yard1_pm_03,138,pm_03,pm_travel_to_yard,5
2024-01-01 10:51:12.281792,STOP,TEU_138_pm_travel_to_Yard1_pm_03,138,pm_03,pm_travel_to_yard,5
2024-01-01 07:00:00.000000,WAIT_START,TEU_138_pm_unload_Yard1_pm_03,138,pm_03,pm_unload,6
2024-01-01 10:51:12.281792,WAIT_STOP,TEU_138_pm_unload_Yard1_pm_03,138,pm_03,pm_unload,6
2024-01-01 10:52:12.281792,START,TEU_138_pm_unload_Yard1_pm_03,138,pm_03,pm_unload,6
2024-01-01 10:54:12.281792,STOP,TEU_138_pm_unload_Yard1_pm_03,138,pm_03,pm_unload,6
2024-01-01 07:00:00.000000,WAIT_START,TEU_138_pm_return_pm_03,138,pm_03,pm_return,7
2024-01-01 10:54:12.281792,WAIT_STOP,TEU_138_pm_return_pm_03,138,pm_03,pm_return,7
2024-01-01 10:54:12.281792,START,TEU_138_pm_return_pm_03,138,pm_03,pm_return,7
2024-01-01 10:54:24.563583,STOP,TEU_138_pm_return_pm_03,138,pm_03,pm_return,7
2024-01-01 07:00:00.000000,WAIT_START,TEU_139_qc_pick_qc_01,139,,qc_pick,1
2024-01-01 10:50:00.000000,WAIT_STOP,TEU_139_qc_pick_qc_01,139,,qc_pick,1
2024-01-01 10:50:00.000000,START,TEU_139_qc_pick_qc_01,139,,qc_pick,1
2024-01-01 10:51:00.000000,STOP,TEU_139_qc_pick_qc_01,139,,qc_pick,1
2024-01-01 07:00:00.000000,WAIT_START,TEU_139_qc_transfer_qc_01,139,,qc_transfer,2
2024-01-01 10:51:00.000000,WAIT_STOP,TEU_139_qc_transfer_qc_01,139,,qc_transfer,2
2024-01-01 10:51:00.000000,START,TEU_139_qc_transfer_qc_01,139,,qc_transfer,2
2024-01-01 10:52:00.000000,STOP,TEU_139_qc_transfer_qc_01,139,,qc_transfer,2
2024-01-01 07:00:00.000000,WAIT_START,TEU_139_qc_load_to_pm_pm_04,139,pm_04,qc_load_to_pm,3
2024-01-01 10:52:00.000000,WAIT_STOP,TEU_139_qc_load_to_pm_pm_04,139,pm_04,qc_load_to_pm,3
2024-01-01 10:52:00.000000,START,TEU_139_qc_load_to_pm_pm_04,139,pm_04,qc_load_to_pm,3
2024-01-01 10:54:00.000000,STOP,TEU_139_qc_load_to_pm_pm_04,139,pm_04,qc_load_to_pm,3
2024-01-01 07:00:00.000000,WAIT_START,TEU_139_qc_travelback_pm_04,139,pm_04,qc_travelback,4
2024-01-01 10:54:00.000000,WAIT_STOP,TEU_139_qc_travelback_pm_04,139,pm_04,qc_travelback,4
2024-01-01 10:54:00.000000,START,TEU_139_qc_travelback_pm_04,139,pm_04,qc_travelback,4
2024-01-01 10:55:00.000000,STOP,TEU_139_qc_travelback_pm_04,139,pm_04,qc_travelback,4
2024-01-01 07:00:00.000000,WAIT_START,TEU_139_pm_travel_to_Yard4_pm_04,139,pm_04,pm_travel_to_yard,5
2024-01-01 10:54:00.000000,WAIT_STOP,TEU_139_pm_travel_to_Yard4_pm_04,139,pm_04,pm_travel_to_yard,5
2024-01-01 10:54:00.000000,START,TEU_139_pm_travel_to_Yard4_pm_04,139,pm_04,pm_travel_to_yard,5
2024-01-01 10:54:49.127167,STOP,TEU_139_pm_travel_to_Yard4_pm_04,139,pm_04,pm_travel_to_yard,5
2024-01-01 07:00:00.000000,WAIT_START,TEU_139_pm_unload_Yard4_pm_04,139,pm_04,pm_unload,6
2024-01-01 10:54:49.127167,WAIT_STOP,TEU_139_pm_unload_Yard4_pm_04,139,pm_04,pm_unload,6
2024-01-01 10:54:49.127167,START,TEU_139_pm_unload_Yard4_pm_04,139,pm_04,pm_unload,6
2024-01-01 10:56:49.127167,STOP,TEU_139_pm_unload_Yard4_pm_04,139,pm_04,pm_unload,6
2024-01-01 07:00:00.000000,WAIT_START,TEU_139_pm_return_pm_04,139,pm_04,pm_return,7
2024-01-01 10:56:49.127167,WAIT_STOP,TEU_139_pm_return_pm_04,139,pm_04,pm_return,7
2024-01-01 10:56:49.127167,START,TEU_139_pm_return_pm_04,139,pm_04,pm_return,7
2024-01-01 10:57:38.254333,STOP,TEU_139_pm_return_pm_04,139,pm_04,pm_return,7
2024-01-01 07:00:00.000000,WAIT_START,TEU_140_qc_pick_qc_02,140,,qc_pick,1
2024-01-01 10:51:00.000000,WAIT_STOP,TEU_140_qc_pick_qc_02,140,,qc_pick,1
2024-01-01 10:51:00.000000,START,TEU_140_qc_pick_qc_02,140,,qc_pick,1
2024-01-01 10:52:00.000000,STOP,TEU_140_qc_pick_qc_02,140,,qc_pick,1
2024-01-01 07:00:00.000000,WAIT_START,TEU_140_qc_transfer_qc_02,140,,qc_transfer,2
2024-01-01 10:52:00.000000,WAIT_STOP,TEU_140_qc_transfer_qc_02,140,,qc_transfer,2
2024-01-01 10:52:00.000000,START,TEU_140_qc_transfer_qc_02,140,,qc_transfer,2
2024-01-01 10:53:00.000000,STOP,TEU_140_qc_transfer_qc_02,140,,qc_transfer,2
2024-01-01 07:00:00.000000,WAIT_START,TEU_140_qc_load_to_pm_pm_05,140,pm_05,qc_load_to_pm,3
2024-01-01 10:53:00.000000,WAIT_STOP,TEU_140_qc_load_to_pm_pm_05,140,pm_05,qc_load_to_pm,3
2024-01-01 10:53:00.000000,START,TEU_140_qc_load_to_pm_pm_05,140,pm_05,qc_load_to_pm,3
2024-01-01 10:55:00.000000,STOP,TEU_140_qc_load_to_pm_pm_05,140,pm_05,qc_load_to_pm,3
2024-01-01 07:00:00.000000,WAIT_START,TEU_140_qc_travelback_pm_05,140,pm_05,qc_travelback,4
2024-01-01 10:55:00.000000,WAIT_STOP,TEU_140_qc_travelback_pm_05,140,pm_05,qc_travelback,4
2024-01-01 10:55:00.000000,START,TEU_140_qc_travelback_pm_05,140,pm_05,qc_travelback,4
2024-01-01 10:56:00.000000,STOP,TEU_140_qc_travelback_pm_05,140,pm_05,qc_travelback,4
2024-01-01 07:00:00.000000,WAIT_START,TEU_140_pm_travel_to_Yard1_pm_05,140,pm_05,pm_travel_to_yard,5
2024-01-01 10:55:00.000000,WAIT_STOP,TEU_140_pm_travel_to_Yard1_pm_05,140,pm_05,pm_travel_to_yard,5
2024-01-01 10:55:00.000000,START,TEU_140_pm_travel_to_Yard1_pm_05,140,pm_05,pm_travel_to_yard,5
2024-01-01 10:55:12.281792,STOP,TEU_140_pm_travel_to_Yard1_pm_05,140,pm_05,pm_travel_to_yard,5
2024-01-01 07:00:00.000000,WAIT_START,TEU_140_pm_unload_Yard1_pm_05,140,pm_05,pm_unload,6
2024-01-01 10:55:12.281792,WAIT_STOP,TEU_140_pm_unload_Yard1_pm_05,140,pm_05,pm_unload,6
2024-01-01 10:55:12.281792,START,TEU_140_pm_unload_Yard1_pm_05,140,pm_05,pm_unload,6
2024-01-01 10:57:12.281792,STOP,TEU_140_pm_unload_Yard1_pm_05,140,pm_05,pm_unload,6
2024-01-01 07:00:00.000000,WAIT_START,TEU_140_pm_return_pm_05,140,pm_05,pm_return,7
2024-01-01 10:57:12.281792,WAIT_STOP,TEU_140_pm_return_pm_05,140,pm_05,pm_return,7
2024-01-01 10:57:12.281792,START,TEU_140_pm_return_pm_05,140,pm_05,pm_return,7
2024-01-01 10:57:24.563583,STOP,TEU_140_pm_return_pm_05,140,pm_05,pm_return,7
2024-01-01 07:00:00.000000,WAIT_START,TEU_141_qc_pick_qc_03,141,,qc_pick,1
2024-01-01 10:52:00.000000,WAIT_STOP,TEU_141_qc_pick_qc_03,141,,qc_pick,1
2024-01-01 10:52:00.000000,START,TEU_141_qc_pick_qc_03,141,,qc_pick,1
2024-01-01 10:53:00.000000,STOP,TEU_141_qc_pick_qc_03,141,,qc_pick,1
2024-01-01 07:00:00.000000,WAIT_START,TEU_141_qc_transfer_qc_03,141,,qc_transfer,2
2024-01-01 10:53:00.000000,WAIT_STOP,TEU_141_qc_transfer_qc_03,141,,qc_transfer,2
2024-01-01 10:53:00.000000,START,TEU_141_qc_transfer_qc_03,141,,qc_transfer,2
2024-01-01 10:54:00.000000,STOP,TEU_141_qc_transfer_qc_03,141,,qc_transfer,2
2024-01-01 07:00:00.000000,WAIT_START,TEU_141_qc_load_to_pm_pm_06,141,pm_06,qc_load_to_pm,3
2024-01-01 10:54:00.000000,WAIT_STOP,TEU_141_qc_load_to_pm_pm_06,141,pm_06,qc_load_to_pm,3
2024-01-01 10:54:00.000000,START,TEU_141_qc_load_to_pm_pm_06,141,pm_06,qc_load_to_pm,3
2024-01-01 10:56:00.000000,STOP,TEU_141_qc_load_to_pm_pm_06,141,pm_06,qc_load_to_pm,3
2024-01-01 07:00:00.000000,WAIT_START,TEU_141_qc_travelback_pm_06,141,pm_06,qc_travelback,4
2024-01-01 10:56:00.000000,WAIT_STOP,TEU_141_qc_travelback_pm_06,141,pm_06,qc_travelback,4
2024-01-01 10:56:00.000000,START,TEU_141_qc_travelback_pm_06,141,pm_06,qc_travelback,4
2024-01-01 10:57:00.000000,STOP,TEU_141_qc_travelback_pm_06,141,pm_06,qc_travelback,4
2024-01-01 07:00:00.000000,WAIT_START,TEU_141_pm_travel_to_Yard4_pm_06,141,pm_06,pm_travel_to_yard,5
2024-01-01 10:56:00.000000,WAIT_STOP,TEU_141_pm_travel_to_Yard4_pm_06,141,pm_06,pm_travel_to_yard,5
2024-01-01 10:56:00.000000,START,TEU_141_pm_travel_to_Yard4_pm_06,141,pm_06,pm_travel_to_yard,5
2024-01-01 10:56:49.127167,STOP,TEU_141_pm_travel_to_Yard4_pm_06,141,pm_06,pm_travel_to_yard,5
2024-01-01 07:00:00.000000,WAIT_START,TEU_141_pm_unload_Yard4_pm_06,141,pm_06,pm_unload,6
2024-01-01 10:56:49.127167,WAIT_STOP,TEU_141_pm_unload_Yard4_pm_06,141,pm_06,pm_unload,6
2024-01-01 10:56:49.127167,START,TEU_141_pm_unload_Yard4_pm_06,141,pm_06,pm_unload,6
2024-01-01 10:58:49.127167,STOP,TEU_141_pm_unload_Yard4_pm_06,141,pm_06,pm_unload,6
2024-01-01 07:00:00.000000,WAIT_START,TEU_141_pm_return_pm_06,141,pm_06,pm_return,7
2024-01-01 10:58:49.127167,WAIT_STOP,TEU_141_pm_return_pm_06,141,pm_06,pm_return,7
2024-01-01 10:58:49.127167,START,TEU_141_pm_return_pm_06,141,pm_06,pm_return,7
2024-01-01 10:59:38.254333,STOP,TEU_141_pm_return_pm_06,141,pm_06,pm_return,7
2024-01-01 07:00:00.000000,WAIT_START,TEU_142_qc_pick_qc_01,142,,qc_pick,1
2024-01-01 10:55:00.000000,WAIT_STOP,TEU_142_qc_pick_qc_01,142,,qc_pick,1
2024-01-01 10:55:00.000000,START,TEU_142_qc_pick_qc_01,142,,qc_pick,1
2024-01-01 10:56:00.000000,STOP,TEU_142_qc_pick_qc_01,142,,qc_pick,1
2024-01-01 07:00:00.000000,WAIT_START,TEU_142_qc_transfer_qc_01,142,,qc_transfer,2
2024-01-01 10:56:00.000000,WAIT_STOP,TEU_142_qc_transfer_qc_01,142,,qc_transfer,2
2024-01-01 10:56:00.000000,START,TEU_142_qc_transfer_qc_01,142,,qc_transfer,2
2024-01-01 10:57:00.000000,STOP,TEU_142_qc_transfer_qc_01,142,,qc_transfer,2
2024-01-01 07:00:00.000000,WAIT_START,TEU_142_qc_load_to_pm_pm_07,142,pm_07,qc_load_to_pm,3
2024-01-01 10:57:00.000000,WAIT_STOP,TEU_142_qc_load_to_pm_pm_07,142,pm_07,qc_load_to_pm,3
2024-01-01 10:57:00.000000,START,TEU_142_qc_load_to_pm_pm_07,142,pm_07,qc_load_to_pm,3
2024-01-01 10:59:00.000000,STOP,TEU_142_qc_load_to_pm_pm_07,142,pm_07,qc_load_to_pm,3
2024-01-01 07:00:00.000000,WAIT_START,TEU_142_qc_travelback_pm_07,142,pm_07,qc_travelback,4
2024-01-01 10:59:00.000000,WAIT_STOP,TEU_142_qc_travelback_pm_07,142,pm_07,qc_travelback,4
2024-01-01 10:59:00.000000,START,TEU_142_qc_travelback_pm_07,142,pm_07,qc_travelback,4
2024-01-01 11:00:00.000000,STOP,TEU_142_qc_travelback_pm_07,142,pm_07,qc_travelback,4
2024-01-01 07:00:00.000000,WAIT_START,TEU_142_pm_travel_to_Yard4_pm_07,142,pm_07,pm_travel_to_yard,5
2024-01-01 10:59:00.000000,WAIT_STOP,TEU_142_pm_travel_to_Yard4_pm_07,142,pm_07,pm_travel_to_yard,5
2024-01-01 10:59:00.000000,START,TEU_142_pm_travel_to_Yard4_pm_07,142,pm_07,pm_travel_to_yard,5
2024-01-01 10:59:49.127167,STOP,TEU_142_pm_travel_to_Yard4_pm_07,142,pm_07,pm_travel_to_yard,5
2024-01-01 07:00:00.000000,WAIT_START,TEU_142_pm_unload_Yard4_pm_07,142,pm_07,pm_unload,6
2024-01-01 10:59:49.127167,WAIT_STOP,TEU_142_pm_unload_Yard4_pm_07,142,pm_07,pm_unload,6
2024-01-01 10:59:49.127167,START,TEU_142_pm_unload_Yard4_pm_07,142,pm_07,pm_unload,6
2024-01-01 11:01:49.127167,STOP,TEU_142_pm_unload_Yard4_pm_07,142,pm_07,pm_unload,6
2024-01-01 07:00:00.000000,WAIT_START,TEU_142_pm_return_pm_07,142,pm_07,pm_return,7
2024-01-01 11:01:49.127167,WAIT_STOP,TEU_142_pm_return_pm_07,142,pm_07,pm_return,7
2024-01-01 11:01:49.127167,START,TEU_142_pm_return_pm_07,142,pm_07,pm_return,7
2024-01-01 11:02:38.254333,STOP,TEU_142_pm_return_pm_07,142,pm_07,pm_return,7
2024-01-01 07:00:00.000000,WAIT_START,TEU_143_qc_pick_qc_02,143,,qc_pick,1
2024-01-01 10:56:00.000000,WAIT_STOP,TEU_143_qc_pick_qc_02,143,,qc_pick,1
2024-01-01 10:56:00.000000,START,TEU_143_qc_pick_qc_02,143,,qc_pick,1
2024-01-01 10:57:00.000000,STOP,TEU_143_qc_pick_qc_02,143,,qc_pick,1
2024-01-01 07:00:00.000000,WAIT_START,TEU_143_qc_transfer_qc_02,143,,qc_transfer,2
2024-01-01 10:57:00.000000,WAIT_STOP,TEU_143_qc_transfer_qc_02,143,,qc_transfer,2
2024-01-01 10:57:00.000000,START,TEU_143_qc_transfer_qc_02,143,,qc_transfer,2
2024-01-01 10:58:00.000000,STOP,TEU_143_qc_transfer_qc_02,143,,qc_transfer,2
2024-01-01 07:00:00.000000,WAIT_START,TEU_143_qc_load_to_pm_pm_08,143,pm_08,qc_load_to_pm,3
2024-01-01 10:58:00.000000,WAIT_STOP,TEU_143_qc_load_to_pm_pm_08,143,pm_08,qc_load_to_pm,3
2024-01-01 10:58:00.000000,START,TEU_143_qc_load_to_pm_pm_08,143,pm_08,qc_load_to_pm,3
2024-01-01 11:00:00.000000,STOP,TEU_143_qc_load_to_pm_pm_08,143,pm_08,qc_load_to_pm,3
2024-01-01 07:00:00.000000,WAIT_START,TEU_143_qc_travelback_pm_08,143,pm_08,qc_travelback,4
2024-01-01 11:00:00.000000,WAIT_STOP,TEU_143_qc_travelback_pm_08,143,pm_08,qc_travelback,4
2024-01-01 11:00:00.000000,START,TEU_143_qc_travelback_pm_08,143,pm_08,qc_travelback,4
2024-01-01 11:01:00.000000,STOP,TEU_143_qc_travelback_pm_08,143,pm_08,qc_travelback,4
2024-01-01 07:00:00.000000,WAIT_START,TEU_143_pm_travel_to_Yard1_pm_08,143,pm_08,pm_travel_to_yard,5
2024-01-01 11:00:00.000000,WAIT_STOP,TEU_143_pm_travel_to_Yard1_pm_08,143,pm_08,pm_travel_to_yard,5
2024-01-01 11:00:00.000000,START,TEU_143_pm_travel_to_Yard1_pm_08,143,pm_08,pm_travel_to_yard,5
2024-01-01 11:00:12.281792,STOP,TEU_143_pm_travel_to_Yard1_pm_08,143,pm_08,pm_travel_to_yard,5
2024-01-01 07:00:00.000000,WAIT_START,TEU_143_pm_unload_Yard1_pm_08,143,pm_08,pm_unload,6
2024-01-01 11:00:12.281792,WAIT_STOP,TEU_143_pm_unload_Yard1_pm_08,143,pm_08,pm_unload,6
2024-01-01 11:00:12.281792,START,TEU_143_pm_unload_Yard1_pm_08,143,pm_08,pm_unload,6
2024-01-01 11:02:12.281792,STOP,TEU_143_pm_unload_Yard1_pm_08,143,pm_08,pm_unload,6
2024-01-01 07:00:00.000000,WAIT_START,TEU_143_pm_return_pm_08,143,pm_08,pm_return,7
2024-01-01 11:02:12.281792,WAIT_STOP,TEU_143_pm_return_pm_08,143,pm_08,pm_return,7
2024-01-01 11:02:12.281792,START,TEU_143_pm_return_pm_08,143,pm_08,pm_return,7
2024-01-01 11:02:24.563583,STOP,TEU_143_pm_return_pm_08,143,pm_08,pm_return,7
2024-01-01 07:00:00.000000,WAIT_START,TEU_144_qc_pick_qc_03,144,,qc_pick,1
2024-01-01 10:57:00.000000,WAIT_STOP,TEU_144_qc_pick_qc_03,144,,qc_pick,1
2024-01-01 10:57:00.000000,START,TEU_144_qc_pick_qc_03,144,,qc_pick,1
2024-01-01 10:58:00.000000,STOP,TEU_144_qc_pick_qc_03,144,,qc_pick,1
2024-01-01 07:00:00.000000,WAIT_START,TEU_144_qc_transfer_qc_03,144,,qc_transfer,2
2024-01-01 10:58:00.000000,WAIT_STOP,TEU_144_qc_transfer_qc_03,144,,qc_transfer,2
2024-01-01 10:58:00.000000,START,TEU_144_qc_transfer_qc_03,144,,qc_transfer,2
2024-01-01 10:59:00.000000,STOP,TEU_144_qc_transfer_qc_03,144,,qc_transfer,2
2024-01-01 07:00:00.000000,WAIT_START,TEU_144_qc_load_to_pm_pm_09,144,pm_09,qc_load_to_pm,3
2024-01-01 10:59:00.000000,WAIT_STOP,TEU_144_qc_load_to_pm_pm_09,144,pm_09,qc_load_to_pm,3
2024-01-01 10:59:00.000000,START,TEU_144_qc_load_to_pm_pm_09,144,pm_09,qc_load_to_pm,3
2024-01-01 11:01:00.000000,STOP,TEU_144_qc_load_to_pm_pm_09,144,pm_09,qc_load_to_pm,3
2024-01-01 07:00:00.000000,WAIT_START,TEU_144_qc_travelback_pm_09,144,pm_09,qc_travelback,4
2024-01-01 11:01:00.000000,WAIT_STOP,TEU_144_qc_travelback_pm_09,144,pm_09,qc_travelback,4
2024-01-01 11:01:00.000000,START,TEU_144_qc_travelback_pm_09,144,pm_09,qc_travelback,4
2024-01-01 11:02:00.000000,STOP,TEU_144_qc_travelback_pm_09,144,pm_09,qc_travelback,4
2024-01-01 07:00:00.000000,WAIT_START,TEU_144_pm_travel_to_Yard4_pm_09,144,pm_09,pm_travel_to_yard,5
2024-01-01 11:01:00.000000,WAIT_STOP,TEU_144_pm_travel_to_Yard4_pm_09,144,pm_09,pm_travel_to_yard,5
2024-01-01 11:01:00.000000,START,TEU_144_pm_travel_to_Yard4_pm_09,144,pm_09,pm_travel_to_yard,5
2024-01-01 11:01:49.127167,STOP,TEU_144_pm_travel_to_Yard4_pm_09,144,pm_09,pm_travel_to_yard,5
2024-01-01 07:00:00.000000,WAIT_START,TEU_144_pm_unload_Yard4_pm_09,144,pm_09,pm_unload,6
2024-01-01 11:01:49.127167,WAIT_STOP,TEU_144_pm_unload_Yard4_pm_09,144,pm_09,pm_unload,6
2024-01-01 11:01:49.127167,START,TEU_144_pm_unload_Yard4_pm_09,144,pm_09,pm_unload,6
2024-01-01 11:03:49.127167,STOP,TEU_144_pm_unload_Yard4_pm_09,144,pm_09,pm_unload,6
2024-01-01 07:00:00.000000,WAIT_START,TEU_144_pm_return_pm_09,144,pm_09,pm_return,7
2024-01-01 11:03:49.127167,WAIT_STOP,TEU_144_pm_return_pm_09,144,pm_09,pm_return,7
2024-01-01 11:03:49.127167,START,TEU_144_pm_return_pm_09,144,pm_09,pm_return,7
2024-01-01 11:04:38.254333,STOP,TEU_144_pm_return_pm_09,144,pm_09,pm_return,7
2024-01-01 07:00:00.000000,WAIT_START,TEU_145_qc_pick_qc_01,145,,qc_pick,1
2024-01-01 11:00:00.000000,WAIT_STOP,TEU_145_qc_pick_qc_01,145,,qc_pick,1
2024-01-01 11:00:00.000000,START,TEU_145_qc_pick_qc_01,145,,qc_pick,1
2024-01-01 11:01:00.000000,STOP,TEU_145_qc_pick_qc_01,145,,qc_pick,1
2024-01-01 07:00:00.000000,WAIT_START,TEU_145_qc_transfer_qc_01,145,,qc_transfer,2
2024-01-01 11:01:00.000000,WAIT_STOP,TEU_145_qc_transfer_qc_01,145,,qc_transfer,2
2024-01-01 11:01:00.000000,START,TEU_145_qc_transfer_qc_01,145,,qc_transfer,2
2024-01-01 11:02:00.000000,STOP,TEU_145_qc_transfer_qc_01,145,,qc_transfer,2
2024-01-01 07:00:00.000000,WAIT_START,TEU_145_qc_load_to_pm_pm_01,145,pm_01,qc_load_to_pm,3
2024-01-01 11:02:00.000000,WAIT_STOP,TEU_145_qc_load_to_pm_pm_01,145,pm_01,qc_load_to_pm,3
2024-01-01 11:02:00.000000,START,TEU_145_qc_load_to_pm_pm_01,145,pm_01,qc_load_to_pm,3
2024-01-01 11:04:00.000000,STOP,TEU_145_qc_load_to_pm_pm_01,145,pm_01,qc_load_to_pm,3
2024-01-01 07:00:00.000000,WAIT_START,TEU_145_qc_travelback_pm_01,145,pm_01,qc_travelback,4
2024-01-01 11:04:00.000000,WAIT_STOP,TEU_145_qc_travelback_pm_01,145,pm_01,qc_travelback,4
2024-01-01 11:04:00.000000,START,TEU_145_qc_travelback_pm_01,145,pm_01,qc_travelback,4
2024-01-01 11:05:00.000000,STOP,TEU_145_qc_travelback_pm_01,145,pm_01,qc_travelback,4
2024-01-01 07:00:00.000000,WAIT_START,TEU_145_pm_travel_to_Yard4_pm_01,145,pm_01,pm_travel_to_yard,5
2024-01-01 11:04:00.000000,WAIT_STOP,TEU_145_pm_travel_to_Yard4_pm_01,145,pm_01,pm_travel_to_yard,5
2024-01-01 11:04:00.000000,START,TEU_145_pm_travel_to_Yard4_pm_01,145,pm_01,pm_travel_to_yard,5
2024-01-01 11:04:49.127167,STOP,TEU_145_pm_travel_to_Yard4_pm_01,145,pm_01,pm_travel_to_yard,5
2024-01-01 07:00:00.000000,WAIT_START,TEU_145_pm_unload_Yard4_pm_01,145,pm_01,pm_unload,6
2024-01-01 11:04:49.127167,WAIT_STOP,TEU_145_pm_unload_Yard4_pm_01,145,pm_01,pm_unload,6
2024-01-01 11:04:49.127167,START,TEU_145_pm_unload_Yard4_pm_01,145,pm_01,pm_unload,6
2024-01-01 11:06:49.127167,STOP,TEU_145_pm_unload_Yard4_pm_01,145,pm_01,pm_unload,6
2024-01-01 07:00:00.000000,WAIT_START,TEU_145_pm_return_pm_01,145,pm_01,pm_return,7
2024-01-01 11:06:49.127167,WAIT_STOP,TEU_145_pm_return_pm_01,145,pm_01,pm_return,7
2024-01-01 11:06:49.127167,START,TEU_145_pm_return_pm_01,145,pm_01,pm_return,7
2024-01-01 11:07:38.254333,STOP,TEU_145_pm_return_pm_01,145,pm_01,pm_return,7
2024-01-01 07:00:00.000000,WAIT_START,TEU_146_qc_pick_qc_02,146,,qc_pick,1
2024-01-01 11:01:00.000000,WAIT_STOP,TEU_146_qc_pick_qc_02,146,,qc_pick,1
2024-01-01 11:01:00.000000,START,TEU_146_qc_pick_qc_02,146,,qc_pick,1
2024-01-01 11:02:00.000000,STOP,TEU_146_qc_pick_qc_02,146,,qc_pick,1
2024-01-01 07:00:00.000000,WAIT_START,TEU_146_qc_transfer_qc_02,146,,qc_transfer,2
2024-01-01 11:02:00.000000,WAIT_STOP,TEU_146_qc_transfer_qc_02,146,,qc_transfer,2
2024-01-01 11:02:00.000000,START,TEU_146_qc_transfer_qc_02,146,,qc_transfer,2
2024-01-01 11:03:00.000000,STOP,TEU_146_qc_transfer_qc_02,146,,qc_transfer,2
2024-01-01 07:00:00.000000,WAIT_START,TEU_146_qc_load_to_pm_pm_02,146,pm_02,qc_load_to_pm,3
2024-01-01 11:03:00.000000,WAIT_STOP,TEU_146_qc_load_to_pm_pm_02,146,pm_02,qc_load_to_pm,3
2024-01-01 11:03:00.000000,START,TEU_146_qc_load_to_pm_pm_02,146,pm_02,qc_load_to_pm,3
2024-01-01 11:05:00.000000,STOP,TEU_146_qc_load_to_pm_pm_02,146,pm_02,qc_load_to_pm,3
2024-01-01 07:00:00.000000,WAIT_START,TEU_146_qc_travelback_pm_02,146,pm_02,qc_travelback,4
2024-01-01 11:05:00.000000,WAIT_STOP,TEU_146_qc_travelback_pm_02,146,pm_02,qc_travelback,4
2024-01-01 11:05:00.000000,START,TEU_146_qc_travelback_pm_02,146,pm_02,qc_travelback,4
2024-01-01 11:06:00.000000,STOP,TEU_146_qc_travelback_pm_02,146,pm_02,qc_travelback,4
2024-01-01 07:00:00.000000,WAIT_START,TEU_146_pm_travel_to_Yard1_pm_02,146,pm_02,pm_travel_to_yard,5
2024-01-01 11:05:00.000000,WAIT_STOP,TEU_146_pm_travel_to_Yard1_pm_02,146,pm_02,pm_travel_to_yard,5
2024-01-01 11:05:00.000000,START,TEU_146_pm_travel_to_Yard1_pm_02,146,pm_02,pm_travel_to_yard,5
2024-01-01 11:05:12.281792,STOP,TEU_146_pm_travel_to_Yard1_pm_02,146,pm_02,pm_travel_to_yard,5
2024-01-01 07:00:00.000000,WAIT_START,TEU_146_pm_unload_Yard1_pm_02,146,pm_02,pm_unload,6
2024-01-01 11:05:12.281792,WAIT_STOP,TEU_146_pm_unload_Yard1_pm_02,146,pm_02,pm_unload,6
2024-01-01 11:05:12.281792,START,TEU_146_pm_unload_Yard1_pm_02,146,pm_02,pm_unload,6
2024-01-01 11:07:12.281792,STOP,TEU_146_pm_unload_Yard1_pm_02,146,pm_02,pm_unload,6
2024-01-01 07:00:00.000000,WAIT_START,TEU_146_pm_return_pm_02,146,pm_02,pm_return,7
2024-01-01 11:07:12.281792,WAIT_STOP,TEU_146_pm_return_pm_02,146,pm_02,pm_return,7
2024-01-01 11:07:12.281792,START,TEU_146_pm_return_pm_02,146,pm_02,pm_return,7
2024-01-01 11:07:24.563583,STOP,TEU_146_pm_return_pm_02,146,pm_02,pm_return,7
2024-01-01 07:00:00.000000,WAIT_START,TEU_147_qc_pick_qc_03,147,,qc_pick,1
2024-01-01 11:02:00.000000,WAIT_STOP,TEU_147_qc_pick_qc_03,147,,qc_pick,1
2024-01-01 11:02:00.000000,START,TEU_147_qc_pick_qc_03,147,,qc_pick,1
2024-01-01 11:03:00.000000,STOP,TEU_147_qc_pick_qc_03,147,,qc_pick,1
2024-01-01 07:00:00.000000,WAIT_START,TEU_147_qc_transfer_qc_03,147,,qc_transfer,2
2024-01-01 11:03:00.000000,WAIT_STOP,TEU_147_qc_transfer_qc_03,147,,qc_transfer,2
2024-01-01 11:03:00.000000,START,TEU_147_qc_transfer_qc_03,147,,qc_transfer,2
2024-01-01 11:04:00.000000,STOP,TEU_147_qc_transfer_qc_03,147,,qc_transfer,2
2024-01-01 07:00:00.000000,WAIT_START,TEU_147_qc_load_to_pm_pm_03,147,pm_03,qc_load_to_pm,3
2024-01-01 11:04:00.000000,WAIT_STOP,TEU_147_qc_load_to_pm_pm_03,147,pm_03,qc_load_to_pm,3
2024-01-01 11:04:00.000000,START,TEU_147_qc_load_to_pm_pm_03,147,pm_03,qc_load_to_pm,3
2024-01-01 11:06:00.000000,STOP,TEU_147_qc_load_to_pm_pm_03,147,pm_03,qc_load_to_pm,3
2024-01-01 07:00:00.000000,WAIT_START,TEU_147_qc_travelback_pm_03,147,pm_03,qc_travelback,4
2024-01-01 11:06:00.000000,WAIT_STOP,TEU_147_qc_travelback_pm_03,147,pm_03,qc_travelback,4
2024-01-01 11:06:00.000000,START,TEU_147_qc_travelback_pm_03,147,pm_03,qc_travelback,4
2024-01-01 11:07:00.000000,STOP,TEU_147_qc_travelback_pm_03,147,pm_03,qc_travelback,4
2024-01-01 07:00:00.000000,WAIT_START,TEU_147_pm_travel_to_Yard1_pm_03,147,pm_03,pm_travel_to_yard,5
2024-01-01 11:06:00.000000,WAIT_STOP,TEU_147_pm_travel_to_Yard1_pm_03,147,pm_03,pm_travel_to_yard,5
2024-01-01 11:06:00.000000,START,TEU_147_pm_travel_to_Yard1_pm_03,147,pm_03,pm_travel_to_yard,5
2024-01-01 11:06:12.281792,STOP,TEU_147_pm_travel_to_Yard1_pm_03,147,pm_03,pm_travel_to_yard,5
2024-01-01 07:00:00.000000,WAIT_START,TEU_147_pm_unload_Yard1_pm_03,147,pm_03,pm_unload,6
2024-01-01 11:06:12.281792,WAIT_STOP,TEU_147_pm_unload_Yard1_pm_03,147,pm_03,pm_unload,6
2024-01-01 11:07:12.281792,START,TEU_147_pm_unload_Yard1_pm_03,147,pm_03,pm_unload,6
2024-01-01 11:09:12.281792,STOP,TEU_147_pm_unload_Yard1_pm_03,147,pm_03,pm_unload,6
2024-01-01 07:00:00.000000,WAIT_START,TEU_147_pm_return_pm_03,147,pm_03,pm_return,7
2024-01-01 11:09:12.281792,WAIT_STOP,TEU_147_pm_return_pm_03,147,pm_03,pm_return,7
2024-01-01 11:09:12.281792,START,TEU_147_pm_return_pm_03,147,pm_03,pm_return,7
2024-01-01 11:09:24.563583,STOP,TEU_147_pm_return_pm_03,147,pm_03,pm_return,7
2024-01-01 07:00:00.000000,WAIT_START,TEU_148_qc_pick_qc_01,148,,qc_pick,1
2024-01-01 11:05:00.000000,WAIT_STOP,TEU_148_qc_pick_qc_01,148,,qc_pick,1
2024-01-01 11:05:00.000000,START,TEU_148_qc_pick_qc_01,148,,qc_pick,1
2024-01-01 11:06:00.000000,STOP,TEU_148_qc_pick_qc_01,148,,qc_pick,1
2024-01-01 07:00:00.000000,WAIT_START,TEU_148_qc_transfer_qc_01,148,,qc_transfer,2
2024-01-01 11:06:00.000000,WAIT_STOP,TEU_148_qc_transfer_qc_01,148,,qc_transfer,2
2024-01-01 11:06:00.000000,START,TEU_148_qc_transfer_qc_01,148,,qc_transfer,2
2024-01-01 11:07:00.000000,STOP,TEU_148_qc_transfer_qc_01,148,,qc_transfer,2
2024-01-01 07:00:00.000000,WAIT_START,TEU_148_qc_load_to_pm_pm_04,148,pm_04,qc_load_to_pm,3
2024-01-01 11:07:00.000000,WAIT_STOP,TEU_148_qc_load_to_pm_pm_04,148,pm_04,qc_load_to_pm,3
2024-01-01 11:07:00.000000,START,TEU_148_qc_load_to_pm_pm_04,148,pm_04,qc_load_to_pm,3
2024-01-01 11:09:00.000000,STOP,TEU_148_qc_load_to_pm_pm_04,148,pm_04,qc_load_to_pm,3
2024-01-01 07:00:00.000000,WAIT_START,TEU_148_qc_travelback_pm_04,148,pm_04,qc_travelback,4
2024-01-01 11:09:00.000000,WAIT_STOP,TEU_148_qc_travelback_pm_04,148,pm_04,qc_travelback,4
2024-01-01 11:09:00.000000,START,TEU_148_qc_travelback_pm_04,148,pm_04,qc_travelback,4
2024-01-01 11:10:00.000000,STOP,TEU_148_qc_travelback_pm_04,148,pm_04,qc_travelback,4
2024-01-01 07:00:00.000000,WAIT_START,TEU_148_pm_travel_to_Yard4_pm_04,148,pm_04,pm_travel_to_yard,5
2024-01-01 11:09:00.000000,WAIT_STOP,TEU_148_pm_travel_to_Yard4_pm_04,148,pm_04,pm_travel_to_yard,5
2024-01-01 11:09:00.000000,START,TEU_148_pm_travel_to_Yard4_pm_04,148,pm_04,pm_travel_to_yard,5
2024-01-01 11:09:49.127167,STOP,TEU_148_pm_travel_to_Yard4_pm_04,148,pm_04,pm_travel_to_yard,5
2024-01-01 07:00:00.000000,WAIT_START,TEU_148_pm_unload_Yard4_pm_04,148,pm_04,pm_unload,6
2024-01-01 11:09:49.127167,WAIT_STOP,TEU_148_pm_unload_Yard4_pm_04,148,pm_04,pm_unload,6
2024-01-01 11:09:49.127167,START,TEU_148_pm_unload_Yard4_pm_04,148,pm_04,pm_unload,6
2024-01-01 11:11:49.127167,STOP,TEU_148_pm_unload_Yard4_pm_04,148,pm_04,pm_unload,6
2024-01-01 07:00:00.000000,WAIT_START,TEU_148_pm_return_pm_04,148,pm_04,pm_return,7
2024-01-01 11:11:49.127167,WAIT_STOP,TEU_148_pm_return_pm_04,148,pm_04,pm_return,7
2024-01-01 11:11:49.127167,START,TEU_148_pm_return_pm_04,148,pm_04,pm_return,7
2024-01-01 11:12:38.254333,STOP,TEU_148_pm_return_pm_04,148,pm_04,pm_return,7
2024-01-01 07:00:00.000000,WAIT_START,TEU_149_qc_pick_qc_02,149,,qc_pick,1
2024-01-01 11:06:00.000000,WAIT_STOP,TEU_149_qc_pick_qc_02,149,,qc_pick,1
2024-01-01 11:06:00.000000,START,TEU_149_qc_pick_qc_02,149,,qc_pick,1
2024-01-01 11:07:00.000000,STOP,TEU_149_qc_pick_qc_02,149,,qc_pick,1
2024-01-01 07:00:00.000000,WAIT_START,TEU_149_qc_transfer_qc_02,149,,qc_transfer,2
2024-01-01 11:07:00.000000,WAIT_STOP,TEU_149_qc_transfer_qc_02,149,,qc_transfer,2
2024-01-01 11:07:00.000000,START,TEU_149_qc_transfer_qc_02,149,,qc_transfer,2
2024-01-01 11:08:00.000000,STOP,TEU_149_qc_transfer_qc_02,149,,qc_transfer,2
2024-01-01 07:00:00.000000,WAIT_START,TEU_149_qc_load_to_pm_pm_05,149,pm_05,qc_load_to_pm,3
2024-01-01 11:08:00.000000,WAIT_STOP,TEU_149_qc_load_to_pm_pm_05,149,pm_05,qc_load_to_pm,3
2024-01-01 11:08:00.000000,START,TEU_149_qc_load_to_pm_pm_05,149,pm_05,qc_load_to_pm,3
2024-01-01 11:10:00.000000,STOP,TEU_149_qc_load_to_pm_pm_05,149,pm_05,qc_load_to_pm,3
2024-01-01 07:00:00.000000,WAIT_START,TEU_149_qc_travelback_pm_05,149,pm_05,qc_travelback,4
2024-01-01 11:10:00.000000,WAIT_STOP,TEU_149_qc_travelback_pm_05,149,pm_05,qc_travelback,4
2024-01-01 11:10:00.000000,START,TEU_149_qc_travelback_pm_05,149,pm_05,qc_travelback,4
2024-01-01 11:11:00.000000,STOP,TEU_149_qc_travelback_pm_05,149,pm_05,qc_travelback,4
2024-01-01 07:00:00.000000,WAIT_START,TEU_149_pm_travel_to_Yard1_pm_05,149,pm_05,pm_travel_to_yard,5
2024-01-01 11:10:00.000000,WAIT_STOP,TEU_149_pm_travel_to_Yard1_pm_05,149,pm_05,pm_travel_to_yard,5
2024-01-01 11:10:00.000000,START,TEU_149_pm_travel_to_Yard1_pm_05,149,pm_05,pm_travel_to_yard,5
2024-01-01 11:10:12.281792,STOP,TEU_149_pm_travel_to_Yard1_pm_05,149,pm_05,pm_travel_to_yard,5
2024-01-01 07:00:00.000000,WAIT_START,TEU_149_pm_unload_Yard1_pm_05,149,pm_05,pm_unload,6
2024-01-01 11:10:12.281792,WAIT_STOP,TEU_149_pm_unload_Yard1_pm_05,149,pm_05,pm_unload,6
2024-01-01 11:10:12.281792,START,TEU_149_pm_unload_Yard1_pm_05,149,pm_05,pm_unload,6
2024-01-01 11:12:12.281792,STOP,TEU_149_pm_unload_Yard1_pm_05,149,pm_05,pm_unload,6
2024-01-01 07:00:00.000000,WAIT_START,TEU_149_pm_return_pm_05,149,pm_05,pm_return,7
2024-01-01 11:12:12.281792,WAIT_STOP,TEU_149_pm_return_pm_05,149,pm_05,pm_return,7
2024-01-01 11:12:12.281792,START,TEU_149_pm_return_pm_05,149,pm_05,pm_return,7
2024-01-01 11:12:24.563583,STOP,TEU_149_pm_return_pm_05,149,pm_05,pm_return,7
2024-01-01 07:00:00.000000,WAIT_START,TEU_150_qc_pick_qc_03,150,,qc_pick,1
2024-01-01 11:07:00.000000,WAIT_STOP,TEU_150_qc_pick_qc_03,150,,qc_pick,1
2024-01-01 11:07:00.000000,START,TEU_150_qc_pick_qc_03,150,,qc_pick,1
2024-01-01 11:08:00.000000,STOP,TEU_150_qc_pick_qc_03,150,,qc_pick,1
2024-01-01 07:00:00.000000,WAIT_START,TEU_150_qc_transfer_qc_03,150,,qc_transfer,2
2024-01-01 11:08:00.000000,WAIT_STOP,TEU_150_qc_transfer_qc_03,150,,qc_transfer,2
2024-01-01 11:08:00.000000,START,TEU_150_qc_transfer_qc_03,150,,qc_transfer,2
2024-01-01 11:09:00.000000,STOP,TEU_150_qc_transfer_qc_03,150,,qc_transfer,2
2024-01-01 07:00:00.000000,WAIT_START,TEU_150_qc_load_to_pm_pm_06,150,pm_06,qc_load_to_pm,3
2024-01-01 11:09:00.000000,WAIT_STOP,TEU_150_qc_load_to_pm_pm_06,150,pm_06,qc_load_to_pm,3
2024-01-01 11:09:00.000000,START,TEU_150_qc_load_to_pm_pm_06,150,pm_06,qc_load_to_pm,3
2024-01-01 11:11:00.000000,STOP,TEU_150_qc_load_to_pm_pm_06,150,pm_06,qc_load_to_pm,3
2024-01-01 07:00:00.000000,WAIT_START,TEU_150_qc_travelback_pm_06,150,pm_06,qc_travelback,4
2024-01-01 11:11:00.000000,WAIT_STOP,TEU_150_qc_travelback_pm_06,150,pm_06,qc_travelback,4
2024-01-01 11:11:00.000000,START,TEU_150_qc_travelback_pm_06,150,pm_06,qc_travelback,4
2024-01-01 11:12:00.000000,STOP,TEU_150_qc_travelback_pm_06,150,pm_06,qc_travelback,4
2024-01-01 07:00:00.000000,WAIT_START,TEU_150_pm_travel_to_Yard1_pm_06,150,pm_06,pm_travel_to_yard,5
2024-01-01 11:11:00.000000,WAIT_STOP,TEU_150_pm_travel_to_Yard1_pm_06,150,pm_06,pm_travel_to_yard,5
2024-01-01 11:11:00.000000,START,TEU_150_pm_travel_to_Yard1_pm_06,150,pm_06,pm_travel_to_yard,5
2024-01-01 11:11:12.281792,STOP,TEU_150_pm_travel_to_Yard1_pm_06,150,pm_06,pm_travel_to_yard,5
2024-01-01 07:00:00.000000,WAIT_START,TEU_150_pm_unload_Yard1_pm_06,150,pm_06,pm_unload,6
2024-01-01 11:11:12.281792,WAIT_STOP,TEU_150_pm_unload_Yard1_pm_06,150,pm_06,pm_unload,6
2024-01-01 11:12:12.281792,START,TEU_150_pm_unload_Yard1_pm_06,150,pm_06,pm_unload,6
2024-01-01 11:14:12.281792,STOP,TEU_150_pm_unload_Yard1_pm_06,150,pm_06,pm_unload,6
2024-01-01 07:00:00.000000,WAIT_START,TEU_150_pm_return_pm_06,150,pm_06,pm_return,7
2024-01-01 11:14:12.281792,WAIT_STOP,TEU_150_pm_return_pm_06,150,pm_06,pm_return,7
2024-01-01 11:14:12.281792,START,TEU_150_pm_return_pm_06,150,pm_06,pm_return,7
2024-01-01 11:14:24.563583,STOP,TEU_150_pm_return_pm_06,150,pm_06,pm_return,7
2024-01-01 07:00:00.000000,WAIT_START,TEU_151_qc_pick_qc_01,151,,qc_pick,1
2024-01-01 11:10:00.000000,WAIT_STOP,TEU_151_qc_pick_qc_01,151,,qc_pick,1
2024-01-01 11:10:00.000000,START,TEU_151_qc_pick_qc_01,151,,qc_pick,1
2024-01-01 11:11:00.000000,STOP,TEU_151_qc_pick_qc_01,151,,qc_pick,1
2024-01-01 07:00:00.000000,WAIT_START,TEU_151_qc_transfer_qc_01,151,,qc_transfer,2
2024-01-01 11:11:00.000000,WAIT_STOP,TEU_151_qc_transfer_qc_01,151,,qc_transfer,2
2024-01-01 11:11:00.000000,START,TEU_151_qc_transfer_qc_01,151,,qc_transfer,2
2024-01-01 11:12:00.000000,STOP,TEU_151_qc_transfer_qc_01,151,,qc_transfer,2
2024-01-01 07:00:00.000000,WAIT_START,TEU_151_qc_load_to_pm_pm_07,151,pm_07,qc_load_to_pm,3
2024-01-01 11:12:00.000000,WAIT_STOP,TEU_151_qc_load_to_pm_pm_07,151,pm_07,qc_load_to_pm,3
2024-01-01 11:12:00.000000,START,TEU_151_qc_load_to_pm_pm_07,151,pm_07,qc_load_to_pm,3
2024-01-01 11:14:00.000000,STOP,TEU_151_qc_load_to_pm_pm_07,151,pm_07,qc_load_to_pm,3
2024-01-01 07:00:00.000000,WAIT_START,TEU_151_qc_travelback_pm_07,151,pm_07,qc_travelback,4
2024-01-01 11:14:00.000000,WAIT_STOP,TEU_151_qc_travelback_pm_07,151,pm_07,qc_travelback,4
2024-01-01 11:14:00.000000,START,TEU_151_qc_travelback_pm_07,151,pm_07,qc_travelback,4
2024-01-01 11:15:00.000000,STOP,TEU_151_qc_travelback_pm_07,151,pm_07,qc_travelback,4
2024-01-01 07:00:00.000000,WAIT_START,TEU_151_pm_travel_to_Yard4_pm_07,151,pm_07,pm_travel_to_yard,5
2024-01-01 11:14:00.000000,WAIT_STOP,TEU_151_pm_travel_to_Yard4_pm_07,151,pm_07,pm_travel_to_yard,5
2024-01-01 11:14:00.000000,START,TEU_151_pm_travel_to_Yard4_pm_07,151,pm_07,pm_travel_to_yard,5
2024-01-01 11:14:49.127167,STOP,TEU_151_pm_travel_to_Yard4_pm_07,151,pm_07,pm_travel_to_yard,5
2024-01-01 07:00:00.000000,WAIT_START,TEU_151_pm_unload_Yard4_pm_07,151,pm_07,pm_unload,6
2024-01-01 11:14:49.127167,WAIT_STOP,TEU_151_pm_unload_Yard4_pm_07,151,pm_07,pm_unload,6
2024-01-01 11:14:49.127167,START,TEU_151_pm_unload_Yard4_pm_07,151,pm_07,pm_unload,6
2024-01-01 11:16:49.127167,STOP,TEU_151_pm_unload_Yard4_pm_07,151,pm_07,pm_unload,6
2024-01-01 07:00:00.000000,WAIT_START,TEU_151_pm_return_pm_07,151,pm_07,pm_return,7
2024-01-01 11:16:49.127167,WAIT_STOP,TEU_151_pm_return_pm_07,151,pm_07,pm_return,7
2024-01-01 11:16:49.127167,START,TEU_151_pm_return_pm_07,151,pm_07,pm_return,7
2024-01-01 11:17:38.254333,STOP,TEU_151_pm_return_pm_07,151,pm_07,pm_return,7
2024-01-01 07:00:00.000000,WAIT_START,TEU_152_qc_pick_qc_02,152,,qc_pick,1
2024-01-01 11:11:00.000000,WAIT_STOP,TEU_152_qc_pick_qc_02,152,,qc_pick,1
2024-01-01 11:11:00.000000,START,TEU_152_qc_pick_qc_02,152,,qc_pick,1
2024-01-01 11:12:00.000000,STOP,TEU_152_qc_pick_qc_02,152,,qc_pick,1
2024-01-01 07:00:00.000000,WAIT_START,TEU_152_qc_transfer_qc_02,152,,qc_transfer,2
2024-01-01 11:12:00.000000,WAIT_STOP,TEU_152_qc_transfer_qc_02,152,,qc_transfer,2
2024-01-01 11:12:00.000000,START,TEU_152_qc_transfer_qc_02,152,,qc_transfer,2
2024-01-01 11:13:00.000000,STOP,TEU_152_qc_transfer_qc_02,152,,qc_transfer,2
2024-01-01 07:00:00.000000,WAIT_START,TEU_152_qc_load_to_pm_pm_08,152,pm_08,qc_load_to_pm,3
2024-01-01 11:13:00.000000,WAIT_STOP,TEU_152_qc_load_to_pm_pm_08,152,pm_08,qc_load_to_pm,3
2024-01-01 11:13:00.000000,START,TEU_152_qc_load_to_pm_pm_08,152,pm_08,qc_load_to_pm,3
2024-01-01 11:15:00.000000,STOP,TEU_152_qc_load_to_pm_pm_08,152,pm_08,qc_load_to_pm,3
2024-01-01 07:00:00.000000,WAIT_START,TEU_152_qc_travelback_pm_08,152,pm_08,qc_travelback,4
2024-01-01 11:15:00.000000,WAIT_STOP,TEU_152_qc_travelback_pm_08,152,pm_08,qc_travelback,4
2024-01-01 11:15:00.000000,START,TEU_152_qc_travelback_pm_08,152,pm_08,qc_travelback,4
2024-01-01 11:16:00.000000,STOP,TEU_152_qc_travelback_pm_08,152,pm_08,qc_travelback,4
2024-01-01 07:00:00.000000,WAIT_START,TEU_152_pm_travel_to_Yard4_pm_08,152,pm_08,pm_travel_to_yard,5
2024-01-01 11:15:00.000000,WAIT_STOP,TEU_152_pm_travel_to_Yard4_pm_08,152,pm_08,pm_travel_to_yard,5
2024-01-01 11:15:00.000000,START,TEU_152_pm_travel_to_Yard4_pm_08,152,pm_08,pm_travel_to_yard,5
2024-01-01 11:15:49.127167,STOP,TEU_152_pm_travel_to_Yard4_pm_08,152,pm_08,pm_travel_to_yard,5
2024-01-01 07:00:00.000000,WAIT_START,TEU_152_pm_unload_Yard4_pm_08,152,pm_08,pm_unload,6
2024-01-01 11:15:49.127167,WAIT_STOP,TEU_152_pm_unload_Yard4_pm_08,152,pm_08,pm_unload,6
2024-01-01 11:16:49.127167,START,TEU_152_pm_unload_Yard4_pm_08,152,pm_08,pm_unload,6
2024-01-01 11:18:49.127167,STOP,TEU_152_pm_unload_Yard4_pm_08,152,pm_08,pm_unload,6
2024-01-01 07:00:00.000000,WAIT_START,TEU_152_pm_return_pm_08,152,pm_08,pm_return,7
2024-01-01 11:18:49.127167,WAIT_STOP,TEU_152_pm_return_pm_08,152,pm_08,pm_return,7
2024-01-01 11:18:49.127167,START,TEU_152_pm_return_pm_08,152,pm_08,pm_return,7
2024-01-01 11:19:38.254333,STOP,TEU_152_pm_return_pm_08,152,pm_08,pm_return,7
2024-01-01 07:00:00.000000,WAIT_START,TEU_153_qc_pick_qc_03,153,,qc_pick,1
2024-01-01 11:12:00.000000,WAIT_STOP,TEU_153_qc_pick_qc_03,153,,qc_pick,1
2024-01-01 11:12:00.000000,START,TEU_153_qc_pick_qc_03,153,,qc_pick,1
2024-01-01 11:13:00.000000,STOP,TEU_153_qc_pick_qc_03,153,,qc_pick,1
2024-01-01 07:00:00.000000,WAIT_START,TEU_153_qc_transfer_qc_03,153,,qc_transfer,2
2024-01-01 11:13:00.000000,WAIT_STOP,TEU_153_qc_transfer_qc_03,153,,qc_transfer,2
2024-01-01 11:13:00.000000,START,TEU_153_qc_transfer_qc_03,153,,qc_transfer,2
2024-01-01 11:14:00.000000,STOP,TEU_153_qc_transfer_qc_03,153,,qc_transfer,2
2024-01-01 07:00:00.000000,WAIT_START,TEU_153_qc_load_to_pm_pm_09,153,pm_09,qc_load_to_pm,3
2024-01-01 11:14:00.000000,WAIT_STOP,TEU_153_qc_load_to_pm_pm_09,153,pm_09,qc_load_to_pm,3
2024-01-01 11:14:00.000000,START,TEU_153_qc_load_to_pm_pm_09,153,pm_09,qc_load_to_pm,3
2024-01-01 11:16:00.000000,STOP,TEU_153_qc_load_to_pm_pm_09,153,pm_09,qc_load_to_pm,3
2024-01-01 07:00:00.000000,WAIT_START,TEU_153_qc_travelback_pm_09,153,pm_09,qc_travelback,4
2024-01-01 11:16:00.000000,WAIT_STOP,TEU_153_qc_travelback_pm_09,153,pm_09,qc_travelback,4
2024-01-01 11:16:00.000000,START,TEU_153_qc_travelback_pm_09,153,pm_09,qc_travelback,4
2024-01-01 11:17:00.000000,STOP,TEU_153_qc_travelback_pm_09,153,pm_09,qc_travelback,4
2024-01-01 07:00:00.000000,WAIT_START,TEU_153_pm_travel_to_Yard4_pm_09,153,pm_09,pm_travel_to_yard,5
2024-01-01 11:16:00.000000,WAIT_STOP,TEU_153_pm_travel_to_Yard4_pm_09,153,pm_09,pm_travel_to_yard,5
2024-01-01 11:16:00.000000,START,TEU_153_pm_travel_to_Yard4_pm_09,153,pm_09,pm_travel_to_yard,5
2024-01-01 11:16:49.127167,STOP,TEU_153_pm_travel_to_Yard4_pm_09,153,pm_09,pm_travel_to_yard,5
2024-01-01 07:00:00.000000,WAIT_START,TEU_153_pm_unload_Yard4_pm_09,153,pm_09,pm_unload,6
2024-01-01 11:16:49.127167,WAIT_STOP,TEU_153_pm_unload_Yard4_pm_09,153,pm_09,pm_unload,6
2024-01-01 11:18:49.127167,START,TEU_153_pm_unload_Yard4_pm_09,153,pm_09,pm_unload,6
2024-01-01 11:20:49.127167,STOP,TEU_153_pm_unload_Yard4_pm_09,153,pm_09,pm_unload,6
2024-01-01 07:00:00.000000,WAIT_START,TEU_153_pm_return_pm_09,153,pm_09,pm_return,7
2024-01-01 11:20:49.127167,WAIT_STOP,TEU_153_pm_return_pm_09,153,pm_09,pm_return,7
2024-01-01 11:20:49.127167,START,TEU_153_pm_return_pm_09,153,pm_09,pm_return,7
2024-01-01 11:21:38.254333,STOP,TEU_153_pm_return_pm_09,153,pm_09,pm_return,7
2024-01-01 07:00:00.000000,WAIT_START,TEU_154_qc_pick_qc_01,154,,qc_pick,1
2024-01-01 11:15:00.000000,WAIT_STOP,TEU_154_qc_pick_qc_01,154,,qc_pick,1
2024-01-01 11:15:00.000000,START,TEU_154_qc_pick_qc_01,154,,qc_pick,1
2024-01-01 11:16:00.000000,STOP,TEU_154_qc_pick_qc_01,154,,qc_pick,1
2024-01-01 07:00:00.000000,WAIT_START,TEU_154_qc_transfer_qc_01,154,,qc_transfer,2
2024-01-01 11:16:00.000000,WAIT_STOP,TEU_154_qc_transfer_qc_01,154,,qc_transfer,2
2024-01-01 11:16:00.000000,START,TEU_154_qc_transfer_qc_01,154,,qc_transfer,2
2024-01-01 11:17:00.000000,STOP,TEU_154_qc_transfer_qc_01,154,,qc_transfer,2
2024-01-01 07:00:00.000000,WAIT_START,TEU_154_qc_load_to_pm_pm_01,154,pm_01,qc_load_to_pm,3
2024-01-01 11:17:00.000000,WAIT_STOP,TEU_154_qc_load_to_pm_pm_01,154,pm_01,qc_load_to_pm,3
2024-01-01 11:17:00.000000,START,TEU_154_qc_load_to_pm_pm_01,154,pm_01,qc_load_to_pm,3
2024-01-01 11:19:00.000000,STOP,TEU_154_qc_load_to_pm_pm_01,154,pm_01,qc_load_to_pm,3
2024-01-01 07:00:00.000000,WAIT_START,TEU_154_qc_travelback_pm_01,154,pm_01,qc_travelback,4
2024-01-01 11:19:00.000000,WAIT_STOP,TEU_154_qc_travelback_pm_01,154,pm_01,qc_travelback,4
2024-01-01 11:19:00.000000,START,TEU_154_qc_travelback_pm_01,154,pm_01,qc_travelback,4
2024-01-01 11:20:00.000000,STOP,TEU_154_qc_travelback_pm_01,154,pm_01,qc_travelback,4
2024-01-01 07:00:00.000000,WAIT_START,TEU_154_pm_travel_to_Yard1_pm_01,154,pm_01,pm_travel_to_yard,5
2024-01-01 11:19:00.000000,WAIT_STOP,TEU_154_pm_travel_to_Yard1_pm_01,154,pm_01,pm_travel_to_yard,5
2024-01-01 11:19:00.000000,START,TEU_154_pm_travel_to_Yard1_pm_01,154,pm_01,pm_travel_to_yard,5
2024-01-01 11:19:12.281792,STOP,TEU_154_pm_travel_to_Yard1_pm_01,154,pm_01,pm_travel_to_yard,5
2024-01-01 07:00:00.000000,WAIT_START,TEU_154_pm_unload_Yard1_pm_01,154,pm_01,pm_unload,6
2024-01-01 11:19:12.281792,WAIT_STOP,TEU_154_pm_unload_Yard1_pm_01,154,pm_01,pm_unload,6
2024-01-01 11:19:12.281792,START,TEU_154_pm_unload_Yard1_pm_01,154,pm_01,pm_unload,6
2024-01-01 11:21:12.281792,STOP,TEU_154_pm_unload_Yard1_pm_01,154,pm_01,pm_unload,6
2024-01-01 07:00:00.000000,WAIT_START,TEU_154_pm_return_pm_01,154,pm_01,pm_return,7
2024-01-01 11:21:12.281792,WAIT_STOP,TEU_154_pm_return_pm_01,154,pm_01,pm_return,7
2024-01-01 11:21:12.281792,START,TEU_154_pm_return_pm_01,154,pm_01,pm_return,7
2024-01-01 11:21:24.563583,STOP,TEU_154_pm_return_pm_01,154,pm_01,pm_return,7
2024-01-01 07:00:00.000000,WAIT_START,TEU_155_qc_pick_qc_02,155,,qc_pick,1
2024-01-01 11:16:00.000000,WAIT_STOP,TEU_155_qc_pick_qc_02,155,,qc_pick,1
2024-01-01 11:16:00.000000,START,TEU_155_qc_pick_qc_02,155,,qc_pick,1
2024-01-01 11:17:00.000000,STOP,TEU_155_qc_pick_qc_02,155,,qc_pick,1
2024-01-01 07:00:00.000000,WAIT_START,TEU_155_qc_transfer_qc_02,155,,qc_transfer,2
2024-01-01 11:17:00.000000,WAIT_STOP,TEU_155_qc_transfer_qc_02,155,,qc_transfer,2
2024-01-01 11:17:00.000000,START,TEU_155_qc_transfer_qc_02,155,,qc_transfer,2
2024-01-01 11:18:00.000000,STOP,TEU_155_qc_transfer_qc_02,155,,qc_transfer,2
2024-01-01 07:00:00.000000,WAIT_START,TEU_155_qc_load_to_pm_pm_02,155,pm_02,qc_load_to_pm,3
2024-01-01 11:18:00.000000,WAIT_STOP,TEU_155_qc_load_to_pm_pm_02,155,pm_02,qc_load_to_pm,3
2024-01-01 11:18:00.000000,START,TEU_155_qc_load_to_pm_pm_02,155,pm_02,qc_load_to_pm,3
2024-01-01 11:20:00.000000,STOP,TEU_155_qc_load_to_pm_pm_02,155,pm_02,qc_load_to_pm,3
2024-01-01 07:00:00.000000,WAIT_START,TEU_155_qc_travelback_pm_02,155,pm_02,qc_travelback,4
2024-01-01 11:20:00.000000,WAIT_STOP,TEU_155_qc_travelback_pm_02,155,pm_02,qc_travelback,4
2024-01-01 11:20:00.000000,START,TEU_155_qc_travelback_pm_02,155,pm_02,qc_travelback,4
2024-01-01 11:21:00.000000,STOP,TEU_155_qc_travelback_pm_02,155,pm_02,qc_travelback,4
2024-01-01 07:00:00.000000,WAIT_START,TEU_155_pm_travel_to_Yard4_pm_02,155,pm_02,pm_travel_to_yard,5
2024-01-01 11:20:00.000000,WAIT_STOP,TEU_155_pm_travel_to_Yard4_pm_02,155,pm_02,pm_travel_to_yard,5
2024-01-01 11:20:00.000000,START,TEU_155_pm_travel_to_Yard4_pm_02,155,pm_02,pm_travel_to_yard,5
2024-01-01 11:20:49.127167,STOP,TEU_155_pm_travel_to_Yard4_pm_02,155,pm_02,pm_travel_to_yard,5
2024-01-01 07:00:00.000000,WAIT_START,TEU_155_pm_unload_Yard4_pm_02,155,pm_02,pm_unload,6
2024-01-01 11:20:49.127167,WAIT_STOP,TEU_155_pm_unload_Yard4_pm_02,155,pm_02,pm_unload,6
2024-01-01 11:20:49.127167,START,TEU_155_pm_unload_Yard4_pm_02,155,pm_02,pm_unload,6
2024-01-01 11:22:49.127167,STOP,TEU_155_pm_unload_Yard4_pm_02,155,pm_02,pm_unload,6
2024-01-01 07:00:00.000000,WAIT_START,TEU_155_pm_return_pm_02,155,pm_02,pm_return,7
2024-01-01 11:22:49.127167,WAIT_STOP,TEU_155_pm_return_pm_02,155,pm_02,pm_return,7
2024-01-01 11:22:49.127167,START,TEU_155_pm_return_pm_02,155,pm_02,pm_return,7
2024-01-01 11:23:38.254333,STOP,TEU_155_pm_return_pm_02,155,pm_02,pm_return,7
2024-01-01 07:00:00.000000,WAIT_START,TEU_156_qc_pick_qc_03,156,,qc_pick,1
2024-01-01 11:17:00.000000,WAIT_STOP,TEU_156_qc_pick_qc_03,156,,qc_pick,1
2024-01-01 11:17:00.000000,START,TEU_156_qc_pick_qc_03,156,,qc_pick,1
2024-01-01 11:18:00.000000,STOP,TEU_156_qc_pick_qc_03,156,,qc_pick,1
2024-01-01 07:00:00.000000,WAIT_START,TEU_156_qc_transfer_qc_03,156,,qc_transfer,2
2024-01-01 11:18:00.000000,WAIT_STOP,TEU_156_qc_transfer_qc_03,156,,qc_transfer,2
2024-01-01 11:18:00.000000,START,TEU_156_qc_transfer_qc_03,156,,qc_transfer,2
2024-01-01 11:19:00.000000,STOP,TEU_156_qc_transfer_qc_03,156,,qc_transfer,2
2024-01-01 07:00:00.000000,WAIT_START,TEU_156_qc_load_to_pm_pm_03,156,pm_03,qc_load_to_pm,3
2024-01-01 11:19:00.000000,WAIT_STOP,TEU_156_qc_load_to_pm_pm_03,156,pm_03,qc_load_to_pm,3
2024-01-01 11:19:00.000000,START,TEU_156_qc_load_to_pm_pm_03,156,pm_03,qc_load_to_pm,3
2024-01-01 11:21:00.000000,STOP,TEU_156_qc_load_to_pm_pm_03,156,pm_03,qc_load_to_pm,3
2024-01-01 07:00:00.000000,WAIT_START,TEU_156_qc_travelback_pm_03,156,pm_03,qc_travelback,4
2024-01-01 11:21:00.000000,WAIT_STOP,TEU_156_qc_travelback_pm_03,156,pm_03,qc_travelback,4
2024-01-01 11:21:00.000000,START,TEU_156_qc_travelback_pm_03,156,pm_03,qc_travelback,4
2024-01-01 11:22:00.000000,STOP,TEU_156_qc_travelback_pm_03,156,pm_03,qc_travelback,4
2024-01-01 07:00:00.000000,WAIT_START,TEU_156_pm_travel_to_Yard1_pm_03,156,pm_03,pm_travel_to_yard,5
2024-01-01 11:21:00.000000,WAIT_STOP,TEU_156_pm_travel_to_Yard1_pm_03,156,pm_03,pm_travel_to_yard,5
2024-01-01 11:21:00.000000,START,TEU_156_pm_travel_to_Yard1_pm_03,156,pm_03,pm_travel_to_yard,5
2024-01-01 11:21:12.281792,STOP,TEU_156_pm_travel_to_Yard1_pm_03,156,pm_03,pm_travel_to_yard,5
2024-01-01 07:00:00.000000,WAIT_START,TEU_156_pm_unload_Yard1_pm_03,156,pm_03,pm_unload,6
2024-01-01 11:21:12.281792,WAIT_STOP,TEU_156_pm_unload_Yard1_pm_03,156,pm_03,pm_unload,6
2024-01-01 11:21:12.281792,START,TEU_156_pm_unload_Yard1_pm_03,156,pm_03,pm_unload,6
2024-01-01 11:23:12.281792,STOP,TEU_156_pm_unload_Yard1_pm_03,156,pm_03,pm_unload,6
2024-01-01 07:00:00.000000,WAIT_START,TEU_156_pm_return_pm_03,156,pm_03,pm_return,7
2024-01-01 11:23:12.281792,WAIT_STOP,TEU_156_pm_return_pm_03,156,pm_03,pm_return,7
2024-01-01 11:23:12.281792,START,TEU_156_pm_return_pm_03,156,pm_03,pm_return,7
2024-01-01 11:23:24.563583,STOP,TEU_156_pm_return_pm_03,156,pm_03,pm_return,7
2024-01-01 07:00:00.000000,WAIT_START,TEU_157_qc_pick_qc_01,157,,qc_pick,1
2024-01-01 11:20:00.000000,WAIT_STOP,TEU_157_qc_pick_qc_01,157,,qc_pick,1
2024-01-01 11:20:00.000000,START,TEU_157_qc_pick_qc_01,157,,qc_pick,1
2024-01-01 11:21:00.000000,STOP,TEU_157_qc_pick_qc_01,157,,qc_pick,1
2024-01-01 07:00:00.000000,WAIT_START,TEU_157_qc_transfer_qc_01,157,,qc_transfer,2
2024-01-01 11:21:00.000000,WAIT_STOP,TEU_157_qc_transfer_qc_01,157,,qc_transfer,2
2024-01-01 11:21:00.000000,START,TEU_157_qc_transfer_qc_01,157,,qc_transfer,2
2024-01-01 11:22:00.000000,STOP,TEU_157_qc_transfer_qc_01,157,,qc_transfer,2
2024-01-01 07:00:00.000000,WAIT_START,TEU_157_qc_load_to_pm_pm_04,157,pm_04,qc_load_to_pm,3
2024-01-01 11:22:00.000000,WAIT_STOP,TEU_157_qc_load_to_pm_pm_04,157,pm_04,qc_load_to_pm,3
2024-01-01 11:22:00.000000,START,TEU_157_qc_load_to_pm_pm_04,157,pm_04,qc_load_to_pm,3
2024-01-01 11:24:00.000000,STOP,TEU_157_qc_load_to_pm_pm_04,157,pm_04,qc_load_to_pm,3
2024-01-01 07:00:00.000000,WAIT_START,TEU_157_qc_travelback_pm_04,157,pm_04,qc_travelback,4
2024-01-01 11:24:00.000000,WAIT_STOP,TEU_157_qc_travelback_pm_04,157,pm_04,qc_travelback,4
2024-01-01 11:24:00.000000,START,TEU_157_qc_travelback_pm_04,157,pm_04,qc_travelback,4
2024-01-01 11:25:00.000000,STOP,TEU_157_qc_travelback_pm_04,157,pm_04,qc_travelback,4
2024-01-01 07:00:00.000000,WAIT_START,TEU_157_pm_travel_to_Yard1_pm_04,157,pm_04,pm_travel_to_yard,5
2024-01-01 11:24:00.000000,WAIT_STOP,TEU_157_pm_travel_to_Yard1_pm_04,157,pm_04,pm_travel_to_yard,5
2024-01-01 11:24:00.000000,START,TEU_157_pm_travel_to_Yard1_pm_04,157,pm_04,pm_travel_to_yard,5
2024-01-01 11:24:12.281792,STOP,TEU_157_pm_travel_to_Yard1_pm_04,157,pm_04,pm_travel_to_yard,5
2024-01-01 07:00:00.000000,WAIT_START,TEU_157_pm_unload_Yard1_pm_04,157,pm_04,pm_unload,6
2024-01-01 11:24:12.281792,WAIT_STOP,TEU_157_pm_unload_Yard1_pm_04,157,pm_04,pm_unload,6
2024-01-01 11:24:12.281792,START,TEU_157_pm_unload_Yard1_pm_04,157,pm_04,pm_unload,6
2024-01-01 11:26:12.281792,STOP,TEU_157_pm_unload_Yard1_pm_04,157,pm_04,pm_unload,6
2024-01-01 07:00:00.000000,WAIT_START,TEU_157_pm_return_pm_04,157,pm_04,pm_return,7
2024-01-01 11:26:12.281792,WAIT_STOP,TEU_157_pm_return_pm_04,157,pm_04,pm_return,7
2024-01-01 11:26:12.281792,START,TEU_157_pm_return_pm_04,157,pm_04,pm_return,7
2024-01-01 11:26:24.563583,STOP,TEU_157_pm_return_pm_04,157,pm_04,pm_return,7
2024-01-01 07:00:00.000000,WAIT_START,TEU_158_qc_pick_qc_02,158,,qc_pick,1
2024-01-01 11:21:00.000000,WAIT_STOP,TEU_158_qc_pick_qc_02,158,,qc_pick,1
2024-01-01 11:21:00.000000,START,TEU_158_qc_pick_qc_02,158,,qc_pick,1
2024-01-01 11:22:00.000000,STOP,TEU_158_qc_pick_qc_02,158,,qc_pick,1
2024-01-01 07:00:00.000000,WAIT_START,TEU_158_qc_transfer_qc_02,158,,qc_transfer,2
2024-01-01 11:22:00.000000,WAIT_STOP,TEU_158_qc_transfer_qc_02,158,,qc_transfer,2
2024-01-01 11:22:00.000000,START,TEU_158_qc_transfer_qc_02,158,,qc_transfer,2
2024-01-01 11:23:00.000000,STOP,TEU_158_qc_transfer_qc_02,158,,qc_transfer,2
2024-01-01 07:00:00.000000,WAIT_START,TEU_158_qc_load_to_pm_pm_05,158,pm_05,qc_load_to_pm,3
2024-01-01 11:23:00.000000,WAIT_STOP,TEU_158_qc_load_to_pm_pm_05,158,pm_05,qc_load_to_pm,3
2024-01-01 11:23:00.000000,START,TEU_158_qc_load_to_pm_pm_05,158,pm_05,qc_load_to_pm,3
2024-01-01 11:25:00.000000,STOP,TEU_158_qc_load_to_pm_pm_05,158,pm_05,qc_load_to_pm,3
2024-01-01 07:00:00.000000,WAIT_START,TEU_158_qc_travelback_pm_05,158,pm_05,qc_travelback,4
2024-01-01 11:25:00.000000,WAIT_STOP,TEU_158_qc_travelback_pm_05,158,pm_05,qc_travelback,4
2024-01-01 11:25:00.000000,START,TEU_158_qc_travelback_pm_05,158,pm_05,qc_travelback,4
2024-01-01 11:26:00.000000,STOP,TEU_158_qc_travelback_pm_05,158,pm_05,qc_travelback,4
2024-01-01 07:00:00.000000,WAIT_START,TEU_158_pm_travel_to_Yard1_pm_05,158,pm_05,pm_travel_to_yard,5
2024-01-01 11:25:00.000000,WAIT_STOP,TEU_158_pm_travel_to_Yard1_pm_05,158,pm_05,pm_travel_to_yard,5
2024-01-01 11:25:00.000000,START,TEU_158_pm_travel_to_Yard1_pm_05,158,pm_05,pm_travel_to_yard,5
2024-01-01 11:25:12.281792,STOP,TEU_158_pm_travel_to_Yard1_pm_05,158,pm_05,pm_travel_to_yard,5
2024-01-01 07:00:00.000000,WAIT_START,TEU_158_pm_unload_Yard1_pm_05,158,pm_05,pm_unload,6
2024-01-01 11:25:12.281792,WAIT_STOP,TEU_158_pm_unload_Yard1_pm_05,158,pm_05,pm_unload,6
2024-01-01 11:26:12.281792,START,TEU_158_pm_unload_Yard1_pm_05,158,pm_05,pm_unload,6
2024-01-01 11:28:12.281792,STOP,TEU_158_pm_unload_Yard1_pm_05,158,pm_05,pm_unload,6
2024-01-01 07:00:00.000000,WAIT_START,TEU_158_pm_return_pm_05,158,pm_05,pm_return,7
2024-01-01 11:28:12.281792,WAIT_STOP,TEU_158_pm_return_pm_05,158,pm_05,pm_return,7
2024-01-01 11:28:12.281792,START,TEU_158_pm_return_pm_05,158,pm_05,pm_return,7
2024-01-01 11:28:24.563583,STOP,TEU_158_pm_return_pm_05,158,pm_05,pm_return,7
2024-01-01 07:00:00.000000,WAIT_START,TEU_159_qc_pick_qc_03,159,,qc_pick,1
2024-01-01 11:22:00.000000,WAIT_STOP,TEU_159_qc_pick_qc_03,159,,qc_pick,1
2024-01-01 11:22:00.000000,START,TEU_159_qc_pick_qc_03,159,,qc_pick,1
2024-01-01 11:23:00.000000,STOP,TEU_159_qc_pick_qc_03,159,,qc_pick,1
2024-01-01 07:00:00.000000,WAIT_START,TEU_159_qc_transfer_qc_03,159,,qc_transfer,2
2024-01-01 11:23:00.000000,WAIT_STOP,TEU_159_qc_transfer_qc_03,159,,qc_transfer,2
2024-01-01 11:23:00.000000,START,TEU_159_qc_transfer_qc_03,159,,qc_transfer,2
2024-01-01 11:24:00.000000,STOP,TEU_159_qc_transfer_qc_03,159,,qc_transfer,2
2024-01-01 07:00:00.000000,WAIT_START,TEU_159_qc_load_to_pm_pm_06,159,pm_06,qc_load_to_pm,3
2024-01-01 11:24:00.000000,WAIT_STOP,TEU_159_qc_load_to_pm_pm_06,159,pm_06,qc_load_to_pm,3
2024-01-01 11:24:00.000000,START,TEU_159_qc_load_to_pm_pm_06,159,pm_06,qc_load_to_pm,3
2024-01-01 11:26:00.000000,STOP,TEU_159_qc_load_to_pm_pm_06,159,pm_06,qc_load_to_pm,3
2024-01-01 07:00:00.000000,WAIT_START,TEU_159_qc_travelback_pm_06,159,pm_06,qc_travelback,4
2024-01-01 11:26:00.000000,WAIT_STOP,TEU_159_qc_travelback_pm_06,159,pm_06,qc_travelback,4
2024-01-01 11:26:00.000000,START,TEU_159_qc_travelback_pm_06,159,pm_06,qc_travelback,4
2024-01-01 11:27:00.000000,STOP,TEU_159_qc_travelback_pm_06,159,pm_06,qc_travelback,4
2024-01-01 07:00:00.000000,WAIT_START,TEU_159_pm_travel_to_Yard4_pm_06,159,pm_06,pm_travel_to_yard,5
2024-01-01 11:26:00.000000,WAIT_STOP,TEU_159_pm_travel_to_Yard4_pm_06,159,pm_06,pm_travel_to_yard,5
2024-01-01 11:26:00.000000,START,TEU_159_pm_travel_to_Yard4_pm_06,159,pm_06,pm_travel_to_yard,5
2024-01-01 11:26:49.127167,STOP,TEU_159_pm_travel_to_Yard4_pm_06,159,pm_06,pm_travel_to_yard,5
2024-01-01 07:00:00.000000,WAIT_START,TEU_159_pm_unload_Yard4_pm_06,159,pm_06,pm_unload,6
2024-01-01 11:26:49.127167,WAIT_STOP,TEU_159_pm_unload_Yard4_pm_06,159,pm_06,pm_unload,6
2024-01-01 11:26:49.127167,START,TEU_159_pm_unload_Yard4_pm_06,159,pm_06,pm_unload,6
2024-01-01 11:28:49.127167,STOP,TEU_159_pm_unload_Yard4_pm_06,159,pm_06,pm_unload,6
2024-01-01 07:00:00.000000,WAIT_START,TEU_159_pm_return_pm_06,159,pm_06,pm_return,7
2024-01-01 11:28:49.127167,WAIT_STOP,TEU_159_pm_return_pm_06,159,pm_06,pm_return,7
2024-01-01 11:28:49.127167,START,TEU_159_pm_return_pm_06,159,pm_06,pm_return,7
2024-01-01 11:29:38.254333,STOP,TEU_159_pm_return_pm_06,159,pm_06,pm_return,7
2024-01-01 07:00:00.000000,WAIT_START,TEU_160_qc_pick_qc_01,160,,qc_pick,1
2024-01-01 11:25:00.000000,WAIT_STOP,TEU_160_qc_pick_qc_01,160,,qc_pick,1
2024-01-01 11:25:00.000000,START,TEU_160_qc_pick_qc_01,160,,qc_pick,1
2024-01-01 11:26:00.000000,STOP,TEU_160_qc_pick_qc_01,160,,qc_pick,1
2024-01-01 07:00:00.000000,WAIT_START,TEU_160_qc_transfer_qc_01,160,,qc_transfer,2
2024-01-01 11:26:00.000000,WAIT_STOP,TEU_160_qc_transfer_qc_01,160,,qc_transfer,2
2024-01-01 11:26:00.000000,START,TEU_160_qc_transfer_qc_01,160,,qc_transfer,2
2024-01-01 11:27:00.000000,STOP,TEU_160_qc_transfer_qc_01,160,,qc_transfer,2
2024-01-01 07:00:00.000000,WAIT_START,TEU_160_qc_load_to_pm_pm_07,160,pm_07,qc_load_to_pm,3
2024-01-01 11:27:00.000000,WAIT_STOP,TEU_160_qc_load_to_pm_pm_07,160,pm_07,qc_load_to_pm,3
2024-01-01 11:27:00.000000,START,TEU_160_qc_load_to_pm_pm_07,160,pm_07,qc_load_to_pm,3
2024-01-01 11:29:00.000000,STOP,TEU_160_qc_load_to_pm_pm_07,160,pm_07,qc_load_to_pm,3
2024-01-01 07:00:00.000000,WAIT_START,TEU_160_qc_travelback_pm_07,160,pm_07,qc_travelback,4
2024-01-01 11:29:00.000000,WAIT_STOP,TEU_160_qc_travelback_pm_07,160,pm_07,qc_travelback,4
2024-01-01 11:29:00.000000,START,TEU_160_qc_travelback_pm_07,160,pm_07,qc_travelback,4
2024-01-01 11:30:00.000000,STOP,TEU_160_qc_travelback_pm_07,160,pm_07,qc_travelback,4
2024-01-01 07:00:00.000000,WAIT_START,TEU_160_pm_travel_to_Yard1_pm_07,160,pm_07,pm_travel_to_yard,5
2024-01-01 11:29:00.000000,WAIT_STOP,TEU_160_pm_travel_to_Yard1_pm_07,160,pm_07,pm_travel_to_yard,5
2024-01-01 11:29:00.000000,START,TEU_160_pm_travel_to_Yard1_pm_07,160,pm_07,pm_travel_to_yard,5
2024-01-01 11:29:12.281792,STOP,TEU_160_pm_travel_to_Yard1_pm_07,160,pm_07,pm_travel_to_yard,5
2024-01-01 07:00:00.000000,WAIT_START,TEU_160_pm_unload_Yard1_pm_07,160,pm_07,pm_unload,6
2024-01-01 11:29:12.281792,WAIT_STOP,TEU_160_pm_unload_Yard1_pm_07,160,pm_07,pm_unload,6
2024-01-01 11:29:12.281792,START,TEU_160_pm_unload_Yard1_pm_07,160,pm_07,pm_unload,6
2024-01-01 11:31:12.281792,STOP,TEU_160_pm_unload_Yard1_pm_07,160,pm_07,pm_unload,6
2024-01-01 07:00:00.000000,WAIT_START,TEU_160_pm_return_pm_07,160,pm_07,pm_return,7
2024-01-01 11:31:12.281792,WAIT_STOP,TEU_160_pm_return_pm_07,160,pm_07,pm_return,7
2024-01-01 11:31:12.281792,START,TEU_160_pm_return_pm_07,160,pm_07,pm_return,7
2024-01-01 11:31:24.563583,STOP,TEU_160_pm_return_pm_07,160,pm_07,pm_return,7
2024-01-01 07:00:00.000000,WAIT_START,TEU_161_qc_pick_qc_02,161,,qc_pick,1
2024-01-01 11:26:00.000000,WAIT_STOP,TEU_161_qc_pick_qc_02,161,,qc_pick,1
2024-01-01 11:26:00.000000,START,TEU_161_qc_pick_qc_02,161,,qc_pick,1
2024-01-01 11:27:00.000000,STOP,TEU_161_qc_pick_qc_02,161,,qc_pick,1
2024-01-01 07:00:00.000000,WAIT_START,TEU_161_qc_transfer_qc_02,161,,qc_transfer,2
2024-01-01 11:27:00.000000,WAIT_STOP,TEU_161_qc_transfer_qc_02,161,,qc_transfer,2
2024-01-01 11:27:00.000000,START,TEU_161_qc_transfer_qc_02,161,,qc_transfer,2
2024-01-01 11:28:00.000000,STOP,TEU_161_qc_transfer_qc_02,161,,qc_transfer,2
2024-01-01 07:00:00.000000,WAIT_START,TEU_161_qc_load_to_pm_pm_08,161,pm_08,qc_load_to_pm,3
2024-01-01 11:28:00.000000,WAIT_STOP,TEU_161_qc_load_to_pm_pm_08,161,pm_08,qc_load_to_pm,3
2024-01-01 11:28:00.000000,START,TEU_161_qc_load_to_pm_pm_08,161,pm_08,qc_load_to_pm,3
2024-01-01 11:30:00.000000,STOP,TEU_161_qc_load_to_pm_pm_08,161,pm_08,qc_load_to_pm,3
2024-01-01 07:00:00.000000,WAIT_START,TEU_161_qc_travelback_pm_08,161,pm_08,qc_travelback,4
2024-01-01 11:30:00.000000,WAIT_STOP,TEU_161_qc_travelback_pm_08,161,pm_08,qc_travelback,4
2024-01-01 11:30:00.000000,START,TEU_161_qc_travelback_pm_08,161,pm_08,qc_travelback,4
2024-01-01 11:31:00.000000,STOP,TEU_161_qc_travelback_pm_08,161,pm_08,qc_travelback,4
2024-01-01 07:00:00.000000,WAIT_START,TEU_161_pm_travel_to_Yard1_pm_08,161,pm_08,pm_travel_to_yard,5
2024-01-01 11:30:00.000000,WAIT_STOP,TEU_161_pm_travel_to_Yard1_pm_08,161,pm_08,pm_travel_to_yard,5
2024-01-01 11:30:00.000000,START,TEU_161_pm_travel_to_Yard1_pm_08,161,pm_08,pm_travel_to_yard,5
2024-01-01 11:30:12.281792,STOP,TEU_161_pm_travel_to_Yard1_pm_08,161,pm_08,pm_travel_to_yard,5
2024-01-01 07:00:00.000000,WAIT_START,TEU_161_pm_unload_Yard1_pm_08,161,pm_08,pm_unload,6
2024-01-01 11:30:12.281792,WAIT_STOP,TEU_161_pm_unload_Yard1_pm_08,161,pm_08,pm_unload,6
2024-01-01 11:31:12.281792,START,TEU_161_pm_unload_Yard1_pm_08,161,pm_08,pm_unload,6
2024-01-01 11:33:12.281792,STOP,TEU_161_pm_unload_Yard1_pm_08,161,pm_08,pm_unload,6
2024-01-01 07:00:00.000000,WAIT_START,TEU_161_pm_return_pm_08,161,pm_08,pm_return,7
2024-01-01 11:33:12.281792,WAIT_STOP,TEU_161_pm_return_pm_08,161,pm_08,pm_return,7
2024-01-01 11:33:12.281792,START,TEU_161_pm_return_pm_08,161,pm_08,pm_return,7
2024-01-01 11:33:24.563583,STOP,TEU_161_pm_return_pm_08,161,pm_08,pm_return,7
2024-01-01 07:00:00.000000,WAIT_START,TEU_162_qc_pick_qc_03,162,,qc_pick,1
2024-01-01 11:27:00.000000,WAIT_STOP,TEU_162_qc_pick_qc_03,162,,qc_pick,1
2024-01-01 11:27:00.000000,START,TEU_162_qc_pick_qc_03,162,,qc_pick,1
2024-01-01 11:28:00.000000,STOP,TEU_162_qc_pick_qc_03,162,,qc_pick,1
2024-01-01 07:00:00.000000,WAIT_START,TEU_162_qc_transfer_qc_03,162,,qc_transfer,2
2024-01-01 11:28:00.000000,WAIT_STOP,TEU_162_qc_transfer_qc_03,162,,qc_transfer,2
2024-01-01 11:28:00.000000,START,TEU_162_qc_transfer_qc_03,162,,qc_transfer,2
2024-01-01 11:29:00.000000,STOP,TEU_162_qc_transfer_qc_03,162,,qc_transfer,2
2024-01-01 07:00:00.000000,WAIT_START,TEU_162_qc_load_to_pm_pm_09,162,pm_09,qc_load_to_pm,3
2024-01-01 11:29:00.000000,WAIT_STOP,TEU_162_qc_load_to_pm_pm_09,162,pm_09,qc_load_to_pm,3
2024-01-01 11:29:00.000000,START,TEU_162_qc_load_to_pm_pm_09,162,pm_09,qc_load_to_pm,3
2024-01-01 11:31:00.000000,STOP,TEU_162_qc_load_to_pm_pm_09,162,pm_09,qc_load_to_pm,3
2024-01-01 07:00:00.000000,WAIT_START,TEU_162_qc_travelback_pm_09,162,pm_09,qc_travelback,4
2024-01-01 11:31:00.000000,WAIT_STOP,TEU_162_qc_travelback_pm_09,162,pm_09,qc_travelback,4
2024-01-01 11:31:00.000000,START,TEU_162_qc_travelback_pm_09,162,pm_09,qc_travelback,4
2024-01-01 11:32:00.000000,STOP,TEU_162_qc_travelback_pm_09,162,pm_09,qc_travelback,4
2024-01-01 07:00:00.000000,WAIT_START,TEU_162_pm_travel_to_Yard1_pm_09,162,pm_09,pm_travel_to_yard,5
2024-01-01 11:31:00.000000,WAIT_STOP,TEU_162_pm_travel_to_Yard1_pm_09,162,pm_09,pm_travel_to_yard,5
2024-01-01 11:31:00.000000,START,TEU_162_pm_travel_to_Yard1_pm_09,162,pm_09,pm_travel_to_yard,5
2024-01-01 11:31:12.281792,STOP,TEU_162_pm_travel_to_Yard1_pm_09,162,pm_09,pm_travel_to_yard,5
2024-01-01 07:00:00.000000,WAIT_START,TEU_162_pm_unload_Yard1_pm_09,162,pm_09,pm_unload,6
2024-01-01 11:31:12.281792,WAIT_STOP,TEU_162_pm_unload_Yard1_pm_09,162,pm_09,pm_unload,6
2024-01-01 11:33:12.281792,START,TEU_162_pm_unload_Yard1_pm_09,162,pm_09,pm_unload,6
2024-01-01 11:35:12.281792,STOP,TEU_162_pm_unload_Yard1_pm_09,162,pm_09,pm_unload,6
2024-01-01 07:00:00.000000,WAIT_START,TEU_162_pm_return_pm_09,162,pm_09,pm_return,7
2024-01-01 11:35:12.281792,WAIT_STOP,TEU_162_pm_return_pm_09,162,pm_09,pm_return,7
2024-01-01 11:35:12.281792,START,TEU_162_pm_return_pm_09,162,pm_09,pm_return,7
2024-01-01 11:35:24.563583,STOP,TEU_162_pm_return_pm_09,162,pm_09,pm_return,7
2024-01-01 07:00:00.000000,WAIT_START,TEU_163_qc_pick_qc_01,163,,qc_pick,1
2024-01-01 11:30:00.000000,WAIT_STOP,TEU_163_qc_pick_qc_01,163,,qc_pick,1
2024-01-01 11:30:00.000000,START,TEU_163_qc_pick_qc_01,163,,qc_pick,1
2024-01-01 11:31:00.000000,STOP,TEU_163_qc_pick_qc_01,163,,qc_pick,1
2024-01-01 07:00:00.000000,WAIT_START,TEU_163_qc_transfer_qc_01,163,,qc_transfer,2
2024-01-01 11:31:00.000000,WAIT_STOP,TEU_163_qc_transfer_qc_01,163,,qc_transfer,2
2024-01-01 11:31:00.000000,START,TEU_163_qc_transfer_qc_01,163,,qc_transfer,2
2024-01-01 11:32:00.000000,STOP,TEU_163_qc_transfer_qc_01,163,,qc_transfer,2
2024-01-01 07:00:00.000000,WAIT_START,TEU_163_qc_load_to_pm_pm_01,163,pm_01,qc_load_to_pm,3
2024-01-01 11:32:00.000000,WAIT_STOP,TEU_163_qc_load_to_pm_pm_01,163,pm_01,qc_load_to_pm,3
2024-01-01 11:32:00.000000,START,TEU_163_qc_load_to_pm_pm_01,163,pm_01,qc_load_to_pm,3
2024-01-01 11:34:00.000000,STOP,TEU_163_qc_load_to_pm_pm_01,163,pm_01,qc_load_to_pm,3
2024-01-01 07:00:00.000000,WAIT_START,TEU_163_qc_travelback_pm_01,163,pm_01,qc_travelback,4
2024-01-01 11:34:00.000000,WAIT_STOP,TEU_163_qc_travelback_pm_01,163,pm_01,qc_travelback,4
2024-01-01 11:34:00.000000,START,TEU_163_qc_travelback_pm_01,163,pm_01,qc_travelback,4
2024-01-01 11:35:00.000000,STOP,TEU_163_qc_travelback_pm_01,163,pm_01,qc_travelback,4
2024-01-01 07:00:00.000000,WAIT_START,TEU_163_pm_travel_to_Yard4_pm_01,163,pm_01,pm_travel_to_yard,5
2024-01-01 11:34:00.000000,WAIT_STOP,TEU_163_pm_travel_to_Yard4_pm_01,163,pm_01,pm_travel_to_yard,5
2024-01-01 11:34:00.000000,START,TEU_163_pm_travel_to_Yard4_pm_01,163,pm_01,pm_travel_to_yard,5
2024-01-01 11:34:49.127167,STOP,TEU_163_pm_travel_to_Yard4_pm_01,163,pm_01,pm_travel_to_yard,5
2024-01-01 07:00:00.000000,WAIT_START,TEU_163_pm_unload_Yard4_pm_01,163,pm_01,pm_unload,6
2024-01-01 11:34:49.127167,WAIT_STOP,TEU_163_pm_unload_Yard4_pm_01,163,pm_01,pm_unload,6
2024-01-01 11:34:49.127167,START,TEU_163_pm_unload_Yard4_pm_01,163,pm_01,pm_unload,6
2024-01-01 11:36:49.127167,STOP,TEU_163_pm_unload_Yard4_pm_01,163,pm_01,pm_unload,6
2024-01-01 07:00:00.000000,WAIT_START,TEU_163_pm_return_pm_01,163,pm_01,pm_return,7
2024-01-01 11:36:49.127167,WAIT_STOP,TEU_163_pm_return_pm_01,163,pm_01,pm_return,7
2024-01-01 11:36:49.127167,START,TEU_163_pm_return_pm_01,163,pm_01,pm_return,7
2024-01-01 11:37:38.254333,STOP,TEU_163_pm_return_pm_01,163,pm_01,pm_return,7
2024-01-01 07:00:00.000000,WAIT_START,TEU_164_qc_pick_qc_02,164,,qc_pick,1
2024-01-01 11:31:00.000000,WAIT_STOP,TEU_164_qc_pick_qc_02,164,,qc_pick,1
2024-01-01 11:31:00.000000,START,TEU_164_qc_pick_qc_02,164,,qc_pick,1
2024-01-01 11:32:00.000000,STOP,TEU_164_qc_pick_qc_02,164,,qc_pick,1
2024-01-01 07:00:00.000000,WAIT_START,TEU_164_qc_transfer_qc_02,164,,qc_transfer,2
2024-01-01 11:32:00.000000,WAIT_STOP,TEU_164_qc_transfer_qc_02,164,,qc_transfer,2
2024-01-01 11:32:00.000000,START,TEU_164_qc_transfer_qc_02,164,,qc_transfer,2
2024-01-01 11:33:00.000000,STOP,TEU_164_qc_transfer_qc_02,164,,qc_transfer,2
2024-01-01 07:00:00.000000,WAIT_START,TEU_164_qc_load_to_pm_pm_02,164,pm_02,qc_load_to_pm,3
2024-01-01 11:33:00.000000,WAIT_STOP,TEU_164_qc_load_to_pm_pm_02,164,pm_02,qc_load_to_pm,3
2024-01-01 11:33:00.000000,START,TEU_164_qc_load_to_pm_pm_02,164,pm_02,qc_load_to_pm,3
2024-01-01 11:35:00.000000,STOP,TEU_164_qc_load_to_pm_pm_02,164,pm_02,qc_load_to_pm,3
2024-01-01 07:00:00.000000,WAIT_START,TEU_164_qc_travelback_pm_02,164,pm_02,qc_travelback,4
2024-01-01 11:35:00.000000,WAIT_STOP,TEU_164_qc_travelback_pm_02,164,pm_02,qc_travelback,4
2024-01-01 11:35:00.000000,START,TEU_164_qc_travelback_pm_02,164,pm_02,qc_travelback,4
2024-01-01 11:36:00.000000,STOP,TEU_164_qc_travelback_pm_02,164,pm_02,qc_travelback,4
2024-01-01 07:00:00.000000,WAIT_START,TEU_164_pm_travel_to_Yard2_pm_02,164,pm_02,pm_travel_to_yard,5
2024-01-01 11:35:00.000000,WAIT_STOP,TEU_164_pm_travel_to_Yard2_pm_02,164,pm_02,pm_travel_to_yard,5
2024-01-01 11:35:00.000000,START,TEU_164_pm_travel_to_Yard2_pm_02,164,pm_02,pm_travel_to_yard,5
2024-01-01 11:35:24.563583,STOP,TEU_164_pm_travel_to_Yard2_pm_02,164,pm_02,pm_travel_to_yard,5
2024-01-01 07:00:00.000000,WAIT_START,TEU_164_pm_unload_Yard2_pm_02,164,pm_02,pm_unload,6
2024-01-01 11:35:24.563583,WAIT_STOP,TEU_164_pm_unload_Yard2_pm_02,164,pm_02,pm_unload,6
2024-01-01 11:35:24.563583,START,TEU_164_pm_unload_Yard2_pm_02,164,pm_02,pm_unload,6
2024-01-01 11:37:24.563583,STOP,TEU_164_pm_unload_Yard2_pm_02,164,pm_02,pm_unload,6
2024-01-01 07:00:00.000000,WAIT_START,TEU_164_pm_return_pm_02,164,pm_02,pm_return,7
2024-01-01 11:37:24.563583,WAIT_STOP,TEU_164_pm_return_pm_02,164,pm_02,pm_return,7
2024-01-01 11:37:24.563583,START,TEU_164_pm_return_pm_02,164,pm_02,pm_return,7
2024-01-01 11:37:49.127167,STOP,TEU_164_pm_return_pm_02,164,pm_02,pm_return,7
2024-01-01 07:00:00.000000,WAIT_START,TEU_165_qc_pick_qc_03,165,,qc_pick,1
2024-01-01 11:32:00.000000,WAIT_STOP,TEU_165_qc_pick_qc_03,165,,qc_pick,1
2024-01-01 11:32:00.000000,START,TEU_165_qc_pick_qc_03,165,,qc_pick,1
2024-01-01 11:33:00.000000,STOP,TEU_165_qc_pick_qc_03,165,,qc_pick,1
2024-01-01 07:00:00.000000,WAIT_START,TEU_165_qc_transfer_qc_03,165,,qc_transfer,2
2024-01-01 11:33:00.000000,WAIT_STOP,TEU_165_qc_transfer_qc_03,165,,qc_transfer,2
2024-01-01 11:33:00.000000,START,TEU_165_qc_transfer_qc_03,165,,qc_transfer,2
2024-01-01 11:34:00.000000,STOP,TEU_165_qc_transfer_qc_03,165,,qc_transfer,2
2024-01-01 07:00:00.000000,WAIT_START,TEU_165_qc_load_to_pm_pm_03,165,pm_03,qc_load_to_pm,3
2024-01-01 11:34:00.000000,WAIT_STOP,TEU_165_qc_load_to_pm_pm_03,165,pm_03,qc_load_to_pm,3
2024-01-01 11:34:00.000000,START,TEU_165_qc_load_to_pm_pm_03,165,pm_03,qc_load_to_pm,3
2024-01-01 11:36:00.000000,STOP,TEU_165_qc_load_to_pm_pm_03,165,pm_03,qc_load_to_pm,3
2024-01-01 07:00:00.000000,WAIT_START,TEU_165_qc_travelback_pm_03,165,pm_03,qc_travelback,4
2024-01-01 11:36:00.000000,WAIT_STOP,TEU_165_qc_travelback_pm_03,165,pm_03,qc_travelback,4
2024-01-01 11:36:00.000000,START,TEU_165_qc_travelback_pm_03,165,pm_03,qc_travelback,4
2024-01-01 11:37:00.000000,STOP,TEU_165_qc_travelback_pm_03,165,pm_03,qc_travelback,4
2024-01-01 07:00:00.000000,WAIT_START,TEU_165_pm_travel_to_Yard4_pm_03,165,pm_03,pm_travel_to_yard,5
2024-01-01 11:36:00.000000,WAIT_STOP,TEU_165_pm_travel_to_Yard4_pm_03,165,pm_03,pm_travel_to_yard,5
2024-01-01 11:36:00.000000,START,TEU_165_pm_travel_to_Yard4_pm_03,165,pm_03,pm_travel_to_yard,5
2024-01-01 11:36:49.127167,STOP,TEU_165_pm_travel_to_Yard4_pm_03,165,pm_03,pm_travel_to_yard,5
2024-01-01 07:00:00.000000,WAIT_START,TEU_165_pm_unload_Yard4_pm_03,165,pm_03,pm_unload,6
2024-01-01 11:36:49.127167,WAIT_STOP,TEU_165_pm_unload_Yard4_pm_03,165,pm_03,pm_unload,6
2024-01-01 11:36:49.127167,START,TEU_165_pm_unload_Yard4_pm_03,165,pm_03,pm_unload,6
2024-01-01 11:38:49.127167,STOP,TEU_165_pm_unload_Yard4_pm_03,165,pm_03,pm_unload,6
2024-01-01 07:00:00.000000,WAIT_START,TEU_165_pm_return_pm_03,165,pm_03,pm_return,7
2024-01-01 11:38:49.127167,WAIT_STOP,TEU_165_pm_return_pm_03,165,pm_03,pm_return,7
2024-01-01 11:38:49.127167,START,TEU_165_pm_return_pm_03,165,pm_03,pm_return,7
2024-01-01 11:39:38.254333,STOP,TEU_165_pm_return_pm_03,165,pm_03,pm_return,7
2024-01-01 07:00:00.000000,WAIT_START,TEU_166_qc_pick_qc_01,166,,qc_pick,1
2024-01-01 11:35:00.000000,WAIT_STOP,TEU_166_qc_pick_qc_01,166,,qc_pick,1
2024-01-01 11:35:00.000000,START,TEU_166_qc_pick_qc_01,166,,qc_pick,1
2024-01-01 11:36:00.000000,STOP,TEU_166_qc_pick_qc_01,166,,qc_pick,1
2024-01-01 07:00:00.000000,WAIT_START,TEU_166_qc_transfer_qc_01,166,,qc_transfer,2
2024-01-01 11:36:00.000000,WAIT_STOP,TEU_166_qc_transfer_qc_01,166,,qc_transfer,2
2024-01-01 11:36:00.000000,START,TEU_166_qc_transfer_qc_01,166,,qc_transfer,2
2024-01-01 11:37:00.000000,STOP,TEU_166_qc_transfer_qc_01,166,,qc_transfer,2
2024-01-01 07:00:00.000000,WAIT_START,TEU_166_qc_load_to_pm_pm_04,166,pm_04,qc_load_to_pm,3
2024-01-01 11:37:00.000000,WAIT_STOP,TEU_166_qc_load_to_pm_pm_04,166,pm_04,qc_load_to_pm,3
2024-01-01 11:37:00.000000,START,TEU_166_qc_load_to_pm_pm_04,166,pm_04,qc_load_to_pm,3
2024-01-01 11:39:00.000000,STOP,TEU_166_qc_load_to_pm_pm_04,166,pm_04,qc_load_to_pm,3
2024-01-01 07:00:00.000000,WAIT_START,TEU_166_qc_travelback_pm_04,166,pm_04,qc_travelback,4
2024-01-01 11:39:00.000000,WAIT_STOP,TEU_166_qc_travelback_pm_04,166,pm_04,qc_travelback,4
2024-01-01 11:39:00.000000,START,TEU_166_qc_travelback_pm_04,166,pm_04,qc_travelback,4
2024-01-01 11:40:00.000000,STOP,TEU_166_qc_travelback_pm_04,166,pm_04,qc_travelback,4
2024-01-01 07:00:00.000000,WAIT_START,TEU_166_pm_travel_to_Yard2_pm_04,166,pm_04,pm_travel_to_yard,5
2024-01-01 11:39:00.000000,WAIT_STOP,TEU_166_pm_travel_to_Yard2_pm_04,166,pm_04,pm_travel_to_yard,5
2024-01-01 11:39:00.000000,START,TEU_166_pm_travel_to_Yard2_pm_04,166,pm_04,pm_travel_to_yard,5
2024-01-01 11:39:24.563583,STOP,TEU_166_pm_travel_to_Yard2_pm_04,166,pm_04,pm_travel_to_yard,5
2024-01-01 07:00:00.000000,WAIT_START,TEU_166_pm_unload_Yard2_pm_04,166,pm_04,pm_unload,6
2024-01-01 11:39:24.563583,WAIT_STOP,TEU_166_pm_unload_Yard2_pm_04,166,pm_04,pm_unload,6
2024-01-01 11:39:24.563583,START,TEU_166_pm_unload_Yard2_pm_04,166,pm_04,pm_unload,6
2024-01-01 11:41:24.563583,STOP,TEU_166_pm_unload_Yard2_pm_04,166,pm_04,pm_unload,6
2024-01-01 07:00:00.000000,WAIT_START,TEU_166_pm_return_pm_04,166,pm_04,pm_return,7
2024-01-01 11:41:24.563583,WAIT_STOP,TEU_166_pm_return_pm_04,166,pm_04,pm_return,7
2024-01-01 11:41:24.563583,START,TEU_166_pm_return_pm_04,166,pm_04,pm_return,7
2024-01-01 11:41:49.127167,STOP,TEU_166_pm_return_pm_04,166,pm_04,pm_return,7
2024-01-01 07:00:00.000000,WAIT_START,TEU_167_qc_pick_qc_02,167,,qc_pick,1
2024-01-01 11:36:00.000000,WAIT_STOP,TEU_167_qc_pick_qc_02,167,,qc_pick,1
2024-01-01 11:36:00.000000,START,TEU_167_qc_pick_qc_02,167,,qc_pick,1
2024-01-01 11:37:00.000000,STOP,TEU_167_qc_pick_qc_02,167,,qc_pick,1
2024-01-01 07:00:00.000000,WAIT_START,TEU_167_qc_transfer_qc_02,167,,qc_transfer,2
2024-01-01 11:37:00.000000,WAIT_STOP,TEU_167_qc_transfer_qc_02,167,,qc_transfer,2
2024-01-01 11:37:00.000000,START,TEU_167_qc_transfer_qc_02,167,,qc_transfer,2
2024-01-01 11:38:00.000000,STOP,TEU_167_qc_transfer_qc_02,167,,qc_transfer,2
2024-01-01 07:00:00.000000,WAIT_START,TEU_167_qc_load_to_pm_pm_05,167,pm_05,qc_load_to_pm,3
2024-01-01 11:38:00.000000,WAIT_STOP,TEU_167_qc_load_to_pm_pm_05,167,pm_05,qc_load_to_pm,3
2024-01-01 11:38:00.000000,START,TEU_167_qc_load_to_pm_pm_05,167,pm_05,qc_load_to_pm,3
2024-01-01 11:40:00.000000,STOP,TEU_167_qc_load_to_pm_pm_05,167,pm_05,qc_load_to_pm,3
2024-01-01 07:00:00.000000,WAIT_START,TEU_167_qc_travelback_pm_05,167,pm_05,qc_travelback,4
2024-01-01 11:40:00.000000,WAIT_STOP,TEU_167_qc_travelback_pm_05,167,pm_05,qc_travelback,4
2024-01-01 11:40:00.000000,START,TEU_167_qc_travelback_pm_05,167,pm_05,qc_travelback,4
2024-01-01 11:41:00.000000,STOP,TEU_167_qc_travelback_pm_05,167,pm_05,qc_travelback,4
2024-01-01 07:00:00.000000,WAIT_START,TEU_167_pm_travel_to_Yard4_pm_05,167,pm_05,pm_travel_to_yard,5
2024-01-01 11:40:00.000000,WAIT_STOP,TEU_167_pm_travel_to_Yard4_pm_05,167,pm_05,pm_travel_to_yard,5
2024-01-01 11:40:00.000000,START,TEU_167_pm_travel_to_Yard4_pm_05,167,pm_05,pm_travel_to_yard,5
2024-01-01 11:40:49.127167,STOP,TEU_167_pm_travel_to_Yard4_pm_05,167,pm_05,pm_travel_to_yard,5
2024-01-01 07:00:00.000000,WAIT_START,TEU_167_pm_unload_Yard4_pm_05,167,pm_05,pm_unload,6
2024-01-01 11:40:49.127167,WAIT_STOP,TEU_167_pm_unload_Yard4_pm_05,167,pm_05,pm_unload,6
2024-01-01 11:40:49.127167,START,TEU_167_pm_unload_Yard4_pm_05,167,pm_05,pm_unload,6
2024-01-01 11:42:49.127167,STOP,TEU_167_pm_unload_Yard4_pm_05,167,pm_05,pm_unload,6
2024-01-01 07:00:00.000000,WAIT_START,TEU_167_pm_return_pm_05,167,pm_05,pm_return,7
2024-01-01 11:42:49.127167,WAIT_STOP,TEU_167_pm_return_pm_05,167,pm_05,pm_return,7
2024-01-01 11:42:49.127167,START,TEU_167_pm_return_pm_05,167,pm_05,pm_return,7
2024-01-01 11:43:38.254333,STOP,TEU_167_pm_return_pm_05,167,pm_05,pm_return,7
2024-01-01 07:00:00.000000,WAIT_START,TEU_168_qc_pick_qc_03,168,,qc_pick,1
2024-01-01 11:37:00.000000,WAIT_STOP,TEU_168_qc_pick_qc_03,168,,qc_pick,1
2024-01-01 11:37:00.000000,START,TEU_168_qc_pick_qc_03,168,,qc_pick,1
2024-01-01 11:38:00.000000,STOP,TEU_168_qc_pick_qc_03,168,,qc_pick,1
2024-01-01 07:00:00.000000,WAIT_START,TEU_168_qc_transfer_qc_03,168,,qc_transfer,2
2024-01-01 11:38:00.000000,WAIT_STOP,TEU_168_qc_transfer_qc_03,168,,qc_transfer,2
2024-01-01 11:38:00.000000,START,TEU_168_qc_transfer_qc_03,168,,qc_transfer,2
2024-01-01 11:39:00.000000,STOP,TEU_168_qc_transfer_qc_03,168,,qc_transfer,2
2024-01-01 07:00:00.000000,WAIT_START,TEU_168_qc_load_to_pm_pm_06,168,pm_06,qc_load_to_pm,3
2024-01-01 11:39:00.000000,WAIT_STOP,TEU_168_qc_load_to_pm_pm_06,168,pm_06,qc_load_to_pm,3
2024-01-01 11:39:00.000000,START,TEU_168_qc_load_to_pm_pm_06,168,pm_06,qc_load_to_pm,3
2024-01-01 11:41:00.000000,STOP,TEU_168_qc_load_to_pm_pm_06,168,pm_06,qc_load_to_pm,3
2024-01-01 07:00:00.000000,WAIT_START,TEU_168_qc_travelback_pm_06,168,pm_06,qc_travelback,4
2024-01-01 11:41:00.000000,WAIT_STOP,TEU_168_qc_travelback_pm_06,168,pm_06,qc_travelback,4
2024-01-01 11:41:00.000000,START,TEU_168_qc_travelback_pm_06,168,pm_06,qc_travelback,4
2024-01-01 11:42:00.000000,STOP,TEU_168_qc_travelback_pm_06,168,pm_06,qc_travelback,4
2024-01-01 07:00:00.000000,WAIT_START,TEU_168_pm_travel_to_Yard2_pm_06,168,pm_06,pm_travel_to_yard,5
2024-01-01 11:41:00.000000,WAIT_STOP,TEU_168_pm_travel_to_Yard2_pm_06,168,pm_06,pm_travel_to_yard,5
2024-01-01 11:41:00.000000,START,TEU_168_pm_travel_to_Yard2_pm_06,168,pm_06,pm_travel_to_yard,5
2024-01-01 11:41:24.563583,STOP,TEU_168_pm_travel_to_Yard2_pm_06,168,pm_06,pm_travel_to_yard,5
2024-01-01 07:00:00.000000,WAIT_START,TEU_168_pm_unload_Yard2_pm_06,168,pm_06,pm_unload,6
2024-01-01 11:41:24.563583,WAIT_STOP,TEU_168_pm_unload_Yard2_pm_06,168,pm_06,pm_unload,6
2024-01-01 11:41:24.563583,START,TEU_168_pm_unload_Yard2_pm_06,168,pm_06,pm_unload,6
2024-01-01 11:43:24.563583,STOP,TEU_168_pm_unload_Yard2_pm_06,168,pm_06,pm_unload,6
2024-01-01 07:00:00.000000,WAIT_START,TEU_168_pm_return_pm_06,168,pm_06,pm_return,7
2024-01-01 11:43:24.563583,WAIT_STOP,TEU_168_pm_return_pm_06,168,pm_06,pm_return,7
2024-01-01 11:43:24.563583,START,TEU_168_pm_return_pm_06,168,pm_06,pm_return,7
2024-01-01 11:43:49.127167,STOP,TEU_168_pm_return_pm_06,168,pm_06,pm_return,7
2024-01-01 07:00:00.000000,WAIT_START,TEU_169_qc_pick_qc_01,169,,qc_pick,1
2024-01-01 11:40:00.000000,WAIT_STOP,TEU_169_qc_pick_qc_01,169,,qc_pick,1
2024-01-01 11:40:00.000000,START,TEU_169_qc_pick_qc_01,169,,qc_pick,1
2024-01-01 11:41:00.000000,STOP,TEU_169_qc_pick_qc_01,169,,qc_pick,1
2024-01-01 07:00:00.000000,WAIT_START,TEU_169_qc_transfer_qc_01,169,,qc_transfer,2
2024-01-01 11:41:00.000000,WAIT_STOP,TEU_169_qc_transfer_qc_01,169,,qc_transfer,2
2024-01-01 11:41:00.000000,START,TEU_169_qc_transfer_qc_01,169,,qc_transfer,2
2024-01-01 11:42:00.000000,STOP,TEU_169_qc_transfer_qc_01,169,,qc_transfer,2
2024-01-01 07:00:00.000000,WAIT_START,TEU_169_qc_load_to_pm_pm_07,169,pm_07,qc_load_to_pm,3
2024-01-01 11:42:00.000000,WAIT_STOP,TEU_169_qc_load_to_pm_pm_07,169,pm_07,qc_load_to_pm,3
2024-01-01 11:42:00.000000,START,TEU_169_qc_load_to_pm_pm_07,169,pm_07,qc_load_to_pm,3
2024-01-01 11:44:00.000000,STOP,TEU_169_qc_load_to_pm_pm_07,169,pm_07,qc_load_to_pm,3
2024-01-01 07:00:00.000000,WAIT_START,TEU_169_qc_travelback_pm_07,169,pm_07,qc_travelback,4
2024-01-01 11:44:00.000000,WAIT_STOP,TEU_169_qc_travelback_pm_07,169,pm_07,qc_travelback,4
2024-01-01 11:44:00.000000,START,TEU_169_qc_travelback_pm_07,169,pm_07,qc_travelback,4
2024-01-01 11:45:00.000000,STOP,TEU_169_qc_travelback_pm_07,169,pm_07,qc_travelback,4
2024-01-01 07:00:00.000000,WAIT_START,TEU_169_pm_travel_to_Yard4_pm_07,169,pm_07,pm_travel_to_yard,5
2024-01-01 11:44:00.000000,WAIT_STOP,TEU_169_pm_travel_to_Yard4_pm_07,169,pm_07,pm_travel_to_yard,5
2024-01-01 11:44:00.000000,START,TEU_169_pm_travel_to_Yard4_pm_07,169,pm_07,pm_travel_to_yard,5
2024-01-01 11:44:49.127167,STOP,TEU_169_pm_travel_to_Yard4_pm_07,169,pm_07,pm_travel_to_yard,5
2024-01-01 07:00:00.000000,WAIT_START,TEU_169_pm_unload_Yard4_pm_07,169,pm_07,pm_unload,6
2024-01-01 11:44:49.127167,WAIT_STOP,TEU_169_pm_unload_Yard4_pm_07,169,pm_07,pm_unload,6
2024-01-01 11:44:49.127167,START,TEU_169_pm_unload_Yard4_pm_07,169,pm_07,pm_unload,6
2024-01-01 11:46:49.127167,STOP,TEU_169_pm_unload_Yard4_pm_07,169,pm_07,pm_unload,6
2024-01-01 07:00:00.000000,WAIT_START,TEU_169_pm_return_pm_07,169,pm_07,pm_return,7
2024-01-01 11:46:49.127167,WAIT_STOP,TEU_169_pm_return_pm_07,169,pm_07,pm_return,7
2024-01-01 11:46:49.127167,START,TEU_169_pm_return_pm_07,169,pm_07,pm_return,7
2024-01-01 11:47:38.254333,STOP,TEU_169_pm_return_pm_07,169,pm_07,pm_return,7
2024-01-01 07:00:00.000000,WAIT_START,TEU_170_qc_pick_qc_02,170,,qc_pick,1
2024-01-01 11:41:00.000000,WAIT_STOP,TEU_170_qc_pick_qc_02,170,,qc_pick,1
2024-01-01 11:41:00.000000,START,TEU_170_qc_pick_qc_02,170,,qc_pick,1
2024-01-01 11:42:00.000000,STOP,TEU_170_qc_pick_qc_02,170,,qc_pick,1
2024-01-01 07:00:00.000000,WAIT_START,TEU_170_qc_transfer_qc_02,170,,qc_transfer,2
2024-01-01 11:42:00.000000,WAIT_STOP,TEU_170_qc_transfer_qc_02,170,,qc_transfer,2
2024-01-01 11:42:00.000000,START,TEU_170_qc_transfer_qc_02,170,,qc_transfer,2
2024-01-01 11:43:00.000000,STOP,TEU_170_qc_transfer_qc_02,170,,qc_transfer,2
2024-01-01 07:00:00.000000,WAIT_START,TEU_170_qc_load_to_pm_pm_08,170,pm_08,qc_load_to_pm,3
2024-01-01 11:43:00.000000,WAIT_STOP,TEU_170_qc_load_to_pm_pm_08,170,pm_08,qc_load_to_pm,3
2024-01-01 11:43:00.000000,START,TEU_170_qc_load_to_pm_pm_08,170,pm_08,qc_load_to_pm,3
2024-01-01 11:45:00.000000,STOP,TEU_170_qc_load_to_pm_pm_08,170,pm_08,qc_load_to_pm,3
2024-01-01 07:00:00.000000,WAIT_START,TEU_170_qc_travelback_pm_08,170,pm_08,qc_travelback,4
2024-01-01 11:45:00.000000,WAIT_STOP,TEU_170_qc_travelback_pm_08,170,pm_08,qc_travelback,4
2024-01-01 11:45:00.000000,START,TEU_170_qc_travelback_pm_08,170,pm_08,qc_travelback,4
2024-01-01 11:46:00.000000,STOP,TEU_170_qc_travelback_pm_08,170,pm_08,qc_travelback,4
2024-01-01 07:00:00.000000,WAIT_START,TEU_170_pm_travel_to_Yard4_pm_08,170,pm_08,pm_travel_to_yard,5
2024-01-01 11:45:00.000000,WAIT_STOP,TEU_170_pm_travel_to_Yard4_pm_08,170,pm_08,pm_travel_to_yard,5
2024-01-01 11:45:00.000000,START,TEU_170_pm_travel_to_Yard4_pm_08,170,pm_08,pm_travel_to_yard,5
2024-01-01 11:45:49.127167,STOP,TEU_170_pm_travel_to_Yard4_pm_08,170,pm_08,pm_travel_to_yard,5
2024-01-01 07:00:00.000000,WAIT_START,TEU_170_pm_unload_Yard4_pm_08,170,pm_08,pm_unload,6
2024-01-01 11:45:49.127167,WAIT_STOP,TEU_170_pm_unload_Yard4_pm_08,170,pm_08,pm_unload,6
2024-01-01 11:46:49.127167,START,TEU_170_pm_unload_Yard4_pm_08,170,pm_08,pm_unload,6
2024-01-01 11:48:49.127167,STOP,TEU_170_pm_unload_Yard4_pm_08,170,pm_08,pm_unload,6
2024-01-01 07:00:00.000000,WAIT_START,TEU_170_pm_return_pm_08,170,pm_08,pm_return,7
2024-01-01 11:48:49.127167,WAIT_STOP,TEU_170_pm_return_pm_08,170,pm_08,pm_return,7
2024-01-01 11:48:49.127167,START,TEU_170_pm_return_pm_08,170,pm_08,pm_return,7
2024-01-01 11:49:38.254333,STOP,TEU_170_pm_return_pm_08,170,pm_08,pm_return,7
2024-01-01 07:00:00.000000,WAIT_START,TEU_171_qc_pick_qc_03,171,,qc_pick,1
2024-01-01 11:42:00.000000,WAIT_STOP,TEU_171_qc_pick_qc_03,171,,qc_pick,1
2024-01-01 11:42:00.000000,START,TEU_171_qc_pick_qc_03,171,,qc_pick,1
2024-01-01 11:43:00.000000,STOP,TEU_171_qc_pick_qc_03,171,,qc_pick,1
2024-01-01 07:00:00.000000,WAIT_START,TEU_171_qc_transfer_qc_03,171,,qc_transfer,2
2024-01-01 11:43:00.000000,WAIT_STOP,TEU_171_qc_transfer_qc_03,171,,qc_transfer,2
2024-01-01 11:43:00.000000,START,TEU_171_qc_transfer_qc_03,171,,qc_transfer,2
2024-01-01 11:44:00.000000,STOP,TEU_171_qc_transfer_qc_03,171,,qc_transfer,2
2024-01-01 07:00:00.000000,WAIT_START,TEU_171_qc_load_to_pm_pm_09,171,pm_09,qc_load_to_pm,3
2024-01-01 11:44:00.000000,WAIT_STOP,TEU_171_qc_load_to_pm_pm_09,171,pm_09,qc_load_to_pm,3
2024-01-01 11:44:00.000000,START,TEU_171_qc_load_to_pm_pm_09,171,pm_09,qc_load_to_pm,3
2024-01-01 11:46:00.000000,STOP,TEU_171_qc_load_to_pm_pm_09,171,pm_09,qc_load_to_pm,3
2024-01-01 07:00:00.000000,WAIT_START,TEU_171_qc_travelback_pm_09,171,pm_09,qc_travelback,4
2024-01-01 11:46:00.000000,WAIT_STOP,TEU_171_qc_travelback_pm_09,171,pm_09,qc_travelback,4
2024-01-01 11:46:00.000000,START,TEU_171_qc_travelback_pm_09,171,pm_09,qc_travelback,4
2024-01-01 11:47:00.000000,STOP,TEU_171_qc_travelback_pm_09,171,pm_09,qc_travelback,4
2024-01-01 07:00:00.000000,WAIT_START,TEU_171_pm_travel_to_Yard2_pm_09,171,pm_09,pm_travel_to_yard,5
2024-01-01 11:46:00.000000,WAIT_STOP,TEU_171_pm_travel_to_Yard2_pm_09,171,pm_09,pm_travel_to_yard,5
2024-01-01 11:46:00.000000,START,TEU_171_pm_travel_to_Yard2_pm_09,171,pm_09,pm_travel_to_yard,5
2024-01-01 11:46:24.563583,STOP,TEU_171_pm_travel_to_Yard2_pm_09,171,pm_09,pm_travel_to_yard,5
2024-01-01 07:00:00.000000,WAIT_START,TEU_171_pm_unload_Yard2_pm_09,171,pm_09,pm_unload,6
2024-01-01 11:46:24.563583,WAIT_STOP,TEU_171_pm_unload_Yard2_pm_09,171,pm_09,pm_unload,6
2024-01-01 11:46:24.563583,START,TEU_171_pm_unload_Yard2_pm_09,171,pm_09,pm_unload,6
2024-01-01 11:48:24.563583,STOP,TEU_171_pm_unload_Yard2_pm_09,171,pm_09,pm_unload,6
2024-01-01 07:00:00.000000,WAIT_START,TEU_171_pm_return_pm_09,171,pm_09,pm_return,7
2024-01-01 11:48:24.563583,WAIT_STOP,TEU_171_pm_return_pm_09,171,pm_09,pm_return,7
2024-01-01 11:48:24.563583,START,TEU_171_pm_return_pm_09,171,pm_09,pm_return,7
2024-01-01 11:48:49.127167,STOP,TEU_171_pm_return_pm_09,171,pm_09,pm_return,7
2024-01-01 07:00:00.000000,WAIT_START,TEU_172_qc_pick_qc_01,172,,qc_pick,1
2024-01-01 11:45:00.000000,WAIT_STOP,TEU_172_qc_pick_qc_01,172,,qc_pick,1
2024-01-01 11:45:00.000000,START,TEU_172_qc_pick_qc_01,172,,qc_pick,1
2024-01-01 11:46:00.000000,STOP,TEU_172_qc_pick_qc_01,172,,qc_pick,1
2024-01-01 07:00:00.000000,WAIT_START,TEU_172_qc_transfer_qc_01,172,,qc_transfer,2
2024-01-01 11:46:00.000000,WAIT_STOP,TEU_172_qc_transfer_qc_01,172,,qc_transfer,2
2024-01-01 11:46:00.000000,START,TEU_172_qc_transfer_qc_01,172,,qc_transfer,2
2024-01-01 11:47:00.000000,STOP,TEU_172_qc_transfer_qc_01,172,,qc_transfer,2
2024-01-01 07:00:00.000000,WAIT_START,TEU_172_qc_load_to_pm_pm_01,172,pm_01,qc_load_to_pm,3
2024-01-01 11:47:00.000000,WAIT_STOP,TEU_172_qc_load_to_pm_pm_01,172,pm_01,qc_load_to_pm,3
2024-01-01 11:47:00.000000,START,TEU_172_qc_load_to_pm_pm_01,172,pm_01,qc_load_to_pm,3
2024-01-01 11:49:00.000000,STOP,TEU_172_qc_load_to_pm_pm_01,172,pm_01,qc_load_to_pm,3
2024-01-01 07:00:00.000000,WAIT_START,TEU_172_qc_travelback_pm_01,172,pm_01,qc_travelback,4
2024-01-01 11:49:00.000000,WAIT_STOP,TEU_172_qc_travelback_pm_01,172,pm_01,qc_travelback,4
2024-01-01 11:49:00.000000,START,TEU_172_qc_travelback_pm_01,172,pm_01,qc_travelback,4
2024-01-01 11:50:00.000000,STOP,TEU_172_qc_travelback_pm_01,172,pm_01,qc_travelback,4
2024-01-01 07:00:00.000000,WAIT_START,TEU_172_pm_travel_to_Yard2_pm_01,172,pm_01,pm_travel_to_yard,5
2024-01-01 11:49:00.000000,WAIT_STOP,TEU_172_pm_travel_to_Yard2_pm_01,172,pm_01,pm_travel_to_yard,5
2024-01-01 11:49:00.000000,START,TEU_172_pm_travel_to_Yard2_pm_01,172,pm_01,pm_travel_to_yard,5
2024-01-01 11:49:24.563583,STOP,TEU_172_pm_travel_to_Yard2_pm_01,172,pm_01,pm_travel_to_yard,5
2024-01-01 07:00:00.000000,WAIT_START,TEU_172_pm_unload_Yard2_pm_01,172,pm_01,pm_unload,6
2024-01-01 11:49:24.563583,WAIT_STOP,TEU_172_pm_unload_Yard2_pm_01,172,pm_01,pm_unload,6
2024-01-01 11:49:24.563583,START,TEU_172_pm_unload_Yard2_pm_01,172,pm_01,pm_unload,6
2024-01-01 11:51:24.563583,STOP,TEU_172_pm_unload_Yard2_pm_01,172,pm_01,pm_unload,6
2024-01-01 07:00:00.000000,WAIT_START,TEU_172_pm_return_pm_01,172,pm_01,pm_return,7
2024-01-01 11:51:24.563583,WAIT_STOP,TEU_172_pm_return_pm_01,172,pm_01,pm_return,7
2024-01-01 11:51:24.563583,START,TEU_172_pm_return_pm_01,172,pm_01,pm_return,7
2024-01-01 11:51:49.127167,STOP,TEU_172_pm_return_pm_01,172,pm_01,pm_return,7
2024-01-01 07:00:00.000000,WAIT_START,TEU_173_qc_pick_qc_02,173,,qc_pick,1
2024-01-01 11:46:00.000000,WAIT_STOP,TEU_173_qc_pick_qc_02,173,,qc_pick,1
2024-01-01 11:46:00.000000,START,TEU_173_qc_pick_qc_02,173,,qc_pick,1
2024-01-01 11:47:00.000000,STOP,TEU_173_qc_pick_qc_02,173,,qc_pick,1
2024-01-01 07:00:00.000000,WAIT_START,TEU_173_qc_transfer_qc_02,173,,qc_transfer,2
2024-01-01 11:47:00.000000,WAIT_STOP,TEU_173_qc_transfer_qc_02,173,,qc_transfer,2
2024-01-01 11:47:00.000000,START,TEU_173_qc_transfer_qc_02,173,,qc_transfer,2
2024-01-01 11:48:00.000000,STOP,TEU_173_qc_transfer_qc_02,173,,qc_transfer,2
2024-01-01 07:00:00.000000,WAIT_START,TEU_173_qc_load_to_pm_pm_02,173,pm_02,qc_load_to_pm,3
2024-01-01 11:48:00.000000,WAIT_STOP,TEU_173_qc_load_to_pm_pm_02,173,pm_02,qc_load_to_pm,3
2024-01-01 11:48:00.000000,START,TEU_173_qc_load_to_pm_pm_02,173,pm_02,qc_load_to_pm,3
2024-01-01 11:50:00.000000,STOP,TEU_173_qc_load_to_pm_pm_02,173,pm_02,qc_load_to_pm,3
2024-01-01 07:00:00.000000,WAIT_START,TEU_173_qc_travelback_pm_02,173,pm_02,qc_travelback,4
2024-01-01 11:50:00.000000,WAIT_STOP,TEU_173_qc_travelback_pm_02,173,pm_02,qc_travelback,4
2024-01-01 11:50:00.000000,START,TEU_173_qc_travelback_pm_02,173,pm_02,qc_travelback,4
2024-01-01 11:51:00.000000,STOP,TEU_173_qc_travelback_pm_02,173,pm_02,qc_travelback,4
2024-01-01 07:00:00.000000,WAIT_START,TEU_173_pm_travel_to_Yard4_pm_02,173,pm_02,pm_travel_to_yard,5
2024-01-01 11:50:00.000000,WAIT_STOP,TEU_173_pm_travel_to_Yard4_pm_02,173,pm_02,pm_travel_to_yard,5
2024-01-01 11:50:00.000000,START,TEU_173_pm_travel_to_Yard4_pm_02,173,pm_02,pm_travel_to_yard,5
2024-01-01 11:50:49.127167,STOP,TEU_173_pm_travel_to_Yard4_pm_02,173,pm_02,pm_travel_to_yard,5
2024-01-01 07:00:00.000000,WAIT_START,TEU_173_pm_unload_Yard4_pm_02,173,pm_02,pm_unload,6
2024-01-01 11:50:49.127167,WAIT_STOP,TEU_173_pm_unload_Yard4_pm_02,173,pm_02,pm_unload,6
2024-01-01 11:50:49.127167,START,TEU_173_pm_unload_Yard4_pm_02,173,pm_02,pm_unload,6
2024-01-01 11:52:49.127167,STOP,TEU_173_pm_unload_Yard4_pm_02,173,pm_02,pm_unload,6
2024-01-01 07:00:00.000000,WAIT_START,TEU_173_pm_return_pm_02,173,pm_02,pm_return,7
2024-01-01 11:52:49.127167,WAIT_STOP,TEU_173_pm_return_pm_02,173,pm_02,pm_return,7
2024-01-01 11:52:49.127167,START,TEU_173_pm_return_pm_02,173,pm_02,pm_return,7
2024-01-01 11:53:38.254333,STOP,TEU_173_pm_return_pm_02,173,pm_02,pm_return,7
2024-01-01 07:00:00.000000,WAIT_START,TEU_174_qc_pick_qc_03,174,,qc_pick,1
2024-01-01 11:47:00.000000,WAIT_STOP,TEU_174_qc_pick_qc_03,174,,qc_pick,1
2024-01-01 11:47:00.000000,START,TEU_174_qc_pick_qc_03,174,,qc_pick,1
2024-01-01 11:48:00.000000,STOP,TEU_174_qc_pick_qc_03,174,,qc_pick,1
2024-01-01 07:00:00.000000,WAIT_START,TEU_174_qc_transfer_qc_03,174,,qc_transfer,2
2024-01-01 11:48:00.000000,WAIT_STOP,TEU_174_qc_transfer_qc_03,174,,qc_transfer,2
2024-01-01 11:48:00.000000,START,TEU_174_qc_transfer_qc_03,174,,qc_transfer,2
2024-01-01 11:49:00.000000,STOP,TEU_174_qc_transfer_qc_03,174,,qc_transfer,2
2024-01-01 07:00:00.000000,WAIT_START,TEU_174_qc_load_to_pm_pm_03,174,pm_03,qc_load_to_pm,3
2024-01-01 11:49:00.000000,WAIT_STOP,TEU_174_qc_load_to_pm_pm_03,174,pm_03,qc_load_to_pm,3
2024-01-01 11:49:00.000000,START,TEU_174_qc_load_to_pm_pm_03,174,pm_03,qc_load_to_pm,3
2024-01-01 11:51:00.000000,STOP,TEU_174_qc_load_to_pm_pm_03,174,pm_03,qc_load_to_pm,3
2024-01-01 07:00:00.000000,WAIT_START,TEU_174_qc_travelback_pm_03,174,pm_03,qc_travelback,4
2024-01-01 11:51:00.000000,WAIT_STOP,TEU_174_qc_travelback_pm_03,174,pm_03,qc_travelback,4
2024-01-01 11:51:00.000000,START,TEU_174_qc_travelback_pm_03,174,pm_03,qc_travelback,4
2024-01-01 11:52:00.000000,STOP,TEU_174_qc_travelback_pm_03,174,pm_03,qc_travelback,4
2024-01-01 07:00:00.000000,WAIT_START,TEU_174_pm_travel_to_Yard2_pm_03,174,pm_03,pm_travel_to_yard,5
2024-01-01 11:51:00.000000,WAIT_STOP,TEU_174_pm_travel_to_Yard2_pm_03,174,pm_03,pm_travel_to_yard,5
2024-01-01 11:51:00.000000,START,TEU_174_pm_travel_to_Yard2_pm_03,174,pm_03,pm_travel_to_yard,5
2024-01-01 11:51:24.563583,STOP,TEU_174_pm_travel_to_Yard2_pm_03,174,pm_03,pm_travel_to_yard,5
2024-01-01 07:00:00.000000,WAIT_START,TEU_174_pm_unload_Yard2_pm_03,174,pm_03,pm_unload,6
2024-01-01 11:51:24.563583,WAIT_STOP,TEU_174_pm_unload_Yard2_pm_03,174,pm_03,pm_unload,6
2024-01-01 11:51:24.563583,START,TEU_174_pm_unload_Yard2_pm_03,174,pm_03,pm_unload,6
2024-01-01 11:53:24.563583,STOP,TEU_174_pm_unload_Yard2_pm_03,174,pm_03,pm_unload,6
2024-01-01 07:00:00.000000,WAIT_START,TEU_174_pm_return_pm_03,174,pm_03,pm_return,7
2024-01-01 11:53:24.563583,WAIT_STOP,TEU_174_pm_return_pm_03,174,pm_03,pm_return,7
2024-01-01 11:53:24.563583,START,TEU_174_pm_return_pm_03,174,pm_03,pm_return,7
2024-01-01 11:53:49.127167,STOP,TEU_174_pm_return_pm_03,174,pm_03,pm_return,7
2024-01-01 07:00:00.000000,WAIT_START,TEU_175_qc_pick_qc_01,175,,qc_pick,1
2024-01-01 11:50:00.000000,WAIT_STOP,TEU_175_qc_pick_qc_01,175,,qc_pick,1
2024-01-01 11:50:00.000000,START,TEU_175_qc_pick_qc_01,175,,qc_pick,1
2024-01-01 11:51:00.000000,STOP,TEU_175_qc_pick_qc_01,175,,qc_pick,1
2024-01-01 07:00:00.000000,WAIT_START,TEU_175_qc_transfer_qc_01,175,,qc_transfer,2
2024-01-01 11:51:00.000000,WAIT_STOP,TEU_175_qc_transfer_qc_01,175,,qc_transfer,2
2024-01-01 11:51:00.000000,START,TEU_175_qc_transfer_qc_01,175,,qc_transfer,2
2024-01-01 11:52:00.000000,STOP,TEU_175_qc_transfer_qc_01,175,,qc_transfer,2
2024-01-01 07:00:00.000000,WAIT_START,TEU_175_qc_load_to_pm_pm_04,175,pm_04,qc_load_to_pm,3
2024-01-01 11:52:00.000000,WAIT_STOP,TEU_175_qc_load_to_pm_pm_04,175,pm_04,qc_load_to_pm,3
2024-01-01 11:52:00.000000,START,TEU_175_qc_load_to_pm_pm_04,175,pm_04,qc_load_to_pm,3
2024-01-01 11:54:00.000000,STOP,TEU_175_qc_load_to_pm_pm_04,175,pm_04,qc_load_to_pm,3
2024-01-01 07:00:00.000000,WAIT_START,TEU_175_qc_travelback_pm_04,175,pm_04,qc_travelback,4
2024-01-01 11:54:00.000000,WAIT_STOP,TEU_175_qc_travelback_pm_04,175,pm_04,qc_travelback,4
2024-01-01 11:54:00.000000,START,TEU_175_qc_travelback_pm_04,175,pm_04,qc_travelback,4
2024-01-01 11:55:00.000000,STOP,TEU_175_qc_travelback_pm_04,175,pm_04,qc_travelback,4
2024-01-01 07:00:00.000000,WAIT_START,TEU_175_pm_travel_to_Yard4_pm_04,175,pm_04,pm_travel_to_yard,5
2024-01-01 11:54:00.000000,WAIT_STOP,TEU_175_pm_travel_to_Yard4_pm_04,175,pm_04,pm_travel_to_yard,5
2024-01-01 11:54:00.000000,START,TEU_175_pm_travel_to_Yard4_pm_04,175,pm_04,pm_travel_to_yard,5
2024-01-01 11:54:49.127167,STOP,TEU_175_pm_travel_to_Yard4_pm_04,175,pm_04,pm_travel_to_yard,5
2024-01-01 07:00:00.000000,WAIT_START,TEU_175_pm_unload_Yard4_pm_04,175,pm_04,pm_unload,6
2024-01-01 11:54:49.127167,WAIT_STOP,TEU_175_pm_unload_Yard4_pm_04,175,pm_04,pm_unload,6
2024-01-01 11:54:49.127167,START,TEU_175_pm_unload_Yard4_pm_04,175,pm_04,pm_unload,6
2024-01-01 11:56:49.127167,STOP,TEU_175_pm_unload_Yard4_pm_04,175,pm_04,pm_unload,6
2024-01-01 07:00:00.000000,WAIT_START,TEU_175_pm_return_pm_04,175,pm_04,pm_return,7
2024-01-01 11:56:49.127167,WAIT_STOP,TEU_175_pm_return_pm_04,175,pm_04,pm_return,7
2024-01-01 11:56:49.127167,START,TEU_175_pm_return_pm_04,175,pm_04,pm_return,7
2024-01-01 11:57:38.254333,STOP,TEU_175_pm_return_pm_04,175,pm_04,pm_return,7
2024-01-01 07:00:00.000000,WAIT_START,TEU_176_qc_pick_qc_02,176,,qc_pick,1
2024-01-01 11:51:00.000000,WAIT_STOP,TEU_176_qc_pick_qc_02,176,,qc_pick,1
2024-01-01 11:51:00.000000,START,TEU_176_qc_pick_qc_02,176,,qc_pick,1
2024-01-01 11:52:00.000000,STOP,TEU_176_qc_pick_qc_02,176,,qc_pick,1
2024-01-01 07:00:00.000000,WAIT_START,TEU_176_qc_transfer_qc_02,176,,qc_transfer,2
2024-01-01 11:52:00.000000,WAIT_STOP,TEU_176_qc_transfer_qc_02,176,,qc_transfer,2
2024-01-01 11:52:00.000000,START,TEU_176_qc_transfer_qc_02,176,,qc_transfer,2
2024-01-01 11:53:00.000000,STOP,TEU_176_qc_transfer_qc_02,176,,qc_transfer,2
2024-01-01 07:00:00.000000,WAIT_START,TEU_176_qc_load_to_pm_pm_05,176,pm_05,qc_load_to_pm,3
2024-01-01 11:53:00.000000,WAIT_STOP,TEU_176_qc_load_to_pm_pm_05,176,pm_05,qc_load_to_pm,3
2024-01-01 11:53:00.000000,START,TEU_176_qc_load_to_pm_pm_05,176,pm_05,qc_load_to_pm,3
2024-01-01 11:55:00.000000,STOP,TEU_176_qc_load_to_pm_pm_05,176,pm_05,qc_load_to_pm,3
2024-01-01 07:00:00.000000,WAIT_START,TEU_176_qc_travelback_pm_05,176,pm_05,qc_travelback,4
2024-01-01 11:55:00.000000,WAIT_STOP,TEU_176_qc_travelback_pm_05,176,pm_05,qc_travelback,4
2024-01-01 11:55:00.000000,START,TEU_176_qc_travelback_pm_05,176,pm_05,qc_travelback,4
2024-01-01 11:56:00.000000,STOP,TEU_176_qc_travelback_pm_05,176,pm_05,qc_travelback,4
2024-01-01 07:00:00.000000,WAIT_START,TEU_176_pm_travel_to_Yard2_pm_05,176,pm_05,pm_travel_to_yard,5
2024-01-01 11:55:00.000000,WAIT_STOP,TEU_176_pm_travel_to_Yard2_pm_05,176,pm_05,pm_travel_to_yard,5
2024-01-01 11:55:00.000000,START,TEU_176_pm_travel_to_Yard2_pm_05,176,pm_05,pm_travel_to_yard,5
2024-01-01 11:55:24.563583,STOP,TEU_176_pm_travel_to_Yard2_pm_05,176,pm_05,pm_travel_to_yard,5
2024-01-01 07:00:00.000000,WAIT_START,TEU_176_pm_unload_Yard2_pm_05,176,pm_05,pm_unload,6
2024-01-01 11:55:24.563583,WAIT_STOP,TEU_176_pm_unload_Yard2_pm_05,176,pm_05,pm_unload,6
2024-01-01 11:55:24.563583,START,TEU_176_pm_unload_Yard2_pm_05,176,pm_05,pm_unload,6
2024-01-01 11:57:24.563583,STOP,TEU_176_pm_unload_Yard2_pm_05,176,pm_05,pm_unload,6
2024-01-01 07:00:00.000000,WAIT_START,TEU_176_pm_return_pm_05,176,pm_05,pm_return,7
2024-01-01 11:57:24.563583,WAIT_STOP,TEU_176_pm_return_pm_05,176,pm_05,pm_return,7
2024-01-01 11:57:24.563583,START,TEU_176_pm_return_pm_05,176,pm_05,pm_return,7
2024-01-01 11:57:49.127167,STOP,TEU_176_pm_return_pm_05,176,pm_05,pm_return,7
2024-01-01 07:00:00.000000,WAIT_START,TEU_177_qc_pick_qc_03,177,,qc_pick,1
2024-01-01 11:52:00.000000,WAIT_STOP,TEU_177_qc_pick_qc_03,177,,qc_pick,1
2024-01-01 11:52:00.000000,START,TEU_177_qc_pick_qc_03,177,,qc_pick,1
2024-01-01 11:53:00.000000,STOP,TEU_177_qc_pick_qc_03,177,,qc_pick,1
2024-01-01 07:00:00.000000,WAIT_START,TEU_177_qc_transfer_qc_03,177,,qc_transfer,2
2024-01-01 11:53:00.000000,WAIT_STOP,TEU_177_qc_transfer_qc_03,177,,qc_transfer,2
2024-01-01 11:53:00.000000,START,TEU_177_qc_transfer_qc_03,177,,qc_transfer,2
2024-01-01 11:54:00.000000,STOP,TEU_177_qc_transfer_qc_03,177,,qc_transfer,2
2024-01-01 07:00:00.000000,WAIT_START,TEU_177_qc_load_to_pm_pm_06,177,pm_06,qc_load_to_pm,3
2024-01-01 11:54:00.000000,WAIT_STOP,TEU_177_qc_load_to_pm_pm_06,177,pm_06,qc_load_to_pm,3
2024-01-01 11:54:00.000000,START,TEU_177_qc_load_to_pm_pm_06,177,pm_06,qc_load_to_pm,3
2024-01-01 11:56:00.000000,STOP,TEU_177_qc_load_to_pm_pm_06,177,pm_06,qc_load_to_pm,3
2024-01-01 07:00:00.000000,WAIT_START,TEU_177_qc_travelback_pm_06,177,pm_06,qc_travelback,4
2024-01-01 11:56:00.000000,WAIT_STOP,TEU_177_qc_travelback_pm_06,177,pm_06,qc_travelback,4
2024-01-01 11:56:00.000000,START,TEU_177_qc_travelback_pm_06,177,pm_06,qc_travelback,4
2024-01-01 11:57:00.000000,STOP,TEU_177_qc_travelback_pm_06,177,pm_06,qc_travelback,4
2024-01-01 07:00:00.000000,WAIT_START,TEU_177_pm_travel_to_Yard2_pm_06,177,pm_06,pm_travel_to_yard,5
2024-01-01 11:56:00.000000,WAIT_STOP,TEU_177_pm_travel_to_Yard2_pm_06,177,pm_06,pm_travel_to_yard,5
2024-01-01 11:56:00.000000,START,TEU_177_pm_travel_to_Yard2_pm_06,177,pm_06,pm_travel_to_yard,5
2024-01-01 11:56:24.563583,STOP,TEU_177_pm_travel_to_Yard2_pm_06,177,pm_06,pm_travel_to_yard,5
2024-01-01 07:00:00.000000,WAIT_START,TEU_177_pm_unload_Yard2_pm_06,177,pm_06,pm_unload,6
2024-01-01 11:56:24.563583,WAIT_STOP,TEU_177_pm_unload_Yard2_pm_06,177,pm_06,pm_unload,6
2024-01-01 11:57:24.563583,START,TEU_177_pm_unload_Yard2_pm_06,177,pm_06,pm_unload,6
2024-01-01 11:59:24.563583,STOP,TEU_177_pm_unload_Yard2_pm_06,177,pm_06,pm_unload,6
2024-01-01 07:00:00.000000,WAIT_START,TEU_177_pm_return_pm_06,177,pm_06,pm_return,7
2024-01-01 11:59:24.563583,WAIT_STOP,TEU_177_pm_return_pm_06,177,pm_06,pm_return,7
2024-01-01 11:59:24.563583,START,TEU_177_pm_return_pm_06,177,pm_06,pm_return,7
2024-01-01 11:59:49.127167,STOP,TEU_177_pm_return_pm_06,177,pm_06,pm_return,7
2024-01-01 07:00:00.000000,WAIT_START,TEU_178_qc_pick_qc_01,178,,qc_pick,1
2024-01-01 11:55:00.000000,WAIT_STOP,TEU_178_qc_pick_qc_01,178,,qc_pick,1
2024-01-01 11:55:00.000000,START,TEU_178_qc_pick_qc_01,178,,qc_pick,1
2024-01-01 11:56:00.000000,STOP,TEU_178_qc_pick_qc_01,178,,qc_pick,1
2024-01-01 07:00:00.000000,WAIT_START,TEU_178_qc_transfer_qc_01,178,,qc_transfer,2
2024-01-01 11:56:00.000000,WAIT_STOP,TEU_178_qc_transfer_qc_01,178,,qc_transfer,2
2024-01-01 11:56:00.000000,START,TEU_178_qc_transfer_qc_01,178,,qc_transfer,2
2024-01-01 11:57:00.000000,STOP,TEU_178_qc_transfer_qc_01,178,,qc_transfer,2
2024-01-01 07:00:00.000000,WAIT_START,TEU_178_qc_load_to_pm_pm_07,178,pm_07,qc_load_to_pm,3
2024-01-01 11:57:00.000000,WAIT_STOP,TEU_178_qc_load_to_pm_pm_07,178,pm_07,qc_load_to_pm,3
2024-01-01 11:57:00.000000,START,TEU_178_qc_load_to_pm_pm_07,178,pm_07,qc_load_to_pm,3
2024-01-01 11:59:00.000000,STOP,TEU_178_qc_load_to_pm_pm_07,178,pm_07,qc_load_to_pm,3
2024-01-01 07:00:00.000000,WAIT_START,TEU_178_qc_travelback_pm_07,178,pm_07,qc_travelback,4
2024-01-01 11:59:00.000000,WAIT_STOP,TEU_178_qc_travelback_pm_07,178,pm_07,qc_travelback,4
2024-01-01 11:59:00.000000,START,TEU_178_qc_travelback_pm_07,178,pm_07,qc_travelback,4
2024-01-01 12:00:00.000000,STOP,TEU_178_qc_travelback_pm_07,178,pm_07,qc_travelback,4
2024-01-01 07:00:00.000000,WAIT_START,TEU_178_pm_travel_to_Yard2_pm_07,178,pm_07,pm_travel_to_yard,5
2024-01-01 11:59:00.000000,WAIT_STOP,TEU_178_pm_travel_to_Yard2_pm_07,178,pm_07,pm_travel_to_yard,5
2024-01-01 11:59:00.000000,START,TEU_178_pm_travel_to_Yard2_pm_07,178,pm_07,pm_travel_to_yard,5
2024-01-01 11:59:24.563583,STOP,TEU_178_pm_travel_to_Yard2_pm_07,178,pm_07,pm_travel_to_yard,5
2024-01-01 07:00:00.000000,WAIT_START,TEU_178_pm_unload_Yard2_pm_07,178,pm_07,pm_unload,6
2024-01-01 11:59:24.563583,WAIT_STOP,TEU_178_pm_unload_Yard2_pm_07,178,pm_07,pm_unload,6
2024-01-01 11:59:24.563583,START,TEU_178_pm_unload_Yard2_pm_07,178,pm_07,pm_unload,6
2024-01-01 12:01:24.563583,STOP,TEU_178_pm_unload_Yard2_pm_07,178,pm_07,pm_unload,6
2024-01-01 07:00:00.000000,WAIT_START,TEU_178_pm_return_pm_07,178,pm_07,pm_return,7
2024-01-01 12:01:24.563583,WAIT_STOP,TEU_178_pm_return_pm_07,178,pm_07,pm_return,7
2024-01-01 12:01:24.563583,START,TEU_178_pm_return_pm_07,178,pm_07,pm_return,7
2024-01-01 12:01:49.127167,STOP,TEU_178_pm_return_pm_07,178,pm_07,pm_return,7
2024-01-01 07:00:00.000000,WAIT_START,TEU_179_qc_pick_qc_02,179,,qc_pick,1
2024-01-01 11:56:00.000000,WAIT_STOP,TEU_179_qc_pick_qc_02,179,,qc_pick,1
2024-01-01 11:56:00.000000,START,TEU_179_qc_pick_qc_02,179,,qc_pick,1
2024-01-01 11:57:00.000000,STOP,TEU_179_qc_pick_qc_02,179,,qc_pick,1
2024-01-01 07:00:00.000000,WAIT_START,TEU_179_qc_transfer_qc_02,179,,qc_transfer,2
2024-01-01 11:57:00.000000,WAIT_STOP,TEU_179_qc_transfer_qc_02,179,,qc_transfer,2
2024-01-01 11:57:00.000000,START,TEU_179_qc_transfer_qc_02,179,,qc_transfer,2
2024-01-01 11:58:00.000000,STOP,TEU_179_qc_transfer_qc_02,179,,qc_transfer,2
2024-01-01 07:00:00.000000,WAIT_START,TEU_179_qc_load_to_pm_pm_08,179,pm_08,qc_load_to_pm,3
2024-01-01 11:58:00.000000,WAIT_STOP,TEU_179_qc_load_to_pm_pm_08,179,pm_08,qc_load_to_pm,3
2024-01-01 11:58:00.000000,START,TEU_179_qc_load_to_pm_pm_08,179,pm_08,qc_load_to_pm,3
2024-01-01 12:00:00.000000,STOP,TEU_179_qc_load_to_pm_pm_08,179,pm_08,qc_load_to_pm,3
2024-01-01 07:00:00.000000,WAIT_START,TEU_179_qc_travelback_pm_08,179,pm_08,qc_travelback,4
2024-01-01 12:00:00.000000,WAIT_STOP,TEU_179_qc_travelback_pm_08,179,pm_08,qc_travelback,4
2024-01-01 12:00:00.000000,START,TEU_179_qc_travelback_pm_08,179,pm_08,qc_travelback,4
2024-01-01 12:01:00.000000,STOP,TEU_179_qc_travelback_pm_08,179,pm_08,qc_travelback,4
2024-01-01 07:00:00.000000,WAIT_START,TEU_179_pm_travel_to_Yard4_pm_08,179,pm_08,pm_travel_to_yard,5
2024-01-01 12:00:00.000000,WAIT_STOP,TEU_179_pm_travel_to_Yard4_pm_08,179,pm_08,pm_travel_to_yard,5
2024-01-01 12:00:00.000000,START,TEU_179_pm_travel_to_Yard4_pm_08,179,pm_08,pm_travel_to_yard,5
2024-01-01 12:00:49.127167,STOP,TEU_179_pm_travel_to_Yard4_pm_08,179,pm_08,pm_travel_to_yard,5
2024-01-01 07:00:00.000000,WAIT_START,TEU_179_pm_unload_Yard4_pm_08,179,pm_08,pm_unload,6
2024-01-01 12:00:49.127167,WAIT_STOP,TEU_179_pm_unload_Yard4_pm_08,179,pm_08,pm_unload,6
2024-01-01 12:00:49.127167,START,TEU_179_pm_unload_Yard4_pm_08,179,pm_08,pm_unload,6
2024-01-01 12:02:49.127167,STOP,TEU_179_pm_unload_Yard4_pm_08,179,pm_08,pm_unload,6
2024-01-01 07:00:00.000000,WAIT_START,TEU_179_pm_return_pm_08,179,pm_08,pm_return,7
2024-01-01 12:02:49.127167,WAIT_STOP,TEU_179_pm_return_pm_08,179,pm_08,pm_return,7
2024-01-01 12:02:49.127167,START,TEU_179_pm_return_pm_08,179,pm_08,pm_return,7
2024-01-01 12:03:38.254333,STOP,TEU_179_pm_return_pm_08,179,pm_08,pm_return,7
2024-01-01 07:00:00.000000,WAIT_START,TEU_180_qc_pick_qc_03,180,,qc_pick,1
2024-01-01 11:57:00.000000,WAIT_STOP,TEU_180_qc_pick_qc_03,180,,qc_pick,1
2024-01-01 11:57:00.000000,START,TEU_180_qc_pick_qc_03,180,,qc_pick,1
2024-01-01 11:58:00.000000,STOP,TEU_180_qc_pick_qc_03,180,,qc_pick,1
2024-01-01 07:00:00.000000,WAIT_START,TEU_180_qc_transfer_qc_03,180,,qc_transfer,2
2024-01-01 11:58:00.000000,WAIT_STOP,TEU_180_qc_transfer_qc_03,180,,qc_transfer,2
2024-01-01 11:58:00.000000,START,TEU_180_qc_transfer_qc_03,180,,qc_transfer,2
2024-01-01 11:59:00.000000,STOP,TEU_180_qc_transfer_qc_03,180,,qc_transfer,2
2024-01-01 07:00:00.000000,WAIT_START,TEU_180_qc_load_to_pm_pm_09,180,pm_09,qc_load_to_pm,3
2024-01-01 11:59:00.000000,WAIT_STOP,TEU_180_qc_load_to_pm_pm_09,180,pm_09,qc_load_to_pm,3
2024-01-01 11:59:00.000000,START,TEU_180_qc_load_to_pm_pm_09,180,pm_09,qc_load_to_pm,3
2024-01-01 12:01:00.000000,STOP,TEU_180_qc_load_to_pm_pm_09,180,pm_09,qc_load_to_pm,3
2024-01-01 07:00:00.000000,WAIT_START,TEU_180_qc_travelback_pm_09,180,pm_09,qc_travelback,4
2024-01-01 12:01:00.000000,WAIT_STOP,TEU_180_qc_travelback_pm_09,180,pm_09,qc_travelback,4
2024-01-01 12:01:00.000000,START,TEU_180_qc_travelback_pm_09,180,pm_09,qc_travelback,4
2024-01-01 12:02:00.000000,STOP,TEU_180_qc_travelback_pm_09,180,pm_09,qc_travelback,4
2024-01-01 07:00:00.000000,WAIT_START,TEU_180_pm_travel_to_Yard4_pm_09,180,pm_09,pm_travel_to_yard,5
2024-01-01 12:01:00.000000,WAIT_STOP,TEU_180_pm_travel_to_Yard4_pm_09,180,pm_09,pm_travel_to_yard,5
2024-01-01 12:01:00.000000,START,TEU_180_pm_travel_to_Yard4_pm_09,180,pm_09,pm_travel_to_yard,5
2024-01-01 12:01:49.127167,STOP,TEU_180_pm_travel_to_Yard4_pm_09,180,pm_09,pm_travel_to_yard,5
2024-01-01 07:00:00.000000,WAIT_START,TEU_180_pm_unload_Yard4_pm_09,180,pm_09,pm_unload,6
2024-01-01 12:01:49.127167,WAIT_STOP,TEU_180_pm_unload_Yard4_pm_09,180,pm_09,pm_unload,6
2024-01-01 12:02:49.127167,START,TEU_180_pm_unload_Yard4_pm_09,180,pm_09,pm_unload,6
2024-01-01 12:04:49.127167,STOP,TEU_180_pm_unload_Yard4_pm_09,180,pm_09,pm_unload,6
2024-01-01 07:00:00.000000,WAIT_START,TEU_180_pm_return_pm_09,180,pm_09,pm_return,7
2024-01-01 12:04:49.127167,WAIT_STOP,TEU_180_pm_return_pm_09,180,pm_09,pm_return,7
2024-01-01 12:04:49.127167,START,TEU_180_pm_return_pm_09,180,pm_09,pm_return,7
2024-01-01 12:05:38.254333,STOP,TEU_180_pm_return_pm_09,180,pm_09,pm_return,7
2024-01-01 07:00:00.000000,WAIT_START,TEU_181_qc_pick_qc_01,181,,qc_pick,1
2024-01-01 12:00:00.000000,WAIT_STOP,TEU_181_qc_pick_qc_01,181,,qc_pick,1
2024-01-01 12:00:00.000000,START,TEU_181_qc_pick_qc_01,181,,qc_pick,1
2024-01-01 12:01:00.000000,STOP,TEU_181_qc_pick_qc_01,181,,qc_pick,1
2024-01-01 07:00:00.000000,WAIT_START,TEU_181_qc_transfer_qc_01,181,,qc_transfer,2
2024-01-01 12:01:00.000000,WAIT_STOP,TEU_181_qc_transfer_qc_01,181,,qc_transfer,2
2024-01-01 12:01:00.000000,START,TEU_181_qc_transfer_qc_01,181,,qc_transfer,2
2024-01-01 12:02:00.000000,STOP,TEU_181_qc_transfer_qc_01,181,,qc_transfer,2
2024-01-01 07:00:00.000000,WAIT_START,TEU_181_qc_load_to_pm_pm_01,181,pm_01,qc_load_to_pm,3
2024-01-01 12:02:00.000000,WAIT_STOP,TEU_181_qc_load_to_pm_pm_01,181,pm_01,qc_load_to_pm,3
2024-01-01 12:02:00.000000,START,TEU_181_qc_load_to_pm_pm_01,181,pm_01,qc_load_to_pm,3
2024-01-01 12:04:00.000000,STOP,TEU_181_qc_load_to_pm_pm_01,181,pm_01,qc_load_to_pm,3
2024-01-01 07:00:00.000000,WAIT_START,TEU_181_qc_travelback_pm_01,181,pm_01,qc_travelback,4
2024-01-01 12:04:00.000000,WAIT_STOP,TEU_181_qc_travelback_pm_01,181,pm_01,qc_travelback,4
2024-01-01 12:04:00.000000,START,TEU_181_qc_travelback_pm_01,181,pm_01,qc_travelback,4
2024-01-01 12:05:00.000000,STOP,TEU_181_qc_travelback_pm_01,181,pm_01,qc_travelback,4
2024-01-01 07:00:00.000000,WAIT_START,TEU_181_pm_travel_to_Yard2_pm_01,181,pm_01,pm_travel_to_yard,5
2024-01-01 12:04:00.000000,WAIT_STOP,TEU_181_pm_travel_to_Yard2_pm_01,181,pm_01,pm_travel_to_yard,5
2024-01-01 12:04:00.000000,START,TEU_181_pm_travel_to_Yard2_pm_01,181,pm_01,pm_travel_to_yard,5
2024-01-01 12:04:24.563583,STOP,TEU_181_pm_travel_to_Yard2_pm_01,181,pm_01,pm_travel_to_yard,5
2024-01-01 07:00:00.000000,WAIT_START,TEU_181_pm_unload_Yard2_pm_01,181,pm_01,pm_unload,6
2024-01-01 12:04:24.563583,WAIT_STOP,TEU_181_pm_unload_Yard2_pm_01,181,pm_01,pm_unload,6
2024-01-01 12:04:24.563583,START,TEU_181_pm_unload_Yard2_pm_01,181,pm_01,pm_unload,6
2024-01-01 12:06:24.563583,STOP,TEU_181_pm_unload_Yard2_pm_01,181,pm_01,pm_unload,6
2024-01-01 07:00:00.000000,WAIT_START,TEU_181_pm_return_pm_01,181,pm_01,pm_return,7
2024-01-01 12:06:24.563583,WAIT_STOP,TEU_181_pm_return_pm_01,181,pm_01,pm_return,7
2024-01-01 12:06:24.563583,START,TEU_181_pm_return_pm_01,181,pm_01,pm_return,7
2024-01-01 12:06:49.127167,STOP,TEU_181_pm_return_pm_01,181,pm_01,pm_return,7
2024-01-01 07:00:00.000000,WAIT_START,TEU_182_qc_pick_qc_02,182,,qc_pick,1
2024-01-01 12:01:00.000000,WAIT_STOP,TEU_182_qc_pick_qc_02,182,,qc_pick,1
2024-01-01 12:01:00.000000,START,TEU_182_qc_pick_qc_02,182,,qc_pick,1
2024-01-01 12:02:00.000000,STOP,TEU_182_qc_pick_qc_02,182,,qc_pick,1
2024-01-01 07:00:00.000000,WAIT_START,TEU_182_qc_transfer_qc_02,182,,qc_transfer,2
2024-01-01 12:02:00.000000,WAIT_STOP,TEU_182_qc_transfer_qc_02,182,,qc_transfer,2
2024-01-01 12:02:00.000000,START,TEU_182_qc_transfer_qc_02,182,,qc_transfer,2
2024-01-01 12:03:00.000000,STOP,TEU_182_qc_transfer_qc_02,182,,qc_transfer,2
2024-01-01 07:00:00.000000,WAIT_START,TEU_182_qc_load_to_pm_pm_02,182,pm_02,qc_load_to_pm,3
2024-01-01 12:03:00.000000,WAIT_STOP,TEU_182_qc_load_to_pm_pm_02,182,pm_02,qc_load_to_pm,3
2024-01-01 12:03:00.000000,START,TEU_182_qc_load_to_pm_pm_02,182,pm_02,qc_load_to_pm,3
2024-01-01 12:05:00.000000,STOP,TEU_182_qc_load_to_pm_pm_02,182,pm_02,qc_load_to_pm,3
2024-01-01 07:00:00.000000,WAIT_START,TEU_182_qc_travelback_pm_02,182,pm_02,qc_travelback,4
2024-01-01 12:05:00.000000,WAIT_STOP,TEU_182_qc_travelback_pm_02,182,pm_02,qc_travelback,4
2024-01-01 12:05:00.000000,START,TEU_182_qc_travelback_pm_02,182,pm_02,qc_travelback,4
2024-01-01 12:06:00.000000,STOP,TEU_182_qc_travelback_pm_02,182,pm_02,qc_travelback,4
2024-01-01 07:00:00.000000,WAIT_START,TEU_182_pm_travel_to_Yard4_pm_02,182,pm_02,pm_travel_to_yard,5
2024-01-01 12:05:00.000000,WAIT_STOP,TEU_182_pm_travel_to_Yard4_pm_02,182,pm_02,pm_travel_to_yard,5
2024-01-01 12:05:00.000000,START,TEU_182_pm_travel_to_Yard4_pm_02,182,pm_02,pm_travel_to_yard,5
2024-01-01 12:05:49.127167,STOP,TEU_182_pm_travel_to_Yard4_pm_02,182,pm_02,pm_travel_to_yard,5
2024-01-01 07:00:00.000000,WAIT_START,TEU_182_pm_unload_Yard4_pm_02,182,pm_02,pm_unload,6
2024-01-01 12:05:49.127167,WAIT_STOP,TEU_182_pm_unload_Yard4_pm_02,182,pm_02,pm_unload,6
2024-01-01 12:05:49.127167,START,TEU_182_pm_unload_Yard4_pm_02,182,pm_02,pm_unload,6
2024-01-01 12:07:49.127167,STOP,TEU_182_pm_unload_Yard4_pm_02,182,pm_02,pm_unload,6
2024-01-01 07:00:00.000000,WAIT_START,TEU_182_pm_return_pm_02,182,pm_02,pm_return,7
2024-01-01 12:07:49.127167,WAIT_STOP,TEU_182_pm_return_pm_02,182,pm_02,pm_return,7
2024-01-01 12:07:49.127167,START,TEU_182_pm_return_pm_02,182,pm_02,pm_return,7
2024-01-01 12:08:38.254333,STOP,TEU_182_pm_return_pm_02,182,pm_02,pm_return,7
2024-01-01 07:00:00.000000,WAIT_START,TEU_183_qc_pick_qc_03,183,,qc_pick,1
2024-01-01 12:02:00.000000,WAIT_STOP,TEU_183_qc_pick_qc_03,183,,qc_pick,1
2024-01-01 12:02:00.000000,START,TEU_183_qc_pick_qc_03,183,,qc_pick,1
2024-01-01 12:03:00.000000,STOP,TEU_183_qc_pick_qc_03,183,,qc_pick,1
2024-01-01 07:00:00.000000,WAIT_START,TEU_183_qc_transfer_qc_03,183,,qc_transfer,2
2024-01-01 12:03:00.000000,WAIT_STOP,TEU_183_qc_transfer_qc_03,183,,qc_transfer,2
2024-01-01 12:03:00.000000,START,TEU_183_qc_transfer_qc_03,183,,qc_transfer,2
2024-01-01 12:04:00.000000,STOP,TEU_183_qc_transfer_qc_03,183,,qc_transfer,2
2024-01-01 07:00:00.000000,WAIT_START,TEU_183_qc_load_to_pm_pm_03,183,pm_03,qc_load_to_pm,3
2024-01-01 12:04:00.000000,WAIT_STOP,TEU_183_qc_load_to_pm_pm_03,183,pm_03,qc_load_to_pm,3
2024-01-01 12:04:00.000000,START,TEU_183_qc_load_to_pm_pm_03,183,pm_03,qc_load_to_pm,3
2024-01-01 12:06:00.000000,STOP,TEU_183_qc_load_to_pm_pm_03,183,pm_03,qc_load_to_pm,3
2024-01-01 07:00:00.000000,WAIT_START,TEU_183_qc_travelback_pm_03,183,pm_03,qc_travelback,4
2024-01-01 12:06:00.000000,WAIT_STOP,TEU_183_qc_travelback_pm_03,183,pm_03,qc_travelback,4
2024-01-01 12:06:00.000000,START,TEU_183_qc_travelback_pm_03,183,pm_03,qc_travelback,4
2024-01-01 12:07:00.000000,STOP,TEU_183_qc_travelback_pm_03,183,pm_03,qc_travelback,4
2024-01-01 07:00:00.000000,WAIT_START,TEU_183_pm_travel_to_Yard2_pm_03,183,pm_03,pm_travel_to_yard,5
2024-01-01 12:06:00.000000,WAIT_STOP,TEU_183_pm_travel_to_Yard2_pm_03,183,pm_03,pm_travel_to_yard,5
2024-01-01 12:06:00.000000,START,TEU_183_pm_travel_to_Yard2_pm_03,183,pm_03,pm_travel_to_yard,5
2024-01-01 12:06:24.563583,STOP,TEU_183_pm_travel_to_Yard2_pm_03,183,pm_03,pm_travel_to_yard,5
2024-01-01 07:00:00.000000,WAIT_START,TEU_183_pm_unload_Yard2_pm_03,183,pm_03,pm_unload,6
2024-01-01 12:06:24.563583,WAIT_STOP,TEU_183_pm_unload_Yard2_pm_03,183,pm_03,pm_unload,6
2024-01-01 12:06:24.563583,START,TEU_183_pm_unload_Yard2_pm_03,183,pm_03,pm_unload,6
2024-01-01 12:08:24.563583,STOP,TEU_183_pm_unload_Yard2_pm_03,183,pm_03,pm_unload,6
2024-01-01 07:00:00.000000,WAIT_START,TEU_183_pm_return_pm_03,183,pm_03,pm_return,7
2024-01-01 12:08:24.563583,WAIT_STOP,TEU_183_pm_return_pm_03,183,pm_03,pm_return,7
2024-01-01 12:08:24.563583,START,TEU_183_pm_return_pm_03,183,pm_03,pm_return,7
2024-01-01 12:08:49.127167,STOP,TEU_183_pm_return_pm_03,183,pm_03,pm_return,7
2024-01-01 07:00:00.000000,WAIT_START,TEU_184_qc_pick_qc_01,184,,qc_pick,1
2024-01-01 12:05:00.000000,WAIT_STOP,TEU_184_qc_pick_qc_01,184,,qc_pick,1
2024-01-01 12:05:00.000000,START,TEU_184_qc_pick_qc_01,184,,qc_pick,1
2024-01-01 12:06:00.000000,STOP,TEU_184_qc_pick_qc_01,184,,qc_pick,1
2024-01-01 07:00:00.000000,WAIT_START,TEU_184_qc_transfer_qc_01,184,,qc_transfer,2
2024-01-01 12:06:00.000000,WAIT_STOP,TEU_184_qc_transfer_qc_01,184,,qc_transfer,2
2024-01-01 12:06:00.000000,START,TEU_184_qc_transfer_qc_01,184,,qc_transfer,2
2024-01-01 12:07:00.000000,STOP,TEU_184_qc_transfer_qc_01,184,,qc_transfer,2
2024-01-01 07:00:00.000000,WAIT_START,TEU_184_qc_load_to_pm_pm_04,184,pm_04,qc_load_to_pm,3
2024-01-01 12:07:00.000000,WAIT_STOP,TEU_184_qc_load_to_pm_pm_04,184,pm_04,qc_load_to_pm,3
2024-01-01 12:07:00.000000,START,TEU_184_qc_load_to_pm_pm_04,184,pm_04,qc_load_to_pm,3
2024-01-01 12:09:00.000000,STOP,TEU_184_qc_load_to_pm_pm_04,184,pm_04,qc_load_to_pm,3
2024-01-01 07:00:00.000000,WAIT_START,TEU_184_qc_travelback_pm_04,184,pm_04,qc_travelback,4
2024-01-01 12:09:00.000000,WAIT_STOP,TEU_184_qc_travelback_pm_04,184,pm_04,qc_travelback,4
2024-01-01 12:09:00.000000,START,TEU_184_qc_travelback_pm_04,184,pm_04,qc_travelback,4
2024-01-01 12:10:00.000000,STOP,TEU_184_qc_travelback_pm_04,184,pm_04,qc_travelback,4
2024-01-01 07:00:00.000000,WAIT_START,TEU_184_pm_travel_to_Yard2_pm_04,184,pm_04,pm_travel_to_yard,5
2024-01-01 12:09:00.000000,WAIT_STOP,TEU_184_pm_travel_to_Yard2_pm_04,184,pm_04,pm_travel_to_yard,5
2024-01-01 12:09:00.000000,START,TEU_184_pm_travel_to_Yard2_pm_04,184,pm_04,pm_travel_to_yard,5
2024-01-01 12:09:24.563583,STOP,TEU_184_pm_travel_to_Yard2_pm_04,184,pm_04,pm_travel_to_yard,5
2024-01-01 07:00:00.000000,WAIT_START,TEU_184_pm_unload_Yard2_pm_04,184,pm_04,pm_unload,6
2024-01-01 12:09:24.563583,WAIT_STOP,TEU_184_pm_unload_Yard2_pm_04,184,pm_04,pm_unload,6
2024-01-01 12:09:24.563583,START,TEU_184_pm_unload_Yard2_pm_04,184,pm_04,pm_unload,6
2024-01-01 12:11:24.563583,STOP,TEU_184_pm_unload_Yard2_pm_04,184,pm_04,pm_unload,6
2024-01-01 07:00:00.000000,WAIT_START,TEU_184_pm_return_pm_04,184,pm_04,pm_return,7
2024-01-01 12:11:24.563583,WAIT_STOP,TEU_184_pm_return_pm_04,184,pm_04,pm_return,7
2024-01-01 12:11:24.563583,START,TEU_184_pm_return_pm_04,184,pm_04,pm_return,7
2024-01-01 12:11:49.127167,STOP,TEU_184_pm_return_pm_04,184,pm_04,pm_return,7
2024-01-01 07:00:00.000000,WAIT_START,TEU_185_qc_pick_qc_02,185,,qc_pick,1
2024-01-01 12:06:00.000000,WAIT_STOP,TEU_185_qc_pick_qc_02,185,,qc_pick,1
2024-01-01 12:06:00.000000,START,TEU_185_qc_pick_qc_02,185,,qc_pick,1
2024-01-01 12:07:00.000000,STOP,TEU_185_qc_pick_qc_02,185,,qc_pick,1
2024-01-01 07:00:00.000000,WAIT_START,TEU_185_qc_transfer_qc_02,185,,qc_transfer,2
2024-01-01 12:07:00.000000,WAIT_STOP,TEU_185_qc_transfer_qc_02,185,,qc_transfer,2
2024-01-01 12:07:00.000000,START,TEU_185_qc_transfer_qc_02,185,,qc_transfer,2
2024-01-01 12:08:00.000000,STOP,TEU_185_qc_transfer_qc_02,185,,qc_transfer,2
2024-01-01 07:00:00.000000,WAIT_START,TEU_185_qc_load_to_pm_pm_05,185,pm_05,qc_load_to_pm,3
2024-01-01 12:08:00.000000,WAIT_STOP,TEU_185_qc_load_to_pm_pm_05,185,pm_05,qc_load_to_pm,3
2024-01-01 12:08:00.000000,START,TEU_185_qc_load_to_pm_pm_05,185,pm_05,qc_load_to_pm,3
2024-01-01 12:10:00.000000,STOP,TEU_185_qc_load_to_pm_pm_05,185,pm_05,qc_load_to_pm,3
2024-01-01 07:00:00.000000,WAIT_START,TEU_185_qc_travelback_pm_05,185,pm_05,qc_travelback,4
2024-01-01 12:10:00.000000,WAIT_STOP,TEU_185_qc_travelback_pm_05,185,pm_05,qc_travelback,4
2024-01-01 12:10:00.000000,START,TEU_185_qc_travelback_pm_05,185,pm_05,qc_travelback,4
2024-01-01 12:11:00.000000,STOP,TEU_185_qc_travelback_pm_05,185,pm_05,qc_travelback,4
2024-01-01 07:00:00.000000,WAIT_START,TEU_185_pm_travel_to_Yard2_pm_05,185,pm_05,pm_travel_to_yard,5
2024-01-01 12:10:00.000000,WAIT_STOP,TEU_185_pm_travel_to_Yard2_pm_05,185,pm_05,pm_travel_to_yard,5
2024-01-01 12:10:00.000000,START,TEU_185_pm_travel_to_Yard2_pm_05,185,pm_05,pm_travel_to_yard,5
2024-01-01 12:10:24.563583,STOP,TEU_185_pm_travel_to_Yard2_pm_05,185,pm_05,pm_travel_to_yard,5
2024-01-01 07:00:00.000000,WAIT_START,TEU_185_pm_unload_Yard2_pm_05,185,pm_05,pm_unload,6
2024-01-01 12:10:24.563583,WAIT_STOP,TEU_185_pm_unload_Yard2_pm_05,185,pm_05,pm_unload,6
2024-01-01 12:11:24.563583,START,TEU_185_pm_unload_Yard2_pm_05,185,pm_05,pm_unload,6
2024-01-01 12:13:24.563583,STOP,TEU_185_pm_unload_Yard2_pm_05,185,pm_05,pm_unload,6
2024-01-01 07:00:00.000000,WAIT_START,TEU_185_pm_return_pm_05,185,pm_05,pm_return,7
2024-01-01 12:13:24.563583,WAIT_STOP,TEU_185_pm_return_pm_05,185,pm_05,pm_return,7
2024-01-01 12:13:24.563583,START,TEU_185_pm_return_pm_05,185,pm_05,pm_return,7
2024-01-01 12:13:49.127167,STOP,TEU_185_pm_return_pm_05,185,pm_05,pm_return,7
2024-01-01 07:00:00.000000,WAIT_START,TEU_186_qc_pick_qc_03,186,,qc_pick,1
2024-01-01 12:07:00.000000,WAIT_STOP,TEU_186_qc_pick_qc_03,186,,qc_pick,1
2024-01-01 12:07:00.000000,START,TEU_186_qc_pick_qc_03,186,,qc_pick,1
2024-01-01 12:08:00.000000,STOP,TEU_186_qc_pick_qc_03,186,,qc_pick,1
2024-01-01 07:00:00.000000,WAIT_START,TEU_186_qc_transfer_qc_03,186,,qc_transfer,2
2024-01-01 12:08:00.000000,WAIT_STOP,TEU_186_qc_transfer_qc_03,186,,qc_transfer,2
2024-01-01 12:08:00.000000,START,TEU_186_qc_transfer_qc_03,186,,qc_transfer,2
2024-01-01 12:09:00.000000,STOP,TEU_186_qc_transfer_qc_03,186,,qc_transfer,2
2024-01-01 07:00:00.000000,WAIT_START,TEU_186_qc_load_to_pm_pm_06,186,pm_06,qc_load_to_pm,3
2024-01-01 12:09:00.000000,WAIT_STOP,TEU_186_qc_load_to_pm_pm_06,186,pm_06,qc_load_to_pm,3
2024-01-01 12:09:00.000000,START,TEU_186_qc_load_to_pm_pm_06,186,pm_06,qc_load_to_pm,3
2024-01-01 12:11:00.000000,STOP,TEU_186_qc_load_to_pm_pm_06,186,pm_06,qc_load_to_pm,3
2024-01-01 07:00:00.000000,WAIT_START,TEU_186_qc_travelback_pm_06,186,pm_06,qc_travelback,4
2024-01-01 12:11:00.000000,WAIT_STOP,TEU_186_qc_travelback_pm_06,186,pm_06,qc_travelback,4
2024-01-01 12:11:00.000000,START,TEU_186_qc_travelback_pm_06,186,pm_06,qc_travelback,4
2024-01-01 12:12:00.000000,STOP,TEU_186_qc_travelback_pm_06,186,pm_06,qc_travelback,4
2024-01-01 07:00:00.000000,WAIT_START,TEU_186_pm_travel_to_Yard4_pm_06,186,pm_06,pm_travel_to_yard,5
2024-01-01 12:11:00.000000,WAIT_STOP,TEU_186_pm_travel_to_Yard4_pm_06,186,pm_06,pm_travel_to_yard,5
2024-01-01 12:11:00.000000,START,TEU_186_pm_travel_to_Yard4_pm_06,186,pm_06,pm_travel_to_yard,5
2024-01-01 12:11:49.127167,STOP,TEU_186_pm_travel_to_Yard4_pm_06,186,pm_06,pm_travel_to_yard,5
2024-01-01 07:00:00.000000,WAIT_START,TEU_186_pm_unload_Yard4_pm_06,186,pm_06,pm_unload,6
2024-01-01 12:11:49.127167,WAIT_STOP,TEU_186_pm_unload_Yard4_pm_06,186,pm_06,pm_unload,6
2024-01-01 12:11:49.127167,START,TEU_186_pm_unload_Yard4_pm_06,186,pm_06,pm_unload,6
2024-01-01 12:13:49.127167,STOP,TEU_186_pm_unload_Yard4_pm_06,186,pm_06,pm_unload,6
2024-01-01 07:00:00.000000,WAIT_START,TEU_186_pm_return_pm_06,186,pm_06,pm_return,7
2024-01-01 12:13:49.127167,WAIT_STOP,TEU_186_pm_return_pm_06,186,pm_06,pm_return,7
2024-01-01 12:13:49.127167,START,TEU_186_pm_return_pm_06,186,pm_06,pm_return,7
2024-01-01 12:14:38.254333,STOP,TEU_186_pm_return_pm_06,186,pm_06,pm_return,7
2024-01-01 07:00:00.000000,WAIT_START,TEU_187_qc_pick_qc_01,187,,qc_pick,1
2024-01-01 12:10:00.000000,WAIT_STOP,TEU_187_qc_pick_qc_01,187,,qc_pick,1
2024-01-01 12:10:00.000000,START,TEU_187_qc_pick_qc_01,187,,qc_pick,1
2024-01-01 12:11:00.000000,STOP,TEU_187_qc_pick_qc_01,187,,qc_pick,1
2024-01-01 07:00:00.000000,WAIT_START,TEU_187_qc_transfer_qc_01,187,,qc_transfer,2
2024-01-01 12:11:00.000000,WAIT_STOP,TEU_187_qc_transfer_qc_01,187,,qc_transfer,2
2024-01-01 12:11:00.000000,START,TEU_187_qc_transfer_qc_01,187,,qc_transfer,2
2024-01-01 12:12:00.000000,STOP,TEU_187_qc_transfer_qc_01,187,,qc_transfer,2
2024-01-01 07:00:00.000000,WAIT_START,TEU_187_qc_load_to_pm_pm_07,187,pm_07,qc_load_to_pm,3
2024-01-01 12:12:00.000000,WAIT_STOP,TEU_187_qc_load_to_pm_pm_07,187,pm_07,qc_load_to_pm,3
2024-01-01 12:12:00.000000,START,TEU_187_qc_load_to_pm_pm_07,187,pm_07,qc_load_to_pm,3
2024-01-01 12:14:00.000000,STOP,TEU_187_qc_load_to_pm_pm_07,187,pm_07,qc_load_to_pm,3
2024-01-01 07:00:00.000000,WAIT_START,TEU_187_qc_travelback_pm_07,187,pm_07,qc_travelback,4
2024-01-01 12:14:00.000000,WAIT_STOP,TEU_187_qc_travelback_pm_07,187,pm_07,qc_travelback,4
2024-01-01 12:14:00.000000,START,TEU_187_qc_travelback_pm_07,187,pm_07,qc_travelback,4
2024-01-01 12:15:00.000000,STOP,TEU_187_qc_travelback_pm_07,187,pm_07,qc_travelback,4
2024-01-01 07:00:00.000000,WAIT_START,TEU_187_pm_travel_to_Yard2_pm_07,187,pm_07,pm_travel_to_yard,5
2024-01-01 12:14:00.000000,WAIT_STOP,TEU_187_pm_travel_to_Yard2_pm_07,187,pm_07,pm_travel_to_yard,5
2024-01-01 12:14:00.000000,START,TEU_187_pm_travel_to_Yard2_pm_07,187,pm_07,pm_travel_to_yard,5
2024-01-01 12:14:24.563583,STOP,TEU_187_pm_travel_to_Yard2_pm_07,187,pm_07,pm_travel_to_yard,5
2024-01-01 07:00:00.000000,WAIT_START,TEU_187_pm_unload_Yard2_pm_07,187,pm_07,pm_unload,6
2024-01-01 12:14:24.563583,WAIT_STOP,TEU_187_pm_unload_Yard2_pm_07,187,pm_07,pm_unload,6
2024-01-01 12:14:24.563583,START,TEU_187_pm_unload_Yard2_pm_07,187,pm_07,pm_unload,6
2024-01-01 12:16:24.563583,STOP,TEU_187_pm_unload_Yard2_pm_07,187,pm_07,pm_unload,6
2024-01-01 07:00:00.000000,WAIT_START,TEU_187_pm_return_pm_07,187,pm_07,pm_return,7
2024-01-01 12:16:24.563583,WAIT_STOP,TEU_187_pm_return_pm_07,187,pm_07,pm_return,7
2024-01-01 12:16:24.563583,START,TEU_187_pm_return_pm_07,187,pm_07,pm_return,7
2024-01-01 12:16:49.127167,STOP,TEU_187_pm_return_pm_07,187,pm_07,pm_return,7
2024-01-01 07:00:00.000000,WAIT_START,TEU_188_qc_pick_qc_02,188,,qc_pick,1
2024-01-01 12:11:00.000000,WAIT_STOP,TEU_188_qc_pick_qc_02,188,,qc_pick,1
2024-01-01 12:11:00.000000,START,TEU_188_qc_pick_qc_02,188,,qc_pick,1
2024-01-01 12:12:00.000000,STOP,TEU_188_qc_pick_qc_02,188,,qc_pick,1
2024-01-01 07:00:00.000000,WAIT_START,TEU_188_qc_transfer_qc_02,188,,qc_transfer,2
2024-01-01 12:12:00.000000,WAIT_STOP,TEU_188_qc_transfer_qc_02,188,,qc_transfer,2
2024-01-01 12:12:00.000000,START,TEU_188_qc_transfer_qc_02,188,,qc_transfer,2
2024-01-01 12:13:00.000000,STOP,TEU_188_qc_transfer_qc_02,188,,qc_transfer,2
2024-01-01 07:00:00.000000,WAIT_START,TEU_188_qc_load_to_pm_pm_08,188,pm_08,qc_load_to_pm,3
2024-01-01 12:13:00.000000,WAIT_STOP,TEU_188_qc_load_to_pm_pm_08,188,pm_08,qc_load_to_pm,3
2024-01-01 12:13:00.000000,START,TEU_188_qc_load_to_pm_pm_08,188,pm_08,qc_load_to_pm,3
2024-01-01 12:15:00.000000,STOP,TEU_188_qc_load_to_pm_pm_08,188,pm_08,qc_load_to_pm,3
2024-01-01 07:00:00.000000,WAIT_START,TEU_188_qc_travelback_pm_08,188,pm_08,qc_travelback,4
2024-01-01 12:15:00.000000,WAIT_STOP,TEU_188_qc_travelback_pm_08,188,pm_08,qc_travelback,4
2024-01-01 12:15:00.000000,START,TEU_188_qc_travelback_pm_08,188,pm_08,qc_travelback,4
2024-01-01 12:16:00.000000,STOP,TEU_188_qc_travelback_pm_08,188,pm_08,qc_travelback,4
2024-01-01 07:00:00.000000,WAIT_START,TEU_188_pm_travel_to_Yard2_pm_08,188,pm_08,pm_travel_to_yard,5
2024-01-01 12:15:00.000000,WAIT_STOP,TEU_188_pm_travel_to_Yard2_pm_08,188,pm_08,pm_travel_to_yard,5
2024-01-01 12:15:00.000000,START,TEU_188_pm_travel_to_Yard2_pm_08,188,pm_08,pm_travel_to_yard,5
2024-01-01 12:15:24.563583,STOP,TEU_188_pm_travel_to_Yard2_pm_08,188,pm_08,pm_travel_to_yard,5
2024-01-01 07:00:00.000000,WAIT_START,TEU_188_pm_unload_Yard2_pm_08,188,pm_08,pm_unload,6
2024-01-01 12:15:24.563583,WAIT_STOP,TEU_188_pm_unload_Yard2_pm_08,188,pm_08,pm_unload,6
2024-01-01 12:16:24.563583,START,TEU_188_pm_unload_Yard2_pm_08,188,pm_08,pm_unload,6
2024-01-01 12:18:24.563583,STOP,TEU_188_pm_unload_Yard2_pm_08,188,pm_08,pm_unload,6
2024-01-01 07:00:00.000000,WAIT_START,TEU_188_pm_return_pm_08,188,pm_08,pm_return,7
2024-01-01 12:18:24.563583,WAIT_STOP,TEU_188_pm_return_pm_08,188,pm_08,pm_return,7
2024-01-01 12:18:24.563583,START,TEU_188_pm_return_pm_08,188,pm_08,pm_return,7
2024-01-01 12:18:49.127167,STOP,TEU_188_pm_return_pm_08,188,pm_08,pm_return,7
2024-01-01 07:00:00.000000,WAIT_START,TEU_189_qc_pick_qc_03,189,,qc_pick,1
2024-01-01 12:12:00.000000,WAIT_STOP,TEU_189_qc_pick_qc_03,189,,qc_pick,1
2024-01-01 12:12:00.000000,START,TEU_189_qc_pick_qc_03,189,,qc_pick,1
2024-01-01 12:13:00.000000,STOP,TEU_189_qc_pick_qc_03,189,,qc_pick,1
2024-01-01 07:00:00.000000,WAIT_START,TEU_189_qc_transfer_qc_03,189,,qc_transfer,2
2024-01-01 12:13:00.000000,WAIT_STOP,TEU_189_qc_transfer_qc_03,189,,qc_transfer,2
2024-01-01 12:13:00.000000,START,TEU_189_qc_transfer_qc_03,189,,qc_transfer,2
2024-01-01 12:14:00.000000,STOP,TEU_189_qc_transfer_qc_03,189,,qc_transfer,2
2024-01-01 07:00:00.000000,WAIT_START,TEU_189_qc_load_to_pm_pm_09,189,pm_09,qc_load_to_pm,3
2024-01-01 12:14:00.000000,WAIT_STOP,TEU_189_qc_load_to_pm_pm_09,189,pm_09,qc_load_to_pm,3
2024-01-01 12:14:00.000000,START,TEU_189_qc_load_to_pm_pm_09,189,pm_09,qc_load_to_pm,3
2024-01-01 12:16:00.000000,STOP,TEU_189_qc_load_to_pm_pm_09,189,pm_09,qc_load_to_pm,3
2024-01-01 07:00:00.000000,WAIT_START,TEU_189_qc_travelback_pm_09,189,pm_09,qc_travelback,4
2024-01-01 12:16:00.000000,WAIT_STOP,TEU_189_qc_travelback_pm_09,189,pm_09,qc_travelback,4
2024-01-01 12:16:00.000000,START,TEU_189_qc_travelback_pm_09,189,pm_09,qc_travelback,4
2024-01-01 12:17:00.000000,STOP,TEU_189_qc_travelback_pm_09,189,pm_09,qc_travelback,4
2024-01-01 07:00:00.000000,WAIT_START,TEU_189_pm_travel_to_Yard2_pm_09,189,pm_09,pm_travel_to_yard,5
2024-01-01 12:16:00.000000,WAIT_STOP,TEU_189_pm_travel_to_Yard2_pm_09,189,pm_09,pm_travel_to_yard,5
2024-01-01 12:16:00.000000,START,TEU_189_pm_travel_to_Yard2_pm_09,189,pm_09,pm_travel_to_yard,5
2024-01-01 12:16:24.563583,STOP,TEU_189_pm_travel_to_Yard2_pm_09,189,pm_09,pm_travel_to_yard,5
2024-01-01 07:00:00.000000,WAIT_START,TEU_189_pm_unload_Yard2_pm_09,189,pm_09,pm_unload,6
2024-01-01 12:16:24.563583,WAIT_STOP,TEU_189_pm_unload_Yard2_pm_09,189,pm_09,pm_unload,6
2024-01-01 12:18:24.563583,START,TEU_189_pm_unload_Yard2_pm_09,189,pm_09,pm_unload,6
2024-01-01 12:20:24.563583,STOP,TEU_189_pm_unload_Yard2_pm_09,189,pm_09,pm_unload,6
2024-01-01 07:00:00.000000,WAIT_START,TEU_189_pm_return_pm_09,189,pm_09,pm_return,7
2024-01-01 12:20:24.563583,WAIT_STOP,TEU_189_pm_return_pm_09,189,pm_09,pm_return,7
2024-01-01 12:20:24.563583,START,TEU_189_pm_return_pm_09,189,pm_09,pm_return,7
2024-01-01 12:20:49.127167,STOP,TEU_189_pm_return_pm_09,189,pm_09,pm_return,7
2024-01-01 07:00:00.000000,WAIT_START,TEU_190_qc_pick_qc_01,190,,qc_pick,1
2024-01-01 12:15:00.000000,WAIT_STOP,TEU_190_qc_pick_qc_01,190,,qc_pick,1
2024-01-01 12:15:00.000000,START,TEU_190_qc_pick_qc_01,190,,qc_pick,1
2024-01-01 12:16:00.000000,STOP,TEU_190_qc_pick_qc_01,190,,qc_pick,1
2024-01-01 07:00:00.000000,WAIT_START,TEU_190_qc_transfer_qc_01,190,,qc_transfer,2
2024-01-01 12:16:00.000000,WAIT_STOP,TEU_190_qc_transfer_qc_01,190,,qc_transfer,2
2024-01-01 12:16:00.000000,START,TEU_190_qc_transfer_qc_01,190,,qc_transfer,2
2024-01-01 12:17:00.000000,STOP,TEU_190_qc_transfer_qc_01,190,,qc_transfer,2
2024-01-01 07:00:00.000000,WAIT_START,TEU_190_qc_load_to_pm_pm_01,190,pm_01,qc_load_to_pm,3
2024-01-01 12:17:00.000000,WAIT_STOP,TEU_190_qc_load_to_pm_pm_01,190,pm_01,qc_load_to_pm,3
2024-01-01 12:17:00.000000,START,TEU_190_qc_load_to_pm_pm_01,190,pm_01,qc_load_to_pm,3
2024-01-01 12:19:00.000000,STOP,TEU_190_qc_load_to_pm_pm_01,190,pm_01,qc_load_to_pm,3
2024-01-01 07:00:00.000000,WAIT_START,TEU_190_qc_travelback_pm_01,190,pm_01,qc_travelback,4
2024-01-01 12:19:00.000000,WAIT_STOP,TEU_190_qc_travelback_pm_01,190,pm_01,qc_travelback,4
2024-01-01 12:19:00.000000,START,TEU_190_qc_travelback_pm_01,190,pm_01,qc_travelback,4
2024-01-01 12:20:00.000000,STOP,TEU_190_qc_travelback_pm_01,190,pm_01,qc_travelback,4
2024-01-01 07:00:00.000000,WAIT_START,TEU_190_pm_travel_to_Yard2_pm_01,190,pm_01,pm_travel_to_yard,5
2024-01-01 12:19:00.000000,WAIT_STOP,TEU_190_pm_travel_to_Yard2_pm_01,190,pm_01,pm_travel_to_yard,5
2024-01-01 12:19:00.000000,START,TEU_190_pm_travel_to_Yard2_pm_01,190,pm_01,pm_travel_to_yard,5
2024-01-01 12:19:24.563583,STOP,TEU_190_pm_travel_to_Yard2_pm_01,190,pm_01,pm_travel_to_yard,5
2024-01-01 07:00:00.000000,WAIT_START,TEU_190_pm_unload_Yard2_pm_01,190,pm_01,pm_unload,6
2024-01-01 12:19:24.563583,WAIT_STOP,TEU_190_pm_unload_Yard2_pm_01,190,pm_01,pm_unload,6
2024-01-01 12:20:24.563583,START,TEU_190_pm_unload_Yard2_pm_01,190,pm_01,pm_unload,6
2024-01-01 12:22:24.563583,STOP,TEU_190_pm_unload_Yard2_pm_01,190,pm_01,pm_unload,6
2024-01-01 07:00:00.000000,WAIT_START,TEU_190_pm_return_pm_01,190,pm_01,pm_return,7
2024-01-01 12:22:24.563583,WAIT_STOP,TEU_190_pm_return_pm_01,190,pm_01,pm_return,7
2024-01-01 12:22:24.563583,START,TEU_190_pm_return_pm_01,190,pm_01,pm_return,7
2024-01-01 12:22:49.127167,STOP,TEU_190_pm_return_pm_01,190,pm_01,pm_return,7
2024-01-01 07:00:00.000000,WAIT_START,TEU_191_qc_pick_qc_02,191,,qc_pick,1
2024-01-01 12:16:00.000000,WAIT_STOP,TEU_191_qc_pick_qc_02,191,,qc_pick,1
2024-01-01 12:16:00.000000,START,TEU_191_qc_pick_qc_02,191,,qc_pick,1
2024-01-01 12:17:00.000000,STOP,TEU_191_qc_pick_qc_02,191,,qc_pick,1
2024-01-01 07:00:00.000000,WAIT_START,TEU_191_qc_transfer_qc_02,191,,qc_transfer,2
2024-01-01 12:17:00.000000,WAIT_STOP,TEU_191_qc_transfer_qc_02,191,,qc_transfer,2
2024-01-01 12:17:00.000000,START,TEU_191_qc_transfer_qc_02,191,,qc_transfer,2
2024-01-01 12:18:00.000000,STOP,TEU_191_qc_transfer_qc_02,191,,qc_transfer,2
2024-01-01 07:00:00.000000,WAIT_START,TEU_191_qc_load_to_pm_pm_02,191,pm_02,qc_load_to_pm,3
2024-01-01 12:18:00.000000,WAIT_STOP,TEU_191_qc_load_to_pm_pm_02,191,pm_02,qc_load_to_pm,3
2024-01-01 12:18:00.000000,START,TEU_191_qc_load_to_pm_pm_02,191,pm_02,qc_load_to_pm,3
2024-01-01 12:20:00.000000,STOP,TEU_191_qc_load_to_pm_pm_02,191,pm_02,qc_load_to_pm,3
2024-01-01 07:00:00.000000,WAIT_START,TEU_191_qc_travelback_pm_02,191,pm_02,qc_travelback,4
2024-01-01 12:20:00.000000,WAIT_STOP,TEU_191_qc_travelback_pm_02,191,pm_02,qc_travelback,4
2024-01-01 12:20:00.000000,START,TEU_191_qc_travelback_pm_02,191,pm_02,qc_travelback,4
2024-01-01 12:21:00.000000,STOP,TEU_191_qc_travelback_pm_02,191,pm_02,qc_travelback,4
2024-01-01 07:00:00.000000,WAIT_START,TEU_191_pm_travel_to_Yard4_pm_02,191,pm_02,pm_travel_to_yard,5
2024-01-01 12:20:00.000000,WAIT_STOP,TEU_191_pm_travel_to_Yard4_pm_02,191,pm_02,pm_travel_to_yard,5
2024-01-01 12:20:00.000000,START,TEU_191_pm_travel_to_Yard4_pm_02,191,pm_02,pm_travel_to_yard,5
2024-01-01 12:20:49.127167,STOP,TEU_191_pm_travel_to_Yard4_pm_02,191,pm_02,pm_travel_to_yard,5
2024-01-01 07:00:00.000000,WAIT_START,TEU_191_pm_unload_Yard4_pm_02,191,pm_02,pm_unload,6
2024-01-01 12:20:49.127167,WAIT_STOP,TEU_191_pm_unload_Yard4_pm_02,191,pm_02,pm_unload,6
2024-01-01 12:20:49.127167,START,TEU_191_pm_unload_Yard4_pm_02,191,pm_02,pm_unload,6
2024-01-01 12:22:49.127167,STOP,TEU_191_pm_unload_Yard4_pm_02,191,pm_02,pm_unload,6
2024-01-01 07:00:00.000000,WAIT_START,TEU_191_pm_return_pm_02,191,pm_02,pm_return,7
2024-01-01 12:22:49.127167,WAIT_STOP,TEU_191_pm_return_pm_02,191,pm_02,pm_return,7
2024-01-01 12:22:49.127167,START,TEU_191_pm_return_pm_02,191,pm_02,pm_return,7
2024-01-01 12:23:38.254333,STOP,TEU_191_pm_return_pm_02,191,pm_02,pm_return,7
2024-01-01 07:00:00.000000,WAIT_START,TEU_192_qc_pick_qc_03,192,,qc_pick,1
2024-01-01 12:17:00.000000,WAIT_STOP,TEU_192_qc_pick_qc_03,192,,qc_pick,1
2024-01-01 12:17:00.000000,START,TEU_192_qc_pick_qc_03,192,,qc_pick,1
2024-01-01 12:18:00.000000,STOP,TEU_192_qc_pick_qc_03,192,,qc_pick,1
2024-01-01 07:00:00.000000,WAIT_START,TEU_192_qc_transfer_qc_03,192,,qc_transfer,2
2024-01-01 12:18:00.000000,WAIT_STOP,TEU_192_qc_transfer_qc_03,192,,qc_transfer,2
2024-01-01 12:18:00.000000,START,TEU_192_qc_transfer_qc_03,192,,qc_transfer,2
2024-01-01 12:19:00.000000,STOP,TEU_192_qc_transfer_qc_03,192,,qc_transfer,2
2024-01-01 07:00:00.000000,WAIT_START,TEU_192_qc_load_to_pm_pm_03,192,pm_03,qc_load_to_pm,3
2024-01-01 12:19:00.000000,WAIT_STOP,TEU_192_qc_load_to_pm_pm_03,192,pm_03,qc_load_to_pm,3
2024-01-01 12:19:00.000000,START,TEU_192_qc_load_to_pm_pm_03,192,pm_03,qc_load_to_pm,3
2024-01-01 12:21:00.000000,STOP,TEU_192_qc_load_to_pm_pm_03,192,pm_03,qc_load_to_pm,3
2024-01-01 07:00:00.000000,WAIT_START,TEU_192_qc_travelback_pm_03,192,pm_03,qc_travelback,4
2024-01-01 12:21:00.000000,WAIT_STOP,TEU_192_qc_travelback_pm_03,192,pm_03,qc_travelback,4
2024-01-01 12:21:00.000000,START,TEU_192_qc_travelback_pm_03,192,pm_03,qc_travelback,4
2024-01-01 12:22:00.000000,STOP,TEU_192_qc_travelback_pm_03,192,pm_03,qc_travelback,4
2024-01-01 07:00:00.000000,WAIT_START,TEU_192_pm_travel_to_Yard4_pm_03,192,pm_03,pm_travel_to_yard,5
2024-01-01 12:21:00.000000,WAIT_STOP,TEU_192_pm_travel_to_Yard4_pm_03,192,pm_03,pm_travel_to_yard,5
2024-01-01 12:21:00.000000,START,TEU_192_pm_travel_to_Yard4_pm_03,192,pm_03,pm_travel_to_yard,5
2024-01-01 12:21:49.127167,STOP,TEU_192_pm_travel_to_Yard4_pm_03,192,pm_03,pm_travel_to_yard,5
2024-01-01 07:00:00.000000,WAIT_START,TEU_192_pm_unload_Yard4_pm_03,192,pm_03,pm_unload,6
2024-01-01 12:21:49.127167,WAIT_STOP,TEU_192_pm_unload_Yard4_pm_03,192,pm_03,pm_unload,6
2024-01-01 12:22:49.127167,START,TEU_192_pm_unload_Yard4_pm_03,192,pm_03,pm_unload,6
2024-01-01 12:24:49.127167,STOP,TEU_192_pm_unload_Yard4_pm_03,192,pm_03,pm_unload,6
2024-01-01 07:00:00.000000,WAIT_START,TEU_192_pm_return_pm_03,192,pm_03,pm_return,7
2024-01-01 12:24:49.127167,WAIT_STOP,TEU_192_pm_return_pm_03,192,pm_03,pm_return,7
2024-01-01 12:24:49.127167,START,TEU_192_pm_return_pm_03,192,pm_03,pm_return,7
2024-01-01 12:25:38.254333,STOP,TEU_192_pm_return_pm_03,192,pm_03,pm_return,7
2024-01-01 07:00:00.000000,WAIT_START,TEU_193_qc_pick_qc_01,193,,qc_pick,1
2024-01-01 12:20:00.000000,WAIT_STOP,TEU_193_qc_pick_qc_01,193,,qc_pick,1
2024-01-01 12:20:00.000000,START,TEU_193_qc_pick_qc_01,193,,qc_pick,1
2024-01-01 12:21:00.000000,STOP,TEU_193_qc_pick_qc_01,193,,qc_pick,1
2024-01-01 07:00:00.000000,WAIT_START,TEU_193_qc_transfer_qc_01,193,,qc_transfer,2
2024-01-01 12:21:00.000000,WAIT_STOP,TEU_193_qc_transfer_qc_01,193,,qc_transfer,2
2024-01-01 12:21:00.000000,START,TEU_193_qc_transfer_qc_01,193,,qc_transfer,2
2024-01-01 12:22:00.000000,STOP,TEU_193_qc_transfer_qc_01,193,,qc_transfer,2
2024-01-01 07:00:00.000000,WAIT_START,TEU_193_qc_load_to_pm_pm_04,193,pm_04,qc_load_to_pm,3
2024-01-01 12:22:00.000000,WAIT_STOP,TEU_193_qc_load_to_pm_pm_04,193,pm_04,qc_load_to_pm,3
2024-01-01 12:22:00.000000,START,TEU_193_qc_load_to_pm_pm_04,193,pm_04,qc_load_to_pm,3
2024-01-01 12:24:00.000000,STOP,TEU_193_qc_load_to_pm_pm_04,193,pm_04,qc_load_to_pm,3
2024-01-01 07:00:00.000000,WAIT_START,TEU_193_qc_travelback_pm_04,193,pm_04,qc_travelback,4
2024-01-01 12:24:00.000000,WAIT_STOP,TEU_193_qc_travelback_pm_04,193,pm_04,qc_travelback,4
2024-01-01 12:24:00.000000,START,TEU_193_qc_travelback_pm_04,193,pm_04,qc_travelback,4
2024-01-01 12:25:00.000000,STOP,TEU_193_qc_travelback_pm_04,193,pm_04,qc_travelback,4
2024-01-01 07:00:00.000000,WAIT_START,TEU_193_pm_travel_to_Yard4_pm_04,193,pm_04,pm_travel_to_yard,5
2024-01-01 12:24:00.000000,WAIT_STOP,TEU_193_pm_travel_to_Yard4_pm_04,193,pm_04,pm_travel_to_yard,5
2024-01-01 12:24:00.000000,START,TEU_193_pm_travel_to_Yard4_pm_04,193,pm_04,pm_travel_to_yard,5
2024-01-01 12:24:49.127167,STOP,TEU_193_pm_travel_to_Yard4_pm_04,193,pm_04,pm_travel_to_yard,5
2024-01-01 07:00:00.000000,WAIT_START,TEU_193_pm_unload_Yard4_pm_04,193,pm_04,pm_unload,6
2024-01-01 12:24:49.127167,WAIT_STOP,TEU_193_pm_unload_Yard4_pm_04,193,pm_04,pm_unload,6
2024-01-01 12:24:49.127167,START,TEU_193_pm_unload_Yard4_pm_04,193,pm_04,pm_unload,6
2024-01-01 12:26:49.127167,STOP,TEU_193_pm_unload_Yard4_pm_04,193,pm_04,pm_unload,6
2024-01-01 07:00:00.000000,WAIT_START,TEU_193_pm_return_pm_04,193,pm_04,pm_return,7
2024-01-01 12:26:49.127167,WAIT_STOP,TEU_193_pm_return_pm_04,193,pm_04,pm_return,7
2024-01-01 12:26:49.127167,START,TEU_193_pm_return_pm_04,193,pm_04,pm_return,7
2024-01-01 12:27:38.254333,STOP,TEU_193_pm_return_pm_04,193,pm_04,pm_return,7
2024-01-01 07:00:00.000000,WAIT_START,TEU_194_qc_pick_qc_02,194,,qc_pick,1
2024-01-01 12:21:00.000000,WAIT_STOP,TEU_194_qc_pick_qc_02,194,,qc_pick,1
2024-01-01 12:21:00.000000,START,TEU_194_qc_pick_qc_02,194,,qc_pick,1
2024-01-01 12:22:00.000000,STOP,TEU_194_qc_pick_qc_02,194,,qc_pick,1
2024-01-01 07:00:00.000000,WAIT_START,TEU_194_qc_transfer_qc_02,194,,qc_transfer,2
2024-01-01 12:22:00.000000,WAIT_STOP,TEU_194_qc_transfer_qc_02,194,,qc_transfer,2
2024-01-01 12:22:00.000000,START,TEU_194_qc_transfer_qc_02,194,,qc_transfer,2
2024-01-01 12:23:00.000000,STOP,TEU_194_qc_transfer_qc_02,194,,qc_transfer,2
2024-01-01 07:00:00.000000,WAIT_START,TEU_194_qc_load_to_pm_pm_05,194,pm_05,qc_load_to_pm,3
2024-01-01 12:23:00.000000,WAIT_STOP,TEU_194_qc_load_to_pm_pm_05,194,pm_05,qc_load_to_pm,3
2024-01-01 12:23:00.000000,START,TEU_194_qc_load_to_pm_pm_05,194,pm_05,qc_load_to_pm,3
2024-01-01 12:25:00.000000,STOP,TEU_194_qc_load_to_pm_pm_05,194,pm_05,qc_load_to_pm,3
2024-01-01 07:00:00.000000,WAIT_START,TEU_194_qc_travelback_pm_05,194,pm_05,qc_travelback,4
2024-01-01 12:25:00.000000,WAIT_STOP,TEU_194_qc_travelback_pm_05,194,pm_05,qc_travelback,4
2024-01-01 12:25:00.000000,START,TEU_194_qc_travelback_pm_05,194,pm_05,qc_travelback,4
2024-01-01 12:26:00.000000,STOP,TEU_194_qc_travelback_pm_05,194,pm_05,qc_travelback,4
2024-01-01 07:00:00.000000,WAIT_START,TEU_194_pm_travel_to_Yard2_pm_05,194,pm_05,pm_travel_to_yard,5
2024-01-01 12:25:00.000000,WAIT_STOP,TEU_194_pm_travel_to_Yard2_pm_05,194,pm_05,pm_travel_to_yard,5
2024-01-01 12:25:00.000000,START,TEU_194_pm_travel_to_Yard2_pm_05,194,pm_05,pm_travel_to_yard,5
2024-01-01 12:25:24.563583,STOP,TEU_194_pm_travel_to_Yard2_pm_05,194,pm_05,pm_travel_to_yard,5
2024-01-01 07:00:00.000000,WAIT_START,TEU_194_pm_unload_Yard2_pm_05,194,pm_05,pm_unload,6
2024-01-01 12:25:24.563583,WAIT_STOP,TEU_194_pm_unload_Yard2_pm_05,194,pm_05,pm_unload,6
2024-01-01 12:25:24.563583,START,TEU_194_pm_unload_Yard2_pm_05,194,pm_05,pm_unload,6
2024-01-01 12:27:24.563583,STOP,TEU_194_pm_unload_Yard2_pm_05,194,pm_05,pm_unload,6
2024-01-01 07:00:00.000000,WAIT_START,TEU_194_pm_return_pm_05,194,pm_05,pm_return,7
2024-01-01 12:27:24.563583,WAIT_STOP,TEU_194_pm_return_pm_05,194,pm_05,pm_return,7
2024-01-01 12:27:24.563583,START,TEU_194_pm_return_pm_05,194,pm_05,pm_return,7
2024-01-01 12:27:49.127167,STOP,TEU_194_pm_return_pm_05,194,pm_05,pm_return,7
2024-01-01 07:00:00.000000,WAIT_START,TEU_195_qc_pick_qc_03,195,,qc_pick,1
2024-01-01 12:22:00.000000,WAIT_STOP,TEU_195_qc_pick_qc_03,195,,qc_pick,1
2024-01-01 12:22:00.000000,START,TEU_195_qc_pick_qc_03,195,,qc_pick,1
2024-01-01 12:23:00.000000,STOP,TEU_195_qc_pick_qc_03,195,,qc_pick,1
2024-01-01 07:00:00.000000,WAIT_START,TEU_195_qc_transfer_qc_03,195,,qc_transfer,2
2024-01-01 12:23:00.000000,WAIT_STOP,TEU_195_qc_transfer_qc_03,195,,qc_transfer,2
2024-01-01 12:23:00.000000,START,TEU_195_qc_transfer_qc_03,195,,qc_transfer,2
2024-01-01 12:24:00.000000,STOP,TEU_195_qc_transfer_qc_03,195,,qc_transfer,2
2024-01-01 07:00:00.000000,WAIT_START,TEU_195_qc_load_to_pm_pm_06,195,pm_06,qc_load_to_pm,3
2024-01-01 12:24:00.000000,WAIT_STOP,TEU_195_qc_load_to_pm_pm_06,195,pm_06,qc_load_to_pm,3
2024-01-01 12:24:00.000000,START,TEU_195_qc_load_to_pm_pm_06,195,pm_06,qc_load_to_pm,3
2024-01-01 12:26:00.000000,STOP,TEU_195_qc_load_to_pm_pm_06,195,pm_06,qc_load_to_pm,3
2024-01-01 07:00:00.000000,WAIT_START,TEU_195_qc_travelback_pm_06,195,pm_06,qc_travelback,4
2024-01-01 12:26:00.000000,WAIT_STOP,TEU_195_qc_travelback_pm_06,195,pm_06,qc_travelback,4
2024-01-01 12:26:00.000000,START,TEU_195_qc_travelback_pm_06,195,pm_06,qc_travelback,4
2024-01-01 12:27:00.000000,STOP,TEU_195_qc_travelback_pm_06,195,pm_06,qc_travelback,4
2024-01-01 07:00:00.000000,WAIT_START,TEU_195_pm_travel_to_Yard2_pm_06,195,pm_06,pm_travel_to_yard,5
2024-01-01 12:26:00.000000,WAIT_STOP,TEU_195_pm_travel_to_Yard2_pm_06,195,pm_06,pm_travel_to_yard,5
2024-01-01 12:26:00.000000,START,TEU_195_pm_travel_to_Yard2_pm_06,195,pm_06,pm_travel_to_yard,5
2024-01-01 12:26:24.563583,STOP,TEU_195_pm_travel_to_Yard2_pm_06,195,pm_06,pm_travel_to_yard,5
2024-01-01 07:00:00.000000,WAIT_START,TEU_195_pm_unload_Yard2_pm_06,195,pm_06,pm_unload,6
2024-01-01 12:26:24.563583,WAIT_STOP,TEU_195_pm_unload_Yard2_pm_06,195,pm_06,pm_unload,6
2024-01-01 12:27:24.563583,START,TEU_195_pm_unload_Yard2_pm_06,195,pm_06,pm_unload,6
2024-01-01 12:29:24.563583,STOP,TEU_195_pm_unload_Yard2_pm_06,195,pm_06,pm_unload,6
2024-01-01 07:00:00.000000,WAIT_START,TEU_195_pm_return_pm_06,195,pm_06,pm_return,7
2024-01-01 12:29:24.563583,WAIT_STOP,TEU_195_pm_return_pm_06,195,pm_06,pm_return,7
2024-01-01 12:29:24.563583,START,TEU_195_pm_return_pm_06,195,pm_06,pm_return,7
2024-01-01 12:29:49.127167,STOP,TEU_195_pm_return_pm_06,195,pm_06,pm_return,7
2024-01-01 07:00:00.000000,WAIT_START,TEU_196_qc_pick_qc_01,196,,qc_pick,1
2024-01-01 12:25:00.000000,WAIT_STOP,TEU_196_qc_pick_qc_01,196,,qc_pick,1
2024-01-01 12:25:00.000000,START,TEU_196_qc_pick_qc_01,196,,qc_pick,1
2024-01-01 12:26:00.000000,STOP,TEU_196_qc_pick_qc_01,196,,qc_pick,1
2024-01-01 07:00:00.000000,WAIT_START,TEU_196_qc_transfer_qc_01,196,,qc_transfer,2
2024-01-01 12:26:00.000000,WAIT_STOP,TEU_196_qc_transfer_qc_01,196,,qc_transfer,2
2024-01-01 12:26:00.000000,START,TEU_196_qc_transfer_qc_01,196,,qc_transfer,2
2024-01-01 12:27:00.000000,STOP,TEU_196_qc_transfer_qc_01,196,,qc_transfer,2
2024-01-01 07:00:00.000000,WAIT_START,TEU_196_qc_load_to_pm_pm_07,196,pm_07,qc_load_to_pm,3
2024-01-01 12:27:00.000000,WAIT_STOP,TEU_196_qc_load_to_pm_pm_07,196,pm_07,qc_load_to_pm,3
2024-01-01 12:27:00.000000,START,TEU_196_qc_load_to_pm_pm_07,196,pm_07,qc_load_to_pm,3
2024-01-01 12:29:00.000000,STOP,TEU_196_qc_load_to_pm_pm_07,196,pm_07,qc_load_to_pm,3
2024-01-01 07:00:00.000000,WAIT_START,TEU_196_qc_travelback_pm_07,196,pm_07,qc_travelback,4
2024-01-01 12:29:00.000000,WAIT_STOP,TEU_196_qc_travelback_pm_07,196,pm_07,qc_travelback,4
2024-01-01 12:29:00.000000,START,TEU_196_qc_travelback_pm_07,196,pm_07,qc_travelback,4
2024-01-01 12:30:00.000000,STOP,TEU_196_qc_travelback_pm_07,196,pm_07,qc_travelback,4
2024-01-01 07:00:00.000000,WAIT_START,TEU_196_pm_travel_to_Yard4_pm_07,196,pm_07,pm_travel_to_yard,5
2024-01-01 12:29:00.000000,WAIT_STOP,TEU_196_pm_travel_to_Yard4_pm_07,196,pm_07,pm_travel_to_yard,5
2024-01-01 12:29:00.000000,START,TEU_196_pm_travel_to_Yard4_pm_07,196,pm_07,pm_travel_to_yard,5
2024-01-01 12:29:49.127167,STOP,TEU_196_pm_travel_to_Yard4_pm_07,196,pm_07,pm_travel_to_yard,5
2024-01-01 07:00:00.000000,WAIT_START,TEU_196_pm_unload_Yard4_pm_07,196,pm_07,pm_unload,6
2024-01-01 12:29:49.127167,WAIT_STOP,TEU_196_pm_unload_Yard4_pm_07,196,pm_07,pm_unload,6
2024-01-01 12:29:49.127167,START,TEU_196_pm_unload_Yard4_pm_07,196,pm_07,pm_unload,6
2024-01-01 12:31:49.127167,STOP,TEU_196_pm_unload_Yard4_pm_07,196,pm_07,pm_unload,6
2024-01-01 07:00:00.000000,WAIT_START,TEU_196_pm_return_pm_07,196,pm_07,pm_return,7
2024-01-01 12:31:49.127167,WAIT_STOP,TEU_196_pm_return_pm_07,196,pm_07,pm_return,7
2024-01-01 12:31:49.127167,START,TEU_196_pm_return_pm_07,196,pm_07,pm_return,7
2024-01-01 12:32:38.254333,STOP,TEU_196_pm_return_pm_07,196,pm_07,pm_return,7
2024-01-01 07:00:00.000000,WAIT_START,TEU_197_qc_pick_qc_02,197,,qc_pick,1
2024-01-01 12:26:00.000000,WAIT_STOP,TEU_197_qc_pick_qc_02,197,,qc_pick,1
2024-01-01 12:26:00.000000,START,TEU_197_qc_pick_qc_02,197,,qc_pick,1
2024-01-01 12:27:00.000000,STOP,TEU_197_qc_pick_qc_02,197,,qc_pick,1
2024-01-01 07:00:00.000000,WAIT_START,TEU_197_qc_transfer_qc_02,197,,qc_transfer,2
2024-01-01 12:27:00.000000,WAIT_STOP,TEU_197_qc_transfer_qc_02,197,,qc_transfer,2
2024-01-01 12:27:00.000000,START,TEU_197_qc_transfer_qc_02,197,,qc_transfer,2
2024-01-01 12:28:00.000000,STOP,TEU_197_qc_transfer_qc_02,197,,qc_transfer,2
2024-01-01 07:00:00.000000,WAIT_START,TEU_197_qc_load_to_pm_pm_08,197,pm_08,qc_load_to_pm,3
2024-01-01 12:28:00.000000,WAIT_STOP,TEU_197_qc_load_to_pm_pm_08,197,pm_08,qc_load_to_pm,3
2024-01-01 12:28:00.000000,START,TEU_197_qc_load_to_pm_pm_08,197,pm_08,qc_load_to_pm,3
2024-01-01 12:30:00.000000,STOP,TEU_197_qc_load_to_pm_pm_08,197,pm_08,qc_load_to_pm,3
2024-01-01 07:00:00.000000,WAIT_START,TEU_197_qc_travelback_pm_08,197,pm_08,qc_travelback,4
2024-01-01 12:30:00.000000,WAIT_STOP,TEU_197_qc_travelback_pm_08,197,pm_08,qc_travelback,4
2024-01-01 12:30:00.000000,START,TEU_197_qc_travelback_pm_08,197,pm_08,qc_travelback,4
2024-01-01 12:31:00.000000,STOP,TEU_197_qc_travelback_pm_08,197,pm_08,qc_travelback,4
2024-01-01 07:00:00.000000,WAIT_START,TEU_197_pm_travel_to_Yard4_pm_08,197,pm_08,pm_travel_to_yard,5
2024-01-01 12:30:00.000000,WAIT_STOP,TEU_197_pm_travel_to_Yard4_pm_08,197,pm_08,pm_travel_to_yard,5
2024-01-01 12:30:00.000000,START,TEU_197_pm_travel_to_Yard4_pm_08,197,pm_08,pm_travel_to_yard,5
2024-01-01 12:30:49.127167,STOP,TEU_197_pm_travel_to_Yard4_pm_08,197,pm_08,pm_travel_to_yard,5
2024-01-01 07:00:00.000000,WAIT_START,TEU_197_pm_unload_Yard4_pm_08,197,pm_08,pm_unload,6
2024-01-01 12:30:49.127167,WAIT_STOP,TEU_197_pm_unload_Yard4_pm_08,197,pm_08,pm_unload,6
2024-01-01 12:31:49.127167,START,TEU_197_pm_unload_Yard4_pm_08,197,pm_08,pm_unload,6
2024-01-01 12:33:49.127167,STOP,TEU_197_pm_unload_Yard4_pm_08,197,pm_08,pm_unload,6
2024-01-01 07:00:00.000000,WAIT_START,TEU_197_pm_return_pm_08,197,pm_08,pm_return,7
2024-01-01 12:33:49.127167,WAIT_STOP,TEU_197_pm_return_pm_08,197,pm_08,pm_return,7
2024-01-01 12:33:49.127167,START,TEU_197_pm_return_pm_08,197,pm_08,pm_return,7
2024-01-01 12:34:38.254333,STOP,TEU_197_pm_return_pm_08,197,pm_08,pm_return,7
2024-01-01 07:00:00.000000,WAIT_START,TEU_198_qc_pick_qc_03,198,,qc_pick,1
2024-01-01 12:27:00.000000,WAIT_STOP,TEU_198_qc_pick_qc_03,198,,qc_pick,1
2024-01-01 12:27:00.000000,START,TEU_198_qc_pick_qc_03,198,,qc_pick,1
2024-01-01 12:28:00.000000,STOP,TEU_198_qc_pick_qc_03,198,,qc_pick,1
2024-01-01 07:00:00.000000,WAIT_START,TEU_198_qc_transfer_qc_03,198,,qc_transfer,2
2024-01-01 12:28:00.000000,WAIT_STOP,TEU_198_qc_transfer_qc_03,198,,qc_transfer,2
2024-01-01 12:28:00.000000,START,TEU_198_qc_transfer_qc_03,198,,qc_transfer,2
2024-01-01 12:29:00.000000,STOP,TEU_198_qc_transfer_qc_03,198,,qc_transfer,2
2024-01-01 07:00:00.000000,WAIT_START,TEU_198_qc_load_to_pm_pm_09,198,pm_09,qc_load_to_pm,3
2024-01-01 12:29:00.000000,WAIT_STOP,TEU_198_qc_load_to_pm_pm_09,198,pm_09,qc_load_to_pm,3
2024-01-01 12:29:00.000000,START,TEU_198_qc_load_to_pm_pm_09,198,pm_09,qc_load_to_pm,3
2024-01-01 12:31:00.000000,STOP,TEU_198_qc_load_to_pm_pm_09,198,pm_09,qc_load_to_pm,3
2024-01-01 07:00:00.000000,WAIT_START,TEU_198_qc_travelback_pm_09,198,pm_09,qc_travelback,4
2024-01-01 12:31:00.000000,WAIT_STOP,TEU_198_qc_travelback_pm_09,198,pm_09,qc_travelback,4
2024-01-01 12:31:00.000000,START,TEU_198_qc_travelback_pm_09,198,pm_09,qc_travelback,4
2024-01-01 12:32:00.000000,STOP,TEU_198_qc_travelback_pm_09,198,pm_09,qc_travelback,4
2024-01-01 07:00:00.000000,WAIT_START,TEU_198_pm_travel_to_Yard2_pm_09,198,pm_09,pm_travel_to_yard,5
2024-01-01 12:31:00.000000,WAIT_STOP,TEU_198_pm_travel_to_Yard2_pm_09,198,pm_09,pm_travel_to_yard,5
2024-01-01 12:31:00.000000,START,TEU_198_pm_travel_to_Yard2_pm_09,198,pm_09,pm_travel_to_yard,5
2024-01-01 12:31:24.563583,STOP,TEU_198_pm_travel_to_Yard2_pm_09,198,pm_09,pm_travel_to_yard,5
2024-01-01 07:00:00.000000,WAIT_START,TEU_198_pm_unload_Yard2_pm_09,198,pm_09,pm_unload,6
2024-01-01 12:31:24.563583,WAIT_STOP,TEU_198_pm_unload_Yard2_pm_09,198,pm_09,pm_unload,6
2024-01-01 12:31:24.563583,START,TEU_198_pm_unload_Yard2_pm_09,198,pm_09,pm_unload,6
2024-01-01 12:33:24.563583,STOP,TEU_198_pm_unload_Yard2_pm_09,198,pm_09,pm_unload,6
2024-01-01 07:00:00.000000,WAIT_START,TEU_198_pm_return_pm_09,198,pm_09,pm_return,7
2024-01-01 12:33:24.563583,WAIT_STOP,TEU_198_pm_return_pm_09,198,pm_09,pm_return,7
2024-01-01 12:33:24.563583,START,TEU_198_pm_return_pm_09,198,pm_09,pm_return,7
2024-01-01 12:33:49.127167,STOP,TEU_198_pm_return_pm_09,198,pm_09,pm_return,7
2024-01-01 07:00:00.000000,WAIT_START,TEU_199_qc_pick_qc_01,199,,qc_pick,1
2024-01-01 12:30:00.000000,WAIT_STOP,TEU_199_qc_pick_qc_01,199,,qc_pick,1
2024-01-01 12:30:00.000000,START,TEU_199_qc_pick_qc_01,199,,qc_pick,1
2024-01-01 12:31:00.000000,STOP,TEU_199_qc_pick_qc_01,199,,qc_pick,1
2024-01-01 07:00:00.000000,WAIT_START,TEU_199_qc_transfer_qc_01,199,,qc_transfer,2
2024-01-01 12:31:00.000000,WAIT_STOP,TEU_199_qc_transfer_qc_01,199,,qc_transfer,2
2024-01-01 12:31:00.000000,START,TEU_199_qc_transfer_qc_01,199,,qc_transfer,2
2024-01-01 12:32:00.000000,STOP,TEU_199_qc_transfer_qc_01,199,,qc_transfer,2
2024-01-01 07:00:00.000000,WAIT_START,TEU_199_qc_load_to_pm_pm_01,199,pm_01,qc_load_to_pm,3
2024-01-01 12:32:00.000000,WAIT_STOP,TEU_199_qc_load_to_pm_pm_01,199,pm_01,qc_load_to_pm,3
2024-01-01 12:32:00.000000,START,TEU_199_qc_load_to_pm_pm_01,199,pm_01,qc_load_to_pm,3
2024-01-01 12:34:00.000000,STOP,TEU_199_qc_load_to_pm_pm_01,199,pm_01,qc_load_to_pm,3
2024-01-01 07:00:00.000000,WAIT_START,TEU_199_qc_travelback_pm_01,199,pm_01,qc_travelback,4
2024-01-01 12:34:00.000000,WAIT_STOP,TEU_199_qc_travelback_pm_01,199,pm_01,qc_travelback,4
2024-01-01 12:34:00.000000,START,TEU_199_qc_travelback_pm_01,199,pm_01,qc_travelback,4
2024-01-01 12:35:00.000000,STOP,TEU_199_qc_travelback_pm_01,199,pm_01,qc_travelback,4
2024-01-01 07:00:00.000000,WAIT_START,TEU_199_pm_travel_to_Yard4_pm_01,199,pm_01,pm_travel_to_yard,5
2024-01-01 12:34:00.000000,WAIT_STOP,TEU_199_pm_travel_to_Yard4_pm_01,199,pm_01,pm_travel_to_yard,5
2024-01-01 12:34:00.000000,START,TEU_199_pm_travel_to_Yard4_pm_01,199,pm_01,pm_travel_to_yard,5
2024-01-01 12:34:49.127167,STOP,TEU_199_pm_travel_to_Yard4_pm_01,199,pm_01,pm_travel_to_yard,5
2024-01-01 07:00:00.000000,WAIT_START,TEU_199_pm_unload_Yard4_pm_01,199,pm_01,pm_unload,6
2024-01-01 12:34:49.127167,WAIT_STOP,TEU_199_pm_unload_Yard4_pm_01,199,pm_01,pm_unload,6
2024-01-01 12:34:49.127167,START,TEU_199_pm_unload_Yard4_pm_01,199,pm_01,pm_unload,6
2024-01-01 12:36:49.127167,STOP,TEU_199_pm_unload_Yard4_pm_01,199,pm_01,pm_unload,6
2024-01-01 07:00:00.000000,WAIT_START,TEU_199_pm_return_pm_01,199,pm_01,pm_return,7
2024-01-01 12:36:49.127167,WAIT_STOP,TEU_199_pm_return_pm_01,199,pm_01,pm_return,7
2024-01-01 12:36:49.127167,START,TEU_199_pm_return_pm_01,199,pm_01,pm_return,7
2024-01-01 12:37:38.254333,STOP,TEU_199_pm_return_pm_01,199,pm_01,pm_return,7
2024-01-01 07:00:00.000000,WAIT_START,TEU_200_qc_pick_qc_02,200,,qc_pick,1
2024-01-01 12:31:00.000000,WAIT_STOP,TEU_200_qc_pick_qc_02,200,,qc_pick,1
2024-01-01 12:31:00.000000,START,TEU_200_qc_pick_qc_02,200,,qc_pick,1
2024-01-01 12:32:00.000000,STOP,TEU_200_qc_pick_qc_02,200,,qc_pick,1
2024-01-01 07:00:00.000000,WAIT_START,TEU_200_qc_transfer_qc_02,200,,qc_transfer,2
2024-01-01 12:32:00.000000,WAIT_STOP,TEU_200_qc_transfer_qc_02,200,,qc_transfer,2
2024-01-01 12:32:00.000000,START,TEU_200_qc_transfer_qc_02,200,,qc_transfer,2
2024-01-01 12:33:00.000000,STOP,TEU_200_qc_transfer_qc_02,200,,qc_transfer,2
2024-01-01 07:00:00.000000,WAIT_START,TEU_200_qc_load_to_pm_pm_02,200,pm_02,qc_load_to_pm,3
2024-01-01 12:33:00.000000,WAIT_STOP,TEU_200_qc_load_to_pm_pm_02,200,pm_02,qc_load_to_pm,3
2024-01-01 12:33:00.000000,START,TEU_200_qc_load_to_pm_pm_02,200,pm_02,qc_load_to_pm,3
2024-01-01 12:35:00.000000,STOP,TEU_200_qc_load_to_pm_pm_02,200,pm_02,qc_load_to_pm,3
2024-01-01 07:00:00.000000,WAIT_START,TEU_200_qc_travelback_pm_02,200,pm_02,qc_travelback,4
2024-01-01 12:35:00.000000,WAIT_STOP,TEU_200_qc_travelback_pm_02,200,pm_02,qc_travelback,4
2024-01-01 12:35:00.000000,START,TEU_200_qc_travelback_pm_02,200,pm_02,qc_travelback,4
2024-01-01 12:36:00.000000,STOP,TEU_200_qc_travelback_pm_02,200,pm_02,qc_travelback,4
2024-01-01 07:00:00.000000,WAIT_START,TEU_200_pm_travel_to_Yard2_pm_02,200,pm_02,pm_travel_to_yard,5
2024-01-01 12:35:00.000000,WAIT_STOP,TEU_200_pm_travel_to_Yard2_pm_02,200,pm_02,pm_travel_to_yard,5
2024-01-01 12:35:00.000000,START,TEU_200_pm_travel_to_Yard2_pm_02,200,pm_02,pm_travel_to_yard,5
2024-01-01 12:35:24.563583,STOP,TEU_200_pm_travel_to_Yard2_pm_02,200,pm_02,pm_travel_to_yard,5
2024-01-01 07:00:00.000000,WAIT_START,TEU_200_pm_unload_Yard2_pm_02,200,pm_02,pm_unload,6
2024-01-01 12:35:24.563583,WAIT_STOP,TEU_200_pm_unload_Yard2_pm_02,200,pm_02,pm_unload,6
2024-01-01 12:35:24.563583,START,TEU_200_pm_unload_Yard2_pm_02,200,pm_02,pm_unload,6
2024-01-01 12:37:24.563583,STOP,TEU_200_pm_unload_Yard2_pm_02,200,pm_02,pm_unload,6
2024-01-01 07:00:00.000000,WAIT_START,TEU_200_pm_return_pm_02,200,pm_02,pm_return,7
2024-01-01 12:37:24.563583,WAIT_STOP,TEU_200_pm_return_pm_02,200,pm_02,pm_return,7
2024-01-01 12:37:24.563583,START,TEU_200_pm_return_pm_02,200,pm_02,pm_return,7
2024-01-01 12:37:49.127167,STOP,TEU_200_pm_return_pm_02,200,pm_02,pm_return,7
