Timestamp,ActivityState,activity_name,teu_id,pm_name,activity_type,activity_order
1970-01-01 00:00:00.000000,START,TEU_1_qc_pick_pm_01,1,pm_01,qc_pick,1
1970-01-01 00:01:00.000000,STOP,TEU_1_qc_pick_pm_01,1,pm_01,qc_pick,1
1970-01-01 00:00:00.000000,WAIT_START,TEU_1_qc_transfer_pm_01,1,pm_01,qc_transfer,2
1970-01-01 00:01:00.000000,WAIT_STOP,TEU_1_qc_transfer_pm_01,1,pm_01,qc_transfer,2
1970-01-01 00:01:00.000000,START,TEU_1_qc_transfer_pm_01,1,pm_01,qc_transfer,2
1970-01-01 00:03:00.000000,STOP,TEU_1_qc_transfer_pm_01,1,pm_01,qc_transfer,2
1970-01-01 00:00:00.000000,WAIT_START,TEU_1_qc_load_to_pm_pm_01,1,pm_01,qc_load_to_pm,3
1970-01-01 00:03:00.000000,WAIT_STOP,TEU_1_qc_load_to_pm_pm_01,1,pm_01,qc_load_to_pm,3
1970-01-01 00:03:00.000000,START,TEU_1_qc_load_to_pm_pm_01,1,pm_01,qc_load_to_pm,3
1970-01-01 00:04:00.000000,STOP,TEU_1_qc_load_to_pm_pm_01,1,pm_01,qc_load_to_pm,3
1970-01-01 00:00:00.000000,WAIT_START,TEU_1_qc_travelback_pm_01,1,pm_01,qc_travelback,4
1970-01-01 00:04:00.000000,WAIT_STOP,TEU_1_qc_travelback_pm_01,1,pm_01,qc_travelback,4
1970-01-01 00:04:00.000000,START,TEU_1_qc_travelback_pm_01,1,pm_01,qc_travelback,4
1970-01-01 00:05:00.000000,STOP,TEU_1_qc_travelback_pm_01,1,pm_01,qc_travelback,4
1970-01-01 00:00:00.000000,WAIT_START,TEU_1_pm_travel_to_yard_pm_01,1,pm_01,pm_travel_to_yard,5
1970-01-01 00:04:00.000000,WAIT_STOP,TEU_1_pm_travel_to_yard_pm_01,1,pm_01,pm_travel_to_yard,5
1970-01-01 00:04:00.000000,START,TEU_1_pm_travel_to_yard_pm_01,1,pm_01,pm_travel_to_yard,5
1970-01-01 00:35:25.649183,STOP,TEU_1_pm_travel_to_yard_pm_01,1,pm_01,pm_travel_to_yard,5
1970-01-01 00:00:00.000000,WAIT_START,TEU_1_pm_unload_pm_01,1,pm_01,pm_unload,6
1970-01-01 00:35:25.649183,WAIT_STOP,TEU_1_pm_unload_pm_01,1,pm_01,pm_unload,6
1970-01-01 00:35:25.649183,START,TEU_1_pm_unload_pm_01,1,pm_01,pm_unload,6
1970-01-01 00:37:25.649183,STOP,TEU_1_pm_unload_pm_01,1,pm_01,pm_unload,6
1970-01-01 00:00:00.000000,WAIT_START,TEU_1_pm_return_pm_01,1,pm_01,pm_return,7
1970-01-01 00:37:25.649183,WAIT_STOP,TEU_1_pm_return_pm_01,1,pm_01,pm_return,7
1970-01-01 00:37:25.649183,START,TEU_1_pm_return_pm_01,1,pm_01,pm_return,7
1970-01-01 01:08:51.298365,STOP,TEU_1_pm_return_pm_01,1,pm_01,pm_return,7
1970-01-01 00:00:00.000000,WAIT_START,TEU_2_qc_pick_pm_02,2,pm_02,qc_pick,1
1970-01-01 00:05:00.000000,WAIT_STOP,TEU_2_qc_pick_pm_02,2,pm_02,qc_pick,1
1970-01-01 00:05:00.000000,START,TEU_2_qc_pick_pm_02,2,pm_02,qc_pick,1
1970-01-01 00:06:00.000000,STOP,TEU_2_qc_pick_pm_02,2,pm_02,qc_pick,1
1970-01-01 00:00:00.000000,WAIT_START,TEU_2_qc_transfer_pm_02,2,pm_02,qc_transfer,2
1970-01-01 00:06:00.000000,WAIT_STOP,TEU_2_qc_transfer_pm_02,2,pm_02,qc_transfer,2
1970-01-01 00:06:00.000000,START,TEU_2_qc_transfer_pm_02,2,pm_02,qc_transfer,2
1970-01-01 00:08:00.000000,STOP,TEU_2_qc_transfer_pm_02,2,pm_02,qc_transfer,2
1970-01-01 00:00:00.000000,WAIT_START,TEU_2_qc_load_to_pm_pm_02,2,pm_02,qc_load_to_pm,3
1970-01-01 00:08:00.000000,WAIT_STOP,TEU_2_qc_load_to_pm_pm_02,2,pm_02,qc_load_to_pm,3
1970-01-01 00:08:00.000000,START,TEU_2_qc_load_to_pm_pm_02,2,pm_02,qc_load_to_pm,3
1970-01-01 00:09:00.000000,STOP,TEU_2_qc_load_to_pm_pm_02,2,pm_02,qc_load_to_pm,3
1970-01-01 00:00:00.000000,WAIT_START,TEU_2_qc_travelback_pm_02,2,pm_02,qc_travelback,4
1970-01-01 00:09:00.000000,WAIT_STOP,TEU_2_qc_travelback_pm_02,2,pm_02,qc_travelback,4
1970-01-01 00:09:00.000000,START,TEU_2_qc_travelback_pm_02,2,pm_02,qc_travelback,4
1970-01-01 00:10:00.000000,STOP,TEU_2_qc_travelback_pm_02,2,pm_02,qc_travelback,4
1970-01-01 00:00:00.000000,WAIT_START,TEU_2_pm_travel_to_yard_pm_02,2,pm_02,pm_travel_to_yard,5
1970-01-01 00:09:00.000000,WAIT_STOP,TEU_2_pm_travel_to_yard_pm_02,2,pm_02,pm_travel_to_yard,5
1970-01-01 00:09:00.000000,START,TEU_2_pm_travel_to_yard_pm_02,2,pm_02,pm_travel_to_yard,5
1970-01-01 00:40:25.649183,STOP,TEU_2_pm_travel_to_yard_pm_02,2,pm_02,pm_travel_to_yard,5
1970-01-01 00:00:00.000000,WAIT_START,TEU_2_pm_unload_pm_02,2,pm_02,pm_unload,6
1970-01-01 00:40:25.649183,WAIT_STOP,TEU_2_pm_unload_pm_02,2,pm_02,pm_unload,6
1970-01-01 00:40:25.649183,START,TEU_2_pm_unload_pm_02,2,pm_02,pm_unload,6
1970-01-01 00:42:25.649183,STOP,TEU_2_pm_unload_pm_02,2,pm_02,pm_unload,6
1970-01-01 00:00:00.000000,WAIT_START,TEU_2_pm_return_pm_02,2,pm_02,pm_return,7
1970-01-01 00:42:25.649183,WAIT_STOP,TEU_2_pm_return_pm_02,2,pm_02,pm_return,7
1970-01-01 00:42:25.649183,START,TEU_2_pm_return_pm_02,2,pm_02,pm_return,7
1970-01-01 01:13:51.298365,STOP,TEU_2_pm_return_pm_02,2,pm_02,pm_return,7
1970-01-01 00:00:00.000000,WAIT_START,TEU_3_qc_pick_pm_03,3,pm_03,qc_pick,1
1970-01-01 00:10:00.000000,WAIT_STOP,TEU_3_qc_pick_pm_03,3,pm_03,qc_pick,1
1970-01-01 00:10:00.000000,START,TEU_3_qc_pick_pm_03,3,pm_03,qc_pick,1
1970-01-01 00:11:00.000000,STOP,TEU_3_qc_pick_pm_03,3,pm_03,qc_pick,1
1970-01-01 00:00:00.000000,WAIT_START,TEU_3_qc_transfer_pm_03,3,pm_03,qc_transfer,2
1970-01-01 00:11:00.000000,WAIT_STOP,TEU_3_qc_transfer_pm_03,3,pm_03,qc_transfer,2
1970-01-01 00:11:00.000000,START,TEU_3_qc_transfer_pm_03,3,pm_03,qc_transfer,2
1970-01-01 00:13:00.000000,STOP,TEU_3_qc_transfer_pm_03,3,pm_03,qc_transfer,2
1970-01-01 00:00:00.000000,WAIT_START,TEU_3_qc_load_to_pm_pm_03,3,pm_03,qc_load_to_pm,3
1970-01-01 00:13:00.000000,WAIT_STOP,TEU_3_qc_load_to_pm_pm_03,3,pm_03,qc_load_to_pm,3
1970-01-01 00:13:00.000000,START,TEU_3_qc_load_to_pm_pm_03,3,pm_03,qc_load_to_pm,3
1970-01-01 00:14:00.000000,STOP,TEU_3_qc_load_to_pm_pm_03,3,pm_03,qc_load_to_pm,3
1970-01-01 00:00:00.000000,WAIT_START,TEU_3_qc_travelback_pm_03,3,pm_03,qc_travelback,4
1970-01-01 00:14:00.000000,WAIT_STOP,TEU_3_qc_travelback_pm_03,3,pm_03,qc_travelback,4
1970-01-01 00:14:00.000000,START,TEU_3_qc_travelback_pm_03,3,pm_03,qc_travelback,4
1970-01-01 00:15:00.000000,STOP,TEU_3_qc_travelback_pm_03,3,pm_03,qc_travelback,4
1970-01-01 00:00:00.000000,WAIT_START,TEU_3_pm_travel_to_yard_pm_03,3,pm_03,pm_travel_to_yard,5
1970-01-01 00:14:00.000000,WAIT_STOP,TEU_3_pm_travel_to_yard_pm_03,3,pm_03,pm_travel_to_yard,5
1970-01-01 00:14:00.000000,START,TEU_3_pm_travel_to_yard_pm_03,3,pm_03,pm_travel_to_yard,5
1970-01-01 00:45:25.649183,STOP,TEU_3_pm_travel_to_yard_pm_03,3,pm_03,pm_travel_to_yard,5
1970-01-01 00:00:00.000000,WAIT_START,TEU_3_pm_unload_pm_03,3,pm_03,pm_unload,6
1970-01-01 00:45:25.649183,WAIT_STOP,TEU_3_pm_unload_pm_03,3,pm_03,pm_unload,6
1970-01-01 00:45:25.649183,START,TEU_3_pm_unload_pm_03,3,pm_03,pm_unload,6
1970-01-01 00:47:25.649183,STOP,TEU_3_pm_unload_pm_03,3,pm_03,pm_unload,6
1970-01-01 00:00:00.000000,WAIT_START,TEU_3_pm_return_pm_03,3,pm_03,pm_return,7
1970-01-01 00:47:25.649183,WAIT_STOP,TEU_3_pm_return_pm_03,3,pm_03,pm_return,7
1970-01-01 00:47:25.649183,START,TEU_3_pm_return_pm_03,3,pm_03,pm_return,7
1970-01-01 01:18:51.298365,STOP,TEU_3_pm_return_pm_03,3,pm_03,pm_return,7
1970-01-01 00:00:00.000000,WAIT_START,TEU_4_qc_pick_pm_04,4,pm_04,qc_pick,1
1970-01-01 00:15:00.000000,WAIT_STOP,TEU_4_qc_pick_pm_04,4,pm_04,qc_pick,1
1970-01-01 00:15:00.000000,START,TEU_4_qc_pick_pm_04,4,pm_04,qc_pick,1
1970-01-01 00:16:00.000000,STOP,TEU_4_qc_pick_pm_04,4,pm_04,qc_pick,1
1970-01-01 00:00:00.000000,WAIT_START,TEU_4_qc_transfer_pm_04,4,pm_04,qc_transfer,2
1970-01-01 00:16:00.000000,WAIT_STOP,TEU_4_qc_transfer_pm_04,4,pm_04,qc_transfer,2
1970-01-01 00:16:00.000000,START,TEU_4_qc_transfer_pm_04,4,pm_04,qc_transfer,2
1970-01-01 00:18:00.000000,STOP,TEU_4_qc_transfer_pm_04,4,pm_04,qc_transfer,2
1970-01-01 00:00:00.000000,WAIT_START,TEU_4_qc_load_to_pm_pm_04,4,pm_04,qc_load_to_pm,3
1970-01-01 00:18:00.000000,WAIT_STOP,TEU_4_qc_load_to_pm_pm_04,4,pm_04,qc_load_to_pm,3
1970-01-01 00:18:00.000000,START,TEU_4_qc_load_to_pm_pm_04,4,pm_04,qc_load_to_pm,3
1970-01-01 00:19:00.000000,STOP,TEU_4_qc_load_to_pm_pm_04,4,pm_04,qc_load_to_pm,3
1970-01-01 00:00:00.000000,WAIT_START,TEU_4_qc_travelback_pm_04,4,pm_04,qc_travelback,4
1970-01-01 00:19:00.000000,WAIT_STOP,TEU_4_qc_travelback_pm_04,4,pm_04,qc_travelback,4
1970-01-01 00:19:00.000000,START,TEU_4_qc_travelback_pm_04,4,pm_04,qc_travelback,4
1970-01-01 00:20:00.000000,STOP,TEU_4_qc_travelback_pm_04,4,pm_04,qc_travelback,4
1970-01-01 00:00:00.000000,WAIT_START,TEU_4_pm_travel_to_yard_pm_04,4,pm_04,pm_travel_to_yard,5
1970-01-01 00:19:00.000000,WAIT_STOP,TEU_4_pm_travel_to_yard_pm_04,4,pm_04,pm_travel_to_yard,5
1970-01-01 00:19:00.000000,START,TEU_4_pm_travel_to_yard_pm_04,4,pm_04,pm_travel_to_yard,5
1970-01-01 00:50:25.649183,STOP,TEU_4_pm_travel_to_yard_pm_04,4,pm_04,pm_travel_to_yard,5
1970-01-01 00:00:00.000000,WAIT_START,TEU_4_pm_unload_pm_04,4,pm_04,pm_unload,6
1970-01-01 00:50:25.649183,WAIT_STOP,TEU_4_pm_unload_pm_04,4,pm_04,pm_unload,6
1970-01-01 00:50:25.649183,START,TEU_4_pm_unload_pm_04,4,pm_04,pm_unload,6
1970-01-01 00:52:25.649183,STOP,TEU_4_pm_unload_pm_04,4,pm_04,pm_unload,6
1970-01-01 00:00:00.000000,WAIT_START,TEU_4_pm_return_pm_04,4,pm_04,pm_return,7
1970-01-01 00:52:25.649183,WAIT_STOP,TEU_4_pm_return_pm_04,4,pm_04,pm_return,7
1970-01-01 00:52:25.649183,START,TEU_4_pm_return_pm_04,4,pm_04,pm_return,7
1970-01-01 01:23:51.298365,STOP,TEU_4_pm_return_pm_04,4,pm_04,pm_return,7
1970-01-01 00:00:00.000000,WAIT_START,TEU_5_qc_pick_pm_05,5,pm_05,qc_pick,1
1970-01-01 00:20:00.000000,WAIT_STOP,TEU_5_qc_pick_pm_05,5,pm_05,qc_pick,1
1970-01-01 00:20:00.000000,START,TEU_5_qc_pick_pm_05,5,pm_05,qc_pick,1
1970-01-01 00:21:00.000000,STOP,TEU_5_qc_pick_pm_05,5,pm_05,qc_pick,1
1970-01-01 00:00:00.000000,WAIT_START,TEU_5_qc_transfer_pm_05,5,pm_05,qc_transfer,2
1970-01-01 00:21:00.000000,WAIT_STOP,TEU_5_qc_transfer_pm_05,5,pm_05,qc_transfer,2
1970-01-01 00:21:00.000000,START,TEU_5_qc_transfer_pm_05,5,pm_05,qc_transfer,2
1970-01-01 00:23:00.000000,STOP,TEU_5_qc_transfer_pm_05,5,pm_05,qc_transfer,2
1970-01-01 00:00:00.000000,WAIT_START,TEU_5_qc_load_to_pm_pm_05,5,pm_05,qc_load_to_pm,3
1970-01-01 00:23:00.000000,WAIT_STOP,TEU_5_qc_load_to_pm_pm_05,5,pm_05,qc_load_to_pm,3
1970-01-01 00:23:00.000000,START,TEU_5_qc_load_to_pm_pm_05,5,pm_05,qc_load_to_pm,3
1970-01-01 00:24:00.000000,STOP,TEU_5_qc_load_to_pm_pm_05,5,pm_05,qc_load_to_pm,3
1970-01-01 00:00:00.000000,WAIT_START,TEU_5_qc_travelback_pm_05,5,pm_05,qc_travelback,4
1970-01-01 00:24:00.000000,WAIT_STOP,TEU_5_qc_travelback_pm_05,5,pm_05,qc_travelback,4
1970-01-01 00:24:00.000000,START,TEU_5_qc_travelback_pm_05,5,pm_05,qc_travelback,4
1970-01-01 00:25:00.000000,STOP,TEU_5_qc_travelback_pm_05,5,pm_05,qc_travelback,4
1970-01-01 00:00:00.000000,WAIT_START,TEU_5_pm_travel_to_yard_pm_05,5,pm_05,pm_travel_to_yard,5
1970-01-01 00:24:00.000000,WAIT_STOP,TEU_5_pm_travel_to_yard_pm_05,5,pm_05,pm_travel_to_yard,5
1970-01-01 00:24:00.000000,START,TEU_5_pm_travel_to_yard_pm_05,5,pm_05,pm_travel_to_yard,5
1970-01-01 00:55:25.649183,STOP,TEU_5_pm_travel_to_yard_pm_05,5,pm_05,pm_travel_to_yard,5
1970-01-01 00:00:00.000000,WAIT_START,TEU_5_pm_unload_pm_05,5,pm_05,pm_unload,6
1970-01-01 00:55:25.649183,WAIT_STOP,TEU_5_pm_unload_pm_05,5,pm_05,pm_unload,6
1970-01-01 00:55:25.649183,START,TEU_5_pm_unload_pm_05,5,pm_05,pm_unload,6
1970-01-01 00:57:25.649183,STOP,TEU_5_pm_unload_pm_05,5,pm_05,pm_unload,6
1970-01-01 00:00:00.000000,WAIT_START,TEU_5_pm_return_pm_05,5,pm_05,pm_return,7
1970-01-01 00:57:25.649183,WAIT_STOP,TEU_5_pm_return_pm_05,5,pm_05,pm_return,7
1970-01-01 00:57:25.649183,START,TEU_5_pm_return_pm_05,5,pm_05,pm_return,7
1970-01-01 01:28:51.298365,STOP,TEU_5_pm_return_pm_05,5,pm_05,pm_return,7
1970-01-01 00:00:00.000000,WAIT_START,TEU_6_qc_pick_pm_06,6,pm_06,qc_pick,1
1970-01-01 00:25:00.000000,WAIT_STOP,TEU_6_qc_pick_pm_06,6,pm_06,qc_pick,1
1970-01-01 00:25:00.000000,START,TEU_6_qc_pick_pm_06,6,pm_06,qc_pick,1
1970-01-01 00:26:00.000000,STOP,TEU_6_qc_pick_pm_06,6,pm_06,qc_pick,1
1970-01-01 00:00:00.000000,WAIT_START,TEU_6_qc_transfer_pm_06,6,pm_06,qc_transfer,2
1970-01-01 00:26:00.000000,WAIT_STOP,TEU_6_qc_transfer_pm_06,6,pm_06,qc_transfer,2
1970-01-01 00:26:00.000000,START,TEU_6_qc_transfer_pm_06,6,pm_06,qc_transfer,2
1970-01-01 00:28:00.000000,STOP,TEU_6_qc_transfer_pm_06,6,pm_06,qc_transfer,2
1970-01-01 00:00:00.000000,WAIT_START,TEU_6_qc_load_to_pm_pm_06,6,pm_06,qc_load_to_pm,3
1970-01-01 00:28:00.000000,WAIT_STOP,TEU_6_qc_load_to_pm_pm_06,6,pm_06,qc_load_to_pm,3
1970-01-01 00:28:00.000000,START,TEU_6_qc_load_to_pm_pm_06,6,pm_06,qc_load_to_pm,3
1970-01-01 00:29:00.000000,STOP,TEU_6_qc_load_to_pm_pm_06,6,pm_06,qc_load_to_pm,3
1970-01-01 00:00:00.000000,WAIT_START,TEU_6_qc_travelback_pm_06,6,pm_06,qc_travelback,4
1970-01-01 00:29:00.000000,WAIT_STOP,TEU_6_qc_travelback_pm_06,6,pm_06,qc_travelback,4
1970-01-01 00:29:00.000000,START,TEU_6_qc_travelback_pm_06,6,pm_06,qc_travelback,4
1970-01-01 00:30:00.000000,STOP,TEU_6_qc_travelback_pm_06,6,pm_06,qc_travelback,4
1970-01-01 00:00:00.000000,WAIT_START,TEU_6_pm_travel_to_yard_pm_06,6,pm_06,pm_travel_to_yard,5
1970-01-01 00:29:00.000000,WAIT_STOP,TEU_6_pm_travel_to_yard_pm_06,6,pm_06,pm_travel_to_yard,5
1970-01-01 00:29:00.000000,START,TEU_6_pm_travel_to_yard_pm_06,6,pm_06,pm_travel_to_yard,5
1970-01-01 01:00:25.649183,STOP,TEU_6_pm_travel_to_yard_pm_06,6,pm_06,pm_travel_to_yard,5
1970-01-01 00:00:00.000000,WAIT_START,TEU_6_pm_unload_pm_06,6,pm_06,pm_unload,6
1970-01-01 01:00:25.649183,WAIT_STOP,TEU_6_pm_unload_pm_06,6,pm_06,pm_unload,6
1970-01-01 01:00:25.649183,START,TEU_6_pm_unload_pm_06,6,pm_06,pm_unload,6
1970-01-01 01:02:25.649183,STOP,TEU_6_pm_unload_pm_06,6,pm_06,pm_unload,6
1970-01-01 00:00:00.000000,WAIT_START,TEU_6_pm_return_pm_06,6,pm_06,pm_return,7
1970-01-01 01:02:25.649183,WAIT_STOP,TEU_6_pm_return_pm_06,6,pm_06,pm_return,7
1970-01-01 01:02:25.649183,START,TEU_6_pm_return_pm_06,6,pm_06,pm_return,7
1970-01-01 01:33:51.298365,STOP,TEU_6_pm_return_pm_06,6,pm_06,pm_return,7
1970-01-01 00:00:00.000000,WAIT_START,TEU_7_qc_pick_pm_07,7,pm_07,qc_pick,1
1970-01-01 00:30:00.000000,WAIT_STOP,TEU_7_qc_pick_pm_07,7,pm_07,qc_pick,1
1970-01-01 00:30:00.000000,START,TEU_7_qc_pick_pm_07,7,pm_07,qc_pick,1
1970-01-01 00:31:00.000000,STOP,TEU_7_qc_pick_pm_07,7,pm_07,qc_pick,1
1970-01-01 00:00:00.000000,WAIT_START,TEU_7_qc_transfer_pm_07,7,pm_07,qc_transfer,2
1970-01-01 00:31:00.000000,WAIT_STOP,TEU_7_qc_transfer_pm_07,7,pm_07,qc_transfer,2
1970-01-01 00:31:00.000000,START,TEU_7_qc_transfer_pm_07,7,pm_07,qc_transfer,2
1970-01-01 00:33:00.000000,STOP,TEU_7_qc_transfer_pm_07,7,pm_07,qc_transfer,2
1970-01-01 00:00:00.000000,WAIT_START,TEU_7_qc_load_to_pm_pm_07,7,pm_07,qc_load_to_pm,3
1970-01-01 00:33:00.000000,WAIT_STOP,TEU_7_qc_load_to_pm_pm_07,7,pm_07,qc_load_to_pm,3
1970-01-01 00:33:00.000000,START,TEU_7_qc_load_to_pm_pm_07,7,pm_07,qc_load_to_pm,3
1970-01-01 00:34:00.000000,STOP,TEU_7_qc_load_to_pm_pm_07,7,pm_07,qc_load_to_pm,3
1970-01-01 00:00:00.000000,WAIT_START,TEU_7_qc_travelback_pm_07,7,pm_07,qc_travelback,4
1970-01-01 00:34:00.000000,WAIT_STOP,TEU_7_qc_travelback_pm_07,7,pm_07,qc_travelback,4
1970-01-01 00:34:00.000000,START,TEU_7_qc_travelback_pm_07,7,pm_07,qc_travelback,4
1970-01-01 00:35:00.000000,STOP,TEU_7_qc_travelback_pm_07,7,pm_07,qc_travelback,4
1970-01-01 00:00:00.000000,WAIT_START,TEU_7_pm_travel_to_yard_pm_07,7,pm_07,pm_travel_to_yard,5
1970-01-01 00:34:00.000000,WAIT_STOP,TEU_7_pm_travel_to_yard_pm_07,7,pm_07,pm_travel_to_yard,5
1970-01-01 00:34:00.000000,START,TEU_7_pm_travel_to_yard_pm_07,7,pm_07,pm_travel_to_yard,5
1970-01-01 01:05:25.649183,STOP,TEU_7_pm_travel_to_yard_pm_07,7,pm_07,pm_travel_to_yard,5
1970-01-01 00:00:00.000000,WAIT_START,TEU_7_pm_unload_pm_07,7,pm_07,pm_unload,6
1970-01-01 01:05:25.649183,WAIT_STOP,TEU_7_pm_unload_pm_07,7,pm_07,pm_unload,6
1970-01-01 01:05:25.649183,START,TEU_7_pm_unload_pm_07,7,pm_07,pm_unload,6
1970-01-01 01:07:25.649183,STOP,TEU_7_pm_unload_pm_07,7,pm_07,pm_unload,6
1970-01-01 00:00:00.000000,WAIT_START,TEU_7_pm_return_pm_07,7,pm_07,pm_return,7
1970-01-01 01:07:25.649183,WAIT_STOP,TEU_7_pm_return_pm_07,7,pm_07,pm_return,7
1970-01-01 01:07:25.649183,START,TEU_7_pm_return_pm_07,7,pm_07,pm_return,7
1970-01-01 01:38:51.298365,STOP,TEU_7_pm_return_pm_07,7,pm_07,pm_return,7
1970-01-01 00:00:00.000000,WAIT_START,TEU_8_qc_pick_pm_08,8,pm_08,qc_pick,1
1970-01-01 00:35:00.000000,WAIT_STOP,TEU_8_qc_pick_pm_08,8,pm_08,qc_pick,1
1970-01-01 00:35:00.000000,START,TEU_8_qc_pick_pm_08,8,pm_08,qc_pick,1
1970-01-01 00:36:00.000000,STOP,TEU_8_qc_pick_pm_08,8,pm_08,qc_pick,1
1970-01-01 00:00:00.000000,WAIT_START,TEU_8_qc_transfer_pm_08,8,pm_08,qc_transfer,2
1970-01-01 00:36:00.000000,WAIT_STOP,TEU_8_qc_transfer_pm_08,8,pm_08,qc_transfer,2
1970-01-01 00:36:00.000000,START,TEU_8_qc_transfer_pm_08,8,pm_08,qc_transfer,2
1970-01-01 00:38:00.000000,STOP,TEU_8_qc_transfer_pm_08,8,pm_08,qc_transfer,2
1970-01-01 00:00:00.000000,WAIT_START,TEU_8_qc_load_to_pm_pm_08,8,pm_08,qc_load_to_pm,3
1970-01-01 00:38:00.000000,WAIT_STOP,TEU_8_qc_load_to_pm_pm_08,8,pm_08,qc_load_to_pm,3
1970-01-01 00:38:00.000000,START,TEU_8_qc_load_to_pm_pm_08,8,pm_08,qc_load_to_pm,3
1970-01-01 00:39:00.000000,STOP,TEU_8_qc_load_to_pm_pm_08,8,pm_08,qc_load_to_pm,3
1970-01-01 00:00:00.000000,WAIT_START,TEU_8_qc_travelback_pm_08,8,pm_08,qc_travelback,4
1970-01-01 00:39:00.000000,WAIT_STOP,TEU_8_qc_travelback_pm_08,8,pm_08,qc_travelback,4
1970-01-01 00:39:00.000000,START,TEU_8_qc_travelback_pm_08,8,pm_08,qc_travelback,4
1970-01-01 00:40:00.000000,STOP,TEU_8_qc_travelback_pm_08,8,pm_08,qc_travelback,4
1970-01-01 00:00:00.000000,WAIT_START,TEU_8_pm_travel_to_yard_pm_08,8,pm_08,pm_travel_to_yard,5
1970-01-01 00:39:00.000000,WAIT_STOP,TEU_8_pm_travel_to_yard_pm_08,8,pm_08,pm_travel_to_yard,5
1970-01-01 00:39:00.000000,START,TEU_8_pm_travel_to_yard_pm_08,8,pm_08,pm_travel_to_yard,5
1970-01-01 01:10:25.649183,STOP,TEU_8_pm_travel_to_yard_pm_08,8,pm_08,pm_travel_to_yard,5
1970-01-01 00:00:00.000000,WAIT_START,TEU_8_pm_unload_pm_08,8,pm_08,pm_unload,6
1970-01-01 01:10:25.649183,WAIT_STOP,TEU_8_pm_unload_pm_08,8,pm_08,pm_unload,6
1970-01-01 01:10:25.649183,START,TEU_8_pm_unload_pm_08,8,pm_08,pm_unload,6
1970-01-01 01:12:25.649183,STOP,TEU_8_pm_unload_pm_08,8,pm_08,pm_unload,6
1970-01-01 00:00:00.000000,WAIT_START,TEU_8_pm_return_pm_08,8,pm_08,pm_return,7
1970-01-01 01:12:25.649183,WAIT_STOP,TEU_8_pm_return_pm_08,8,pm_08,pm_return,7
1970-01-01 01:12:25.649183,START,TEU_8_pm_return_pm_08,8,pm_08,pm_return,7
1970-01-01 01:43:51.298365,STOP,TEU_8_pm_return_pm_08,8,pm_08,pm_return,7
1970-01-01 00:00:00.000000,WAIT_START,TEU_9_qc_pick_pm_09,9,pm_09,qc_pick,1
1970-01-01 00:40:00.000000,WAIT_STOP,TEU_9_qc_pick_pm_09,9,pm_09,qc_pick,1
1970-01-01 00:40:00.000000,START,TEU_9_qc_pick_pm_09,9,pm_09,qc_pick,1
1970-01-01 00:41:00.000000,STOP,TEU_9_qc_pick_pm_09,9,pm_09,qc_pick,1
1970-01-01 00:00:00.000000,WAIT_START,TEU_9_qc_transfer_pm_09,9,pm_09,qc_transfer,2
1970-01-01 00:41:00.000000,WAIT_STOP,TEU_9_qc_transfer_pm_09,9,pm_09,qc_transfer,2
1970-01-01 00:41:00.000000,START,TEU_9_qc_transfer_pm_09,9,pm_09,qc_transfer,2
1970-01-01 00:43:00.000000,STOP,TEU_9_qc_transfer_pm_09,9,pm_09,qc_transfer,2
1970-01-01 00:00:00.000000,WAIT_START,TEU_9_qc_load_to_pm_pm_09,9,pm_09,qc_load_to_pm,3
1970-01-01 00:43:00.000000,WAIT_STOP,TEU_9_qc_load_to_pm_pm_09,9,pm_09,qc_load_to_pm,3
1970-01-01 00:43:00.000000,START,TEU_9_qc_load_to_pm_pm_09,9,pm_09,qc_load_to_pm,3
1970-01-01 00:44:00.000000,STOP,TEU_9_qc_load_to_pm_pm_09,9,pm_09,qc_load_to_pm,3
1970-01-01 00:00:00.000000,WAIT_START,TEU_9_qc_travelback_pm_09,9,pm_09,qc_travelback,4
1970-01-01 00:44:00.000000,WAIT_STOP,TEU_9_qc_travelback_pm_09,9,pm_09,qc_travelback,4
1970-01-01 00:44:00.000000,START,TEU_9_qc_travelback_pm_09,9,pm_09,qc_travelback,4
1970-01-01 00:45:00.000000,STOP,TEU_9_qc_travelback_pm_09,9,pm_09,qc_travelback,4
1970-01-01 00:00:00.000000,WAIT_START,TEU_9_pm_travel_to_yard_pm_09,9,pm_09,pm_travel_to_yard,5
1970-01-01 00:44:00.000000,WAIT_STOP,TEU_9_pm_travel_to_yard_pm_09,9,pm_09,pm_travel_to_yard,5
1970-01-01 00:44:00.000000,START,TEU_9_pm_travel_to_yard_pm_09,9,pm_09,pm_travel_to_yard,5
1970-01-01 01:15:25.649183,STOP,TEU_9_pm_travel_to_yard_pm_09,9,pm_09,pm_travel_to_yard,5
1970-01-01 00:00:00.000000,WAIT_START,TEU_9_pm_unload_pm_09,9,pm_09,pm_unload,6
1970-01-01 01:15:25.649183,WAIT_STOP,TEU_9_pm_unload_pm_09,9,pm_09,pm_unload,6
1970-01-01 01:15:25.649183,START,TEU_9_pm_unload_pm_09,9,pm_09,pm_unload,6
1970-01-01 01:17:25.649183,STOP,TEU_9_pm_unload_pm_09,9,pm_09,pm_unload,6
1970-01-01 00:00:00.000000,WAIT_START,TEU_9_pm_return_pm_09,9,pm_09,pm_return,7
1970-01-01 01:17:25.649183,WAIT_STOP,TEU_9_pm_return_pm_09,9,pm_09,pm_return,7
1970-01-01 01:17:25.649183,START,TEU_9_pm_return_pm_09,9,pm_09,pm_return,7
1970-01-01 01:48:51.298365,STOP,TEU_9_pm_return_pm_09,9,pm_09,pm_return,7
1970-01-01 00:00:00.000000,WAIT_START,TEU_10_qc_pick_pm_10,10,pm_10,qc_pick,1
1970-01-01 00:45:00.000000,WAIT_STOP,TEU_10_qc_pick_pm_10,10,pm_10,qc_pick,1
1970-01-01 00:45:00.000000,START,TEU_10_qc_pick_pm_10,10,pm_10,qc_pick,1
1970-01-01 00:46:00.000000,STOP,TEU_10_qc_pick_pm_10,10,pm_10,qc_pick,1
1970-01-01 00:00:00.000000,WAIT_START,TEU_10_qc_transfer_pm_10,10,pm_10,qc_transfer,2
1970-01-01 00:46:00.000000,WAIT_STOP,TEU_10_qc_transfer_pm_10,10,pm_10,qc_transfer,2
1970-01-01 00:46:00.000000,START,TEU_10_qc_transfer_pm_10,10,pm_10,qc_transfer,2
1970-01-01 00:48:00.000000,STOP,TEU_10_qc_transfer_pm_10,10,pm_10,qc_transfer,2
1970-01-01 00:00:00.000000,WAIT_START,TEU_10_qc_load_to_pm_pm_10,10,pm_10,qc_load_to_pm,3
1970-01-01 00:48:00.000000,WAIT_STOP,TEU_10_qc_load_to_pm_pm_10,10,pm_10,qc_load_to_pm,3
1970-01-01 00:48:00.000000,START,TEU_10_qc_load_to_pm_pm_10,10,pm_10,qc_load_to_pm,3
1970-01-01 00:49:00.000000,STOP,TEU_10_qc_load_to_pm_pm_10,10,pm_10,qc_load_to_pm,3
1970-01-01 00:00:00.000000,WAIT_START,TEU_10_qc_travelback_pm_10,10,pm_10,qc_travelback,4
1970-01-01 00:49:00.000000,WAIT_STOP,TEU_10_qc_travelback_pm_10,10,pm_10,qc_travelback,4
1970-01-01 00:49:00.000000,START,TEU_10_qc_travelback_pm_10,10,pm_10,qc_travelback,4
1970-01-01 00:50:00.000000,STOP,TEU_10_qc_travelback_pm_10,10,pm_10,qc_travelback,4
1970-01-01 00:00:00.000000,WAIT_START,TEU_10_pm_travel_to_yard_pm_10,10,pm_10,pm_travel_to_yard,5
1970-01-01 00:49:00.000000,WAIT_STOP,TEU_10_pm_travel_to_yard_pm_10,10,pm_10,pm_travel_to_yard,5
1970-01-01 00:49:00.000000,START,TEU_10_pm_travel_to_yard_pm_10,10,pm_10,pm_travel_to_yard,5
1970-01-01 01:20:25.649183,STOP,TEU_10_pm_travel_to_yard_pm_10,10,pm_10,pm_travel_to_yard,5
1970-01-01 00:00:00.000000,WAIT_START,TEU_10_pm_unload_pm_10,10,pm_10,pm_unload,6
1970-01-01 01:20:25.649183,WAIT_STOP,TEU_10_pm_unload_pm_10,10,pm_10,pm_unload,6
1970-01-01 01:20:25.649183,START,TEU_10_pm_unload_pm_10,10,pm_10,pm_unload,6
1970-01-01 01:22:25.649183,STOP,TEU_10_pm_unload_pm_10,10,pm_10,pm_unload,6
1970-01-01 00:00:00.000000,WAIT_START,TEU_10_pm_return_pm_10,10,pm_10,pm_return,7
1970-01-01 01:22:25.649183,WAIT_STOP,TEU_10_pm_return_pm_10,10,pm_10,pm_return,7
1970-01-01 01:22:25.649183,START,TEU_10_pm_return_pm_10,10,pm_10,pm_return,7
1970-01-01 01:53:51.298365,STOP,TEU_10_pm_return_pm_10,10,pm_10,pm_return,7
1970-01-01 00:00:00.000000,WAIT_START,TEU_11_qc_pick_pm_01,11,pm_01,qc_pick,1
1970-01-01 00:50:00.000000,WAIT_STOP,TEU_11_qc_pick_pm_01,11,pm_01,qc_pick,1
1970-01-01 00:50:00.000000,START,TEU_11_qc_pick_pm_01,11,pm_01,qc_pick,1
1970-01-01 00:51:00.000000,STOP,TEU_11_qc_pick_pm_01,11,pm_01,qc_pick,1
1970-01-01 00:00:00.000000,WAIT_START,TEU_11_qc_transfer_pm_01,11,pm_01,qc_transfer,2
1970-01-01 00:51:00.000000,WAIT_STOP,TEU_11_qc_transfer_pm_01,11,pm_01,qc_transfer,2
1970-01-01 00:51:00.000000,START,TEU_11_qc_transfer_pm_01,11,pm_01,qc_transfer,2
1970-01-01 00:53:00.000000,STOP,TEU_11_qc_transfer_pm_01,11,pm_01,qc_transfer,2
1970-01-01 00:00:00.000000,WAIT_START,TEU_11_qc_load_to_pm_pm_01,11,pm_01,qc_load_to_pm,3
1970-01-01 01:08:51.298365,WAIT_STOP,TEU_11_qc_load_to_pm_pm_01,11,pm_01,qc_load_to_pm,3
1970-01-01 01:08:51.298365,START,TEU_11_qc_load_to_pm_pm_01,11,pm_01,qc_load_to_pm,3
1970-01-01 01:09:51.298365,STOP,TEU_11_qc_load_to_pm_pm_01,11,pm_01,qc_load_to_pm,3
1970-01-01 00:00:00.000000,WAIT_START,TEU_11_qc_travelback_pm_01,11,pm_01,qc_travelback,4
1970-01-01 01:09:51.298365,WAIT_STOP,TEU_11_qc_travelback_pm_01,11,pm_01,qc_travelback,4
1970-01-01 01:09:51.298365,START,TEU_11_qc_travelback_pm_01,11,pm_01,qc_travelback,4
1970-01-01 01:10:51.298365,STOP,TEU_11_qc_travelback_pm_01,11,pm_01,qc_travelback,4
1970-01-01 00:00:00.000000,WAIT_START,TEU_11_pm_travel_to_yard_pm_01,11,pm_01,pm_travel_to_yard,5
1970-01-01 01:09:51.298365,WAIT_STOP,TEU_11_pm_travel_to_yard_pm_01,11,pm_01,pm_travel_to_yard,5
1970-01-01 01:09:51.298365,START,TEU_11_pm_travel_to_yard_pm_01,11,pm_01,pm_travel_to_yard,5
1970-01-01 01:41:16.947548,STOP,TEU_11_pm_travel_to_yard_pm_01,11,pm_01,pm_travel_to_yard,5
1970-01-01 00:00:00.000000,WAIT_START,TEU_11_pm_unload_pm_01,11,pm_01,pm_unload,6
1970-01-01 01:41:16.947548,WAIT_STOP,TEU_11_pm_unload_pm_01,11,pm_01,pm_unload,6
1970-01-01 01:41:16.947548,START,TEU_11_pm_unload_pm_01,11,pm_01,pm_unload,6
1970-01-01 01:43:16.947548,STOP,TEU_11_pm_unload_pm_01,11,pm_01,pm_unload,6
1970-01-01 00:00:00.000000,WAIT_START,TEU_11_pm_return_pm_01,11,pm_01,pm_return,7
1970-01-01 01:43:16.947548,WAIT_STOP,TEU_11_pm_return_pm_01,11,pm_01,pm_return,7
1970-01-01 01:43:16.947548,START,TEU_11_pm_return_pm_01,11,pm_01,pm_return,7
1970-01-01 02:14:42.596730,STOP,TEU_11_pm_return_pm_01,11,pm_01,pm_return,7
1970-01-01 00:00:00.000000,WAIT_START,TEU_12_qc_pick_pm_02,12,pm_02,qc_pick,1
1970-01-01 01:10:51.298365,WAIT_STOP,TEU_12_qc_pick_pm_02,12,pm_02,qc_pick,1
1970-01-01 01:10:51.298365,START,TEU_12_qc_pick_pm_02,12,pm_02,qc_pick,1
1970-01-01 01:11:51.298365,STOP,TEU_12_qc_pick_pm_02,12,pm_02,qc_pick,1
1970-01-01 00:00:00.000000,WAIT_START,TEU_12_qc_transfer_pm_02,12,pm_02,qc_transfer,2
1970-01-01 01:11:51.298365,WAIT_STOP,TEU_12_qc_transfer_pm_02,12,pm_02,qc_transfer,2
1970-01-01 01:11:51.298365,START,TEU_12_qc_transfer_pm_02,12,pm_02,qc_transfer,2
1970-01-01 01:13:51.298365,STOP,TEU_12_qc_transfer_pm_02,12,pm_02,qc_transfer,2
1970-01-01 00:00:00.000000,WAIT_START,TEU_12_qc_load_to_pm_pm_02,12,pm_02,qc_load_to_pm,3
1970-01-01 01:13:51.298365,WAIT_STOP,TEU_12_qc_load_to_pm_pm_02,12,pm_02,qc_load_to_pm,3
1970-01-01 01:13:51.298365,START,TEU_12_qc_load_to_pm_pm_02,12,pm_02,qc_load_to_pm,3
1970-01-01 01:14:51.298365,STOP,TEU_12_qc_load_to_pm_pm_02,12,pm_02,qc_load_to_pm,3
1970-01-01 00:00:00.000000,WAIT_START,TEU_12_qc_travelback_pm_02,12,pm_02,qc_travelback,4
1970-01-01 01:14:51.298365,WAIT_STOP,TEU_12_qc_travelback_pm_02,12,pm_02,qc_travelback,4
1970-01-01 01:14:51.298365,START,TEU_12_qc_travelback_pm_02,12,pm_02,qc_travelback,4
1970-01-01 01:15:51.298365,STOP,TEU_12_qc_travelback_pm_02,12,pm_02,qc_travelback,4
1970-01-01 00:00:00.000000,WAIT_START,TEU_12_pm_travel_to_yard_pm_02,12,pm_02,pm_travel_to_yard,5
1970-01-01 01:14:51.298365,WAIT_STOP,TEU_12_pm_travel_to_yard_pm_02,12,pm_02,pm_travel_to_yard,5
1970-01-01 01:14:51.298365,START,TEU_12_pm_travel_to_yard_pm_02,12,pm_02,pm_travel_to_yard,5
1970-01-01 01:46:16.947548,STOP,TEU_12_pm_travel_to_yard_pm_02,12,pm_02,pm_travel_to_yard,5
1970-01-01 00:00:00.000000,WAIT_START,TEU_12_pm_unload_pm_02,12,pm_02,pm_unload,6
1970-01-01 01:46:16.947548,WAIT_STOP,TEU_12_pm_unload_pm_02,12,pm_02,pm_unload,6
1970-01-01 01:46:16.947548,START,TEU_12_pm_unload_pm_02,12,pm_02,pm_unload,6
1970-01-01 01:48:16.947548,STOP,TEU_12_pm_unload_pm_02,12,pm_02,pm_unload,6
1970-01-01 00:00:00.000000,WAIT_START,TEU_12_pm_return_pm_02,12,pm_02,pm_return,7
1970-01-01 01:48:16.947548,WAIT_STOP,TEU_12_pm_return_pm_02,12,pm_02,pm_return,7
1970-01-01 01:48:16.947548,START,TEU_12_pm_return_pm_02,12,pm_02,pm_return,7
1970-01-01 02:19:42.596730,STOP,TEU_12_pm_return_pm_02,12,pm_02,pm_return,7
1970-01-01 00:00:00.000000,WAIT_START,TEU_13_qc_pick_pm_03,13,pm_03,qc_pick,1
1970-01-01 01:15:51.298365,WAIT_STOP,TEU_13_qc_pick_pm_03,13,pm_03,qc_pick,1
1970-01-01 01:15:51.298365,START,TEU_13_qc_pick_pm_03,13,pm_03,qc_pick,1
1970-01-01 01:16:51.298365,STOP,TEU_13_qc_pick_pm_03,13,pm_03,qc_pick,1
1970-01-01 00:00:00.000000,WAIT_START,TEU_13_qc_transfer_pm_03,13,pm_03,qc_transfer,2
1970-01-01 01:16:51.298365,WAIT_STOP,TEU_13_qc_transfer_pm_03,13,pm_03,qc_transfer,2
1970-01-01 01:16:51.298365,START,TEU_13_qc_transfer_pm_03,13,pm_03,qc_transfer,2
1970-01-01 01:18:51.298365,STOP,TEU_13_qc_transfer_pm_03,13,pm_03,qc_transfer,2
1970-01-01 00:00:00.000000,WAIT_START,TEU_13_qc_load_to_pm_pm_03,13,pm_03,qc_load_to_pm,3
1970-01-01 01:18:51.298365,WAIT_STOP,TEU_13_qc_load_to_pm_pm_03,13,pm_03,qc_load_to_pm,3
1970-01-01 01:18:51.298365,START,TEU_13_qc_load_to_pm_pm_03,13,pm_03,qc_load_to_pm,3
1970-01-01 01:19:51.298365,STOP,TEU_13_qc_load_to_pm_pm_03,13,pm_03,qc_load_to_pm,3
1970-01-01 00:00:00.000000,WAIT_START,TEU_13_qc_travelback_pm_03,13,pm_03,qc_travelback,4
1970-01-01 01:19:51.298365,WAIT_STOP,TEU_13_qc_travelback_pm_03,13,pm_03,qc_travelback,4
1970-01-01 01:19:51.298365,START,TEU_13_qc_travelback_pm_03,13,pm_03,qc_travelback,4
1970-01-01 01:20:51.298365,STOP,TEU_13_qc_travelback_pm_03,13,pm_03,qc_travelback,4
1970-01-01 00:00:00.000000,WAIT_START,TEU_13_pm_travel_to_yard_pm_03,13,pm_03,pm_travel_to_yard,5
1970-01-01 01:19:51.298365,WAIT_STOP,TEU_13_pm_travel_to_yard_pm_03,13,pm_03,pm_travel_to_yard,5
1970-01-01 01:19:51.298365,START,TEU_13_pm_travel_to_yard_pm_03,13,pm_03,pm_travel_to_yard,5
1970-01-01 01:51:16.947548,STOP,TEU_13_pm_travel_to_yard_pm_03,13,pm_03,pm_travel_to_yard,5
1970-01-01 00:00:00.000000,WAIT_START,TEU_13_pm_unload_pm_03,13,pm_03,pm_unload,6
1970-01-01 01:51:16.947548,WAIT_STOP,TEU_13_pm_unload_pm_03,13,pm_03,pm_unload,6
1970-01-01 01:51:16.947548,START,TEU_13_pm_unload_pm_03,13,pm_03,pm_unload,6
1970-01-01 01:53:16.947548,STOP,TEU_13_pm_unload_pm_03,13,pm_03,pm_unload,6
1970-01-01 00:00:00.000000,WAIT_START,TEU_13_pm_return_pm_03,13,pm_03,pm_return,7
1970-01-01 01:53:16.947548,WAIT_STOP,TEU_13_pm_return_pm_03,13,pm_03,pm_return,7
1970-01-01 01:53:16.947548,START,TEU_13_pm_return_pm_03,13,pm_03,pm_return,7
1970-01-01 02:24:42.596730,STOP,TEU_13_pm_return_pm_03,13,pm_03,pm_return,7
1970-01-01 00:00:00.000000,WAIT_START,TEU_14_qc_pick_pm_04,14,pm_04,qc_pick,1
1970-01-01 01:20:51.298365,WAIT_STOP,TEU_14_qc_pick_pm_04,14,pm_04,qc_pick,1
1970-01-01 01:20:51.298365,START,TEU_14_qc_pick_pm_04,14,pm_04,qc_pick,1
1970-01-01 01:21:51.298365,STOP,TEU_14_qc_pick_pm_04,14,pm_04,qc_pick,1
1970-01-01 00:00:00.000000,WAIT_START,TEU_14_qc_transfer_pm_04,14,pm_04,qc_transfer,2
1970-01-01 01:21:51.298365,WAIT_STOP,TEU_14_qc_transfer_pm_04,14,pm_04,qc_transfer,2
1970-01-01 01:21:51.298365,START,TEU_14_qc_transfer_pm_04,14,pm_04,qc_transfer,2
1970-01-01 01:23:51.298365,STOP,TEU_14_qc_transfer_pm_04,14,pm_04,qc_transfer,2
1970-01-01 00:00:00.000000,WAIT_START,TEU_14_qc_load_to_pm_pm_04,14,pm_04,qc_load_to_pm,3
1970-01-01 01:23:51.298365,WAIT_STOP,TEU_14_qc_load_to_pm_pm_04,14,pm_04,qc_load_to_pm,3
1970-01-01 01:23:51.298365,START,TEU_14_qc_load_to_pm_pm_04,14,pm_04,qc_load_to_pm,3
1970-01-01 01:24:51.298365,STOP,TEU_14_qc_load_to_pm_pm_04,14,pm_04,qc_load_to_pm,3
1970-01-01 00:00:00.000000,WAIT_START,TEU_14_qc_travelback_pm_04,14,pm_04,qc_travelback,4
1970-01-01 01:24:51.298365,WAIT_STOP,TEU_14_qc_travelback_pm_04,14,pm_04,qc_travelback,4
1970-01-01 01:24:51.298365,START,TEU_14_qc_travelback_pm_04,14,pm_04,qc_travelback,4
1970-01-01 01:25:51.298365,STOP,TEU_14_qc_travelback_pm_04,14,pm_04,qc_travelback,4
1970-01-01 00:00:00.000000,WAIT_START,TEU_14_pm_travel_to_yard_pm_04,14,pm_04,pm_travel_to_yard,5
1970-01-01 01:24:51.298365,WAIT_STOP,TEU_14_pm_travel_to_yard_pm_04,14,pm_04,pm_travel_to_yard,5
1970-01-01 01:24:51.298365,START,TEU_14_pm_travel_to_yard_pm_04,14,pm_04,pm_travel_to_yard,5
1970-01-01 01:56:16.947548,STOP,TEU_14_pm_travel_to_yard_pm_04,14,pm_04,pm_travel_to_yard,5
1970-01-01 00:00:00.000000,WAIT_START,TEU_14_pm_unload_pm_04,14,pm_04,pm_unload,6
1970-01-01 01:56:16.947548,WAIT_STOP,TEU_14_pm_unload_pm_04,14,pm_04,pm_unload,6
1970-01-01 01:56:16.947548,START,TEU_14_pm_unload_pm_04,14,pm_04,pm_unload,6
1970-01-01 01:58:16.947548,STOP,TEU_14_pm_unload_pm_04,14,pm_04,pm_unload,6
1970-01-01 00:00:00.000000,WAIT_START,TEU_14_pm_return_pm_04,14,pm_04,pm_return,7
1970-01-01 01:58:16.947548,WAIT_STOP,TEU_14_pm_return_pm_04,14,pm_04,pm_return,7
1970-01-01 01:58:16.947548,START,TEU_14_pm_return_pm_04,14,pm_04,pm_return,7
1970-01-01 02:29:42.596730,STOP,TEU_14_pm_return_pm_04,14,pm_04,pm_return,7
1970-01-01 00:00:00.000000,WAIT_START,TEU_15_qc_pick_pm_05,15,pm_05,qc_pick,1
1970-01-01 01:25:51.298365,WAIT_STOP,TEU_15_qc_pick_pm_05,15,pm_05,qc_pick,1
1970-01-01 01:25:51.298365,START,TEU_15_qc_pick_pm_05,15,pm_05,qc_pick,1
1970-01-01 01:26:51.298365,STOP,TEU_15_qc_pick_pm_05,15,pm_05,qc_pick,1
1970-01-01 00:00:00.000000,WAIT_START,TEU_15_qc_transfer_pm_05,15,pm_05,qc_transfer,2
1970-01-01 01:26:51.298365,WAIT_STOP,TEU_15_qc_transfer_pm_05,15,pm_05,qc_transfer,2
1970-01-01 01:26:51.298365,START,TEU_15_qc_transfer_pm_05,15,pm_05,qc_transfer,2
1970-01-01 01:28:51.298365,STOP,TEU_15_qc_transfer_pm_05,15,pm_05,qc_transfer,2
1970-01-01 00:00:00.000000,WAIT_START,TEU_15_qc_load_to_pm_pm_05,15,pm_05,qc_load_to_pm,3
1970-01-01 01:28:51.298365,WAIT_STOP,TEU_15_qc_load_to_pm_pm_05,15,pm_05,qc_load_to_pm,3
1970-01-01 01:28:51.298365,START,TEU_15_qc_load_to_pm_pm_05,15,pm_05,qc_load_to_pm,3
1970-01-01 01:29:51.298365,STOP,TEU_15_qc_load_to_pm_pm_05,15,pm_05,qc_load_to_pm,3
1970-01-01 00:00:00.000000,WAIT_START,TEU_15_qc_travelback_pm_05,15,pm_05,qc_travelback,4
1970-01-01 01:29:51.298365,WAIT_STOP,TEU_15_qc_travelback_pm_05,15,pm_05,qc_travelback,4
1970-01-01 01:29:51.298365,START,TEU_15_qc_travelback_pm_05,15,pm_05,qc_travelback,4
1970-01-01 01:30:51.298365,STOP,TEU_15_qc_travelback_pm_05,15,pm_05,qc_travelback,4
1970-01-01 00:00:00.000000,WAIT_START,TEU_15_pm_travel_to_yard_pm_05,15,pm_05,pm_travel_to_yard,5
1970-01-01 01:29:51.298365,WAIT_STOP,TEU_15_pm_travel_to_yard_pm_05,15,pm_05,pm_travel_to_yard,5
1970-01-01 01:29:51.298365,START,TEU_15_pm_travel_to_yard_pm_05,15,pm_05,pm_travel_to_yard,5
1970-01-01 02:01:16.947548,STOP,TEU_15_pm_travel_to_yard_pm_05,15,pm_05,pm_travel_to_yard,5
1970-01-01 00:00:00.000000,WAIT_START,TEU_15_pm_unload_pm_05,15,pm_05,pm_unload,6
1970-01-01 02:01:16.947548,WAIT_STOP,TEU_15_pm_unload_pm_05,15,pm_05,pm_unload,6
1970-01-01 02:01:16.947548,START,TEU_15_pm_unload_pm_05,15,pm_05,pm_unload,6
1970-01-01 02:03:16.947548,STOP,TEU_15_pm_unload_pm_05,15,pm_05,pm_unload,6
1970-01-01 00:00:00.000000,WAIT_START,TEU_15_pm_return_pm_05,15,pm_05,pm_return,7
1970-01-01 02:03:16.947548,WAIT_STOP,TEU_15_pm_return_pm_05,15,pm_05,pm_return,7
1970-01-01 02:03:16.947548,START,TEU_15_pm_return_pm_05,15,pm_05,pm_return,7
1970-01-01 02:34:42.596730,STOP,TEU_15_pm_return_pm_05,15,pm_05,pm_return,7
1970-01-01 00:00:00.000000,WAIT_START,TEU_16_qc_pick_pm_06,16,pm_06,qc_pick,1
1970-01-01 01:30:51.298365,WAIT_STOP,TEU_16_qc_pick_pm_06,16,pm_06,qc_pick,1
1970-01-01 01:30:51.298365,START,TEU_16_qc_pick_pm_06,16,pm_06,qc_pick,1
1970-01-01 01:31:51.298365,STOP,TEU_16_qc_pick_pm_06,16,pm_06,qc_pick,1
1970-01-01 00:00:00.000000,WAIT_START,TEU_16_qc_transfer_pm_06,16,pm_06,qc_transfer,2
1970-01-01 01:31:51.298365,WAIT_STOP,TEU_16_qc_transfer_pm_06,16,pm_06,qc_transfer,2
1970-01-01 01:31:51.298365,START,TEU_16_qc_transfer_pm_06,16,pm_06,qc_transfer,2
1970-01-01 01:33:51.298365,STOP,TEU_16_qc_transfer_pm_06,16,pm_06,qc_transfer,2
1970-01-01 00:00:00.000000,WAIT_START,TEU_16_qc_load_to_pm_pm_06,16,pm_06,qc_load_to_pm,3
1970-01-01 01:33:51.298365,WAIT_STOP,TEU_16_qc_load_to_pm_pm_06,16,pm_06,qc_load_to_pm,3
1970-01-01 01:33:51.298365,START,TEU_16_qc_load_to_pm_pm_06,16,pm_06,qc_load_to_pm,3
1970-01-01 01:34:51.298365,STOP,TEU_16_qc_load_to_pm_pm_06,16,pm_06,qc_load_to_pm,3
1970-01-01 00:00:00.000000,WAIT_START,TEU_16_qc_travelback_pm_06,16,pm_06,qc_travelback,4
1970-01-01 01:34:51.298365,WAIT_STOP,TEU_16_qc_travelback_pm_06,16,pm_06,qc_travelback,4
1970-01-01 01:34:51.298365,START,TEU_16_qc_travelback_pm_06,16,pm_06,qc_travelback,4
1970-01-01 01:35:51.298365,STOP,TEU_16_qc_travelback_pm_06,16,pm_06,qc_travelback,4
1970-01-01 00:00:00.000000,WAIT_START,TEU_16_pm_travel_to_yard_pm_06,16,pm_06,pm_travel_to_yard,5
1970-01-01 01:34:51.298365,WAIT_STOP,TEU_16_pm_travel_to_yard_pm_06,16,pm_06,pm_travel_to_yard,5
1970-01-01 01:34:51.298365,START,TEU_16_pm_travel_to_yard_pm_06,16,pm_06,pm_travel_to_yard,5
1970-01-01 02:06:16.947548,STOP,TEU_16_pm_travel_to_yard_pm_06,16,pm_06,pm_travel_to_yard,5
1970-01-01 00:00:00.000000,WAIT_START,TEU_16_pm_unload_pm_06,16,pm_06,pm_unload,6
1970-01-01 02:06:16.947548,WAIT_STOP,TEU_16_pm_unload_pm_06,16,pm_06,pm_unload,6
1970-01-01 02:06:16.947548,START,TEU_16_pm_unload_pm_06,16,pm_06,pm_unload,6
1970-01-01 02:08:16.947548,STOP,TEU_16_pm_unload_pm_06,16,pm_06,pm_unload,6
1970-01-01 00:00:00.000000,WAIT_START,TEU_16_pm_return_pm_06,16,pm_06,pm_return,7
1970-01-01 02:08:16.947548,WAIT_STOP,TEU_16_pm_return_pm_06,16,pm_06,pm_return,7
1970-01-01 02:08:16.947548,START,TEU_16_pm_return_pm_06,16,pm_06,pm_return,7
1970-01-01 02:39:42.596730,STOP,TEU_16_pm_return_pm_06,16,pm_06,pm_return,7
1970-01-01 00:00:00.000000,WAIT_START,TEU_17_qc_pick_pm_07,17,pm_07,qc_pick,1
1970-01-01 01:35:51.298365,WAIT_STOP,TEU_17_qc_pick_pm_07,17,pm_07,qc_pick,1
1970-01-01 01:35:51.298365,START,TEU_17_qc_pick_pm_07,17,pm_07,qc_pick,1
1970-01-01 01:36:51.298365,STOP,TEU_17_qc_pick_pm_07,17,pm_07,qc_pick,1
1970-01-01 00:00:00.000000,WAIT_START,TEU_17_qc_transfer_pm_07,17,pm_07,qc_transfer,2
1970-01-01 01:36:51.298365,WAIT_STOP,TEU_17_qc_transfer_pm_07,17,pm_07,qc_transfer,2
1970-01-01 01:36:51.298365,START,TEU_17_qc_transfer_pm_07,17,pm_07,qc_transfer,2
1970-01-01 01:38:51.298365,STOP,TEU_17_qc_transfer_pm_07,17,pm_07,qc_transfer,2
1970-01-01 00:00:00.000000,WAIT_START,TEU_17_qc_load_to_pm_pm_07,17,pm_07,qc_load_to_pm,3
1970-01-01 01:38:51.298365,WAIT_STOP,TEU_17_qc_load_to_pm_pm_07,17,pm_07,qc_load_to_pm,3
1970-01-01 01:38:51.298365,START,TEU_17_qc_load_to_pm_pm_07,17,pm_07,qc_load_to_pm,3
1970-01-01 01:39:51.298365,STOP,TEU_17_qc_load_to_pm_pm_07,17,pm_07,qc_load_to_pm,3
1970-01-01 00:00:00.000000,WAIT_START,TEU_17_qc_travelback_pm_07,17,pm_07,qc_travelback,4
1970-01-01 01:39:51.298365,WAIT_STOP,TEU_17_qc_travelback_pm_07,17,pm_07,qc_travelback,4
1970-01-01 01:39:51.298365,START,TEU_17_qc_travelback_pm_07,17,pm_07,qc_travelback,4
1970-01-01 01:40:51.298365,STOP,TEU_17_qc_travelback_pm_07,17,pm_07,qc_travelback,4
1970-01-01 00:00:00.000000,WAIT_START,TEU_17_pm_travel_to_yard_pm_07,17,pm_07,pm_travel_to_yard,5
1970-01-01 01:39:51.298365,WAIT_STOP,TEU_17_pm_travel_to_yard_pm_07,17,pm_07,pm_travel_to_yard,5
1970-01-01 01:39:51.298365,START,TEU_17_pm_travel_to_yard_pm_07,17,pm_07,pm_travel_to_yard,5
1970-01-01 02:11:16.947548,STOP,TEU_17_pm_travel_to_yard_pm_07,17,pm_07,pm_travel_to_yard,5
1970-01-01 00:00:00.000000,WAIT_START,TEU_17_pm_unload_pm_07,17,pm_07,pm_unload,6
1970-01-01 02:11:16.947548,WAIT_STOP,TEU_17_pm_unload_pm_07,17,pm_07,pm_unload,6
1970-01-01 02:11:16.947548,START,TEU_17_pm_unload_pm_07,17,pm_07,pm_unload,6
1970-01-01 02:13:16.947548,STOP,TEU_17_pm_unload_pm_07,17,pm_07,pm_unload,6
1970-01-01 00:00:00.000000,WAIT_START,TEU_17_pm_return_pm_07,17,pm_07,pm_return,7
1970-01-01 02:13:16.947548,WAIT_STOP,TEU_17_pm_return_pm_07,17,pm_07,pm_return,7
1970-01-01 02:13:16.947548,START,TEU_17_pm_return_pm_07,17,pm_07,pm_return,7
1970-01-01 02:44:42.596730,STOP,TEU_17_pm_return_pm_07,17,pm_07,pm_return,7
1970-01-01 00:00:00.000000,WAIT_START,TEU_18_qc_pick_pm_08,18,pm_08,qc_pick,1
1970-01-01 01:40:51.298365,WAIT_STOP,TEU_18_qc_pick_pm_08,18,pm_08,qc_pick,1
1970-01-01 01:40:51.298365,START,TEU_18_qc_pick_pm_08,18,pm_08,qc_pick,1
1970-01-01 01:41:51.298365,STOP,TEU_18_qc_pick_pm_08,18,pm_08,qc_pick,1
1970-01-01 00:00:00.000000,WAIT_START,TEU_18_qc_transfer_pm_08,18,pm_08,qc_transfer,2
1970-01-01 01:41:51.298365,WAIT_STOP,TEU_18_qc_transfer_pm_08,18,pm_08,qc_transfer,2
1970-01-01 01:41:51.298365,START,TEU_18_qc_transfer_pm_08,18,pm_08,qc_transfer,2
1970-01-01 01:43:51.298365,STOP,TEU_18_qc_transfer_pm_08,18,pm_08,qc_transfer,2
1970-01-01 00:00:00.000000,WAIT_START,TEU_18_qc_load_to_pm_pm_08,18,pm_08,qc_load_to_pm,3
1970-01-01 01:43:51.298365,WAIT_STOP,TEU_18_qc_load_to_pm_pm_08,18,pm_08,qc_load_to_pm,3
1970-01-01 01:43:51.298365,START,TEU_18_qc_load_to_pm_pm_08,18,pm_08,qc_load_to_pm,3
1970-01-01 01:44:51.298365,STOP,TEU_18_qc_load_to_pm_pm_08,18,pm_08,qc_load_to_pm,3
1970-01-01 00:00:00.000000,WAIT_START,TEU_18_qc_travelback_pm_08,18,pm_08,qc_travelback,4
1970-01-01 01:44:51.298365,WAIT_STOP,TEU_18_qc_travelback_pm_08,18,pm_08,qc_travelback,4
1970-01-01 01:44:51.298365,START,TEU_18_qc_travelback_pm_08,18,pm_08,qc_travelback,4
1970-01-01 01:45:51.298365,STOP,TEU_18_qc_travelback_pm_08,18,pm_08,qc_travelback,4
1970-01-01 00:00:00.000000,WAIT_START,TEU_18_pm_travel_to_yard_pm_08,18,pm_08,pm_travel_to_yard,5
1970-01-01 01:44:51.298365,WAIT_STOP,TEU_18_pm_travel_to_yard_pm_08,18,pm_08,pm_travel_to_yard,5
1970-01-01 01:44:51.298365,START,TEU_18_pm_travel_to_yard_pm_08,18,pm_08,pm_travel_to_yard,5
1970-01-01 02:16:16.947548,STOP,TEU_18_pm_travel_to_yard_pm_08,18,pm_08,pm_travel_to_yard,5
1970-01-01 00:00:00.000000,WAIT_START,TEU_18_pm_unload_pm_08,18,pm_08,pm_unload,6
1970-01-01 02:16:16.947548,WAIT_STOP,TEU_18_pm_unload_pm_08,18,pm_08,pm_unload,6
1970-01-01 02:16:16.947548,START,TEU_18_pm_unload_pm_08,18,pm_08,pm_unload,6
1970-01-01 02:18:16.947548,STOP,TEU_18_pm_unload_pm_08,18,pm_08,pm_unload,6
1970-01-01 00:00:00.000000,WAIT_START,TEU_18_pm_return_pm_08,18,pm_08,pm_return,7
1970-01-01 02:18:16.947548,WAIT_STOP,TEU_18_pm_return_pm_08,18,pm_08,pm_return,7
1970-01-01 02:18:16.947548,START,TEU_18_pm_return_pm_08,18,pm_08,pm_return,7
1970-01-01 02:49:42.596730,STOP,TEU_18_pm_return_pm_08,18,pm_08,pm_return,7
1970-01-01 00:00:00.000000,WAIT_START,TEU_19_qc_pick_pm_09,19,pm_09,qc_pick,1
1970-01-01 01:45:51.298365,WAIT_STOP,TEU_19_qc_pick_pm_09,19,pm_09,qc_pick,1
1970-01-01 01:45:51.298365,START,TEU_19_qc_pick_pm_09,19,pm_09,qc_pick,1
1970-01-01 01:46:51.298365,STOP,TEU_19_qc_pick_pm_09,19,pm_09,qc_pick,1
1970-01-01 00:00:00.000000,WAIT_START,TEU_19_qc_transfer_pm_09,19,pm_09,qc_transfer,2
1970-01-01 01:46:51.298365,WAIT_STOP,TEU_19_qc_transfer_pm_09,19,pm_09,qc_transfer,2
1970-01-01 01:46:51.298365,START,TEU_19_qc_transfer_pm_09,19,pm_09,qc_transfer,2
1970-01-01 01:48:51.298365,STOP,TEU_19_qc_transfer_pm_09,19,pm_09,qc_transfer,2
1970-01-01 00:00:00.000000,WAIT_START,TEU_19_qc_load_to_pm_pm_09,19,pm_09,qc_load_to_pm,3
1970-01-01 01:48:51.298365,WAIT_STOP,TEU_19_qc_load_to_pm_pm_09,19,pm_09,qc_load_to_pm,3
1970-01-01 01:48:51.298365,START,TEU_19_qc_load_to_pm_pm_09,19,pm_09,qc_load_to_pm,3
1970-01-01 01:49:51.298365,STOP,TEU_19_qc_load_to_pm_pm_09,19,pm_09,qc_load_to_pm,3
1970-01-01 00:00:00.000000,WAIT_START,TEU_19_qc_travelback_pm_09,19,pm_09,qc_travelback,4
1970-01-01 01:49:51.298365,WAIT_STOP,TEU_19_qc_travelback_pm_09,19,pm_09,qc_travelback,4
1970-01-01 01:49:51.298365,START,TEU_19_qc_travelback_pm_09,19,pm_09,qc_travelback,4
1970-01-01 01:50:51.298365,STOP,TEU_19_qc_travelback_pm_09,19,pm_09,qc_travelback,4
1970-01-01 00:00:00.000000,WAIT_START,TEU_19_pm_travel_to_yard_pm_09,19,pm_09,pm_travel_to_yard,5
1970-01-01 01:49:51.298365,WAIT_STOP,TEU_19_pm_travel_to_yard_pm_09,19,pm_09,pm_travel_to_yard,5
1970-01-01 01:49:51.298365,START,TEU_19_pm_travel_to_yard_pm_09,19,pm_09,pm_travel_to_yard,5
1970-01-01 02:21:16.947548,STOP,TEU_19_pm_travel_to_yard_pm_09,19,pm_09,pm_travel_to_yard,5
1970-01-01 00:00:00.000000,WAIT_START,TEU_19_pm_unload_pm_09,19,pm_09,pm_unload,6
1970-01-01 02:21:16.947548,WAIT_STOP,TEU_19_pm_unload_pm_09,19,pm_09,pm_unload,6
1970-01-01 02:21:16.947548,START,TEU_19_pm_unload_pm_09,19,pm_09,pm_unload,6
1970-01-01 02:23:16.947548,STOP,TEU_19_pm_unload_pm_09,19,pm_09,pm_unload,6
1970-01-01 00:00:00.000000,WAIT_START,TEU_19_pm_return_pm_09,19,pm_09,pm_return,7
1970-01-01 02:23:16.947548,WAIT_STOP,TEU_19_pm_return_pm_09,19,pm_09,pm_return,7
1970-01-01 02:23:16.947548,START,TEU_19_pm_return_pm_09,19,pm_09,pm_return,7
1970-01-01 02:54:42.596730,STOP,TEU_19_pm_return_pm_09,19,pm_09,pm_return,7
1970-01-01 00:00:00.000000,WAIT_START,TEU_20_qc_pick_pm_10,20,pm_10,qc_pick,1
1970-01-01 01:50:51.298365,WAIT_STOP,TEU_20_qc_pick_pm_10,20,pm_10,qc_pick,1
1970-01-01 01:50:51.298365,START,TEU_20_qc_pick_pm_10,20,pm_10,qc_pick,1
1970-01-01 01:51:51.298365,STOP,TEU_20_qc_pick_pm_10,20,pm_10,qc_pick,1
1970-01-01 00:00:00.000000,WAIT_START,TEU_20_qc_transfer_pm_10,20,pm_10,qc_transfer,2
1970-01-01 01:51:51.298365,WAIT_STOP,TEU_20_qc_transfer_pm_10,20,pm_10,qc_transfer,2
1970-01-01 01:51:51.298365,START,TEU_20_qc_transfer_pm_10,20,pm_10,qc_transfer,2
1970-01-01 01:53:51.298365,STOP,TEU_20_qc_transfer_pm_10,20,pm_10,qc_transfer,2
1970-01-01 00:00:00.000000,WAIT_START,TEU_20_qc_load_to_pm_pm_10,20,pm_10,qc_load_to_pm,3
1970-01-01 01:53:51.298365,WAIT_STOP,TEU_20_qc_load_to_pm_pm_10,20,pm_10,qc_load_to_pm,3
1970-01-01 01:53:51.298365,START,TEU_20_qc_load_to_pm_pm_10,20,pm_10,qc_load_to_pm,3
1970-01-01 01:54:51.298365,STOP,TEU_20_qc_load_to_pm_pm_10,20,pm_10,qc_load_to_pm,3
1970-01-01 00:00:00.000000,WAIT_START,TEU_20_qc_travelback_pm_10,20,pm_10,qc_travelback,4
1970-01-01 01:54:51.298365,WAIT_STOP,TEU_20_qc_travelback_pm_10,20,pm_10,qc_travelback,4
1970-01-01 01:54:51.298365,START,TEU_20_qc_travelback_pm_10,20,pm_10,qc_travelback,4
1970-01-01 01:55:51.298365,STOP,TEU_20_qc_travelback_pm_10,20,pm_10,qc_travelback,4
1970-01-01 00:00:00.000000,WAIT_START,TEU_20_pm_travel_to_yard_pm_10,20,pm_10,pm_travel_to_yard,5
1970-01-01 01:54:51.298365,WAIT_STOP,TEU_20_pm_travel_to_yard_pm_10,20,pm_10,pm_travel_to_yard,5
1970-01-01 01:54:51.298365,START,TEU_20_pm_travel_to_yard_pm_10,20,pm_10,pm_travel_to_yard,5
1970-01-01 02:26:16.947548,STOP,TEU_20_pm_travel_to_yard_pm_10,20,pm_10,pm_travel_to_yard,5
1970-01-01 00:00:00.000000,WAIT_START,TEU_20_pm_unload_pm_10,20,pm_10,pm_unload,6
1970-01-01 02:26:16.947548,WAIT_STOP,TEU_20_pm_unload_pm_10,20,pm_10,pm_unload,6
1970-01-01 02:26:16.947548,START,TEU_20_pm_unload_pm_10,20,pm_10,pm_unload,6
1970-01-01 02:28:16.947548,STOP,TEU_20_pm_unload_pm_10,20,pm_10,pm_unload,6
1970-01-01 00:00:00.000000,WAIT_START,TEU_20_pm_return_pm_10,20,pm_10,pm_return,7
1970-01-01 02:28:16.947548,WAIT_STOP,TEU_20_pm_return_pm_10,20,pm_10,pm_return,7
1970-01-01 02:28:16.947548,START,TEU_20_pm_return_pm_10,20,pm_10,pm_return,7
1970-01-01 02:59:42.596730,STOP,TEU_20_pm_return_pm_10,20,pm_10,pm_return,7
1970-01-01 00:00:00.000000,WAIT_START,TEU_21_qc_pick_pm_01,21,pm_01,qc_pick,1
1970-01-01 01:55:51.298365,WAIT_STOP,TEU_21_qc_pick_pm_01,21,pm_01,qc_pick,1
1970-01-01 01:55:51.298365,START,TEU_21_qc_pick_pm_01,21,pm_01,qc_pick,1
1970-01-01 01:56:51.298365,STOP,TEU_21_qc_pick_pm_01,21,pm_01,qc_pick,1
1970-01-01 00:00:00.000000,WAIT_START,TEU_21_qc_transfer_pm_01,21,pm_01,qc_transfer,2
1970-01-01 01:56:51.298365,WAIT_STOP,TEU_21_qc_transfer_pm_01,21,pm_01,qc_transfer,2
1970-01-01 01:56:51.298365,START,TEU_21_qc_transfer_pm_01,21,pm_01,qc_transfer,2
1970-01-01 01:58:51.298365,STOP,TEU_21_qc_transfer_pm_01,21,pm_01,qc_transfer,2
1970-01-01 00:00:00.000000,WAIT_START,TEU_21_qc_load_to_pm_pm_01,21,pm_01,qc_load_to_pm,3
1970-01-01 02:14:42.596730,WAIT_STOP,TEU_21_qc_load_to_pm_pm_01,21,pm_01,qc_load_to_pm,3
1970-01-01 02:14:42.596730,START,TEU_21_qc_load_to_pm_pm_01,21,pm_01,qc_load_to_pm,3
1970-01-01 02:15:42.596730,STOP,TEU_21_qc_load_to_pm_pm_01,21,pm_01,qc_load_to_pm,3
1970-01-01 00:00:00.000000,WAIT_START,TEU_21_qc_travelback_pm_01,21,pm_01,qc_travelback,4
1970-01-01 02:15:42.596730,WAIT_STOP,TEU_21_qc_travelback_pm_01,21,pm_01,qc_travelback,4
1970-01-01 02:15:42.596730,START,TEU_21_qc_travelback_pm_01,21,pm_01,qc_travelback,4
1970-01-01 02:16:42.596730,STOP,TEU_21_qc_travelback_pm_01,21,pm_01,qc_travelback,4
1970-01-01 00:00:00.000000,WAIT_START,TEU_21_pm_travel_to_yard_pm_01,21,pm_01,pm_travel_to_yard,5
1970-01-01 02:15:42.596730,WAIT_STOP,TEU_21_pm_travel_to_yard_pm_01,21,pm_01,pm_travel_to_yard,5
1970-01-01 02:15:42.596730,START,TEU_21_pm_travel_to_yard_pm_01,21,pm_01,pm_travel_to_yard,5
1970-01-01 02:47:08.245913,STOP,TEU_21_pm_travel_to_yard_pm_01,21,pm_01,pm_travel_to_yard,5
1970-01-01 00:00:00.000000,WAIT_START,TEU_21_pm_unload_pm_01,21,pm_01,pm_unload,6
1970-01-01 02:47:08.245913,WAIT_STOP,TEU_21_pm_unload_pm_01,21,pm_01,pm_unload,6
1970-01-01 02:47:08.245913,START,TEU_21_pm_unload_pm_01,21,pm_01,pm_unload,6
1970-01-01 02:49:08.245913,STOP,TEU_21_pm_unload_pm_01,21,pm_01,pm_unload,6
1970-01-01 00:00:00.000000,WAIT_START,TEU_21_pm_return_pm_01,21,pm_01,pm_return,7
1970-01-01 02:49:08.245913,WAIT_STOP,TEU_21_pm_return_pm_01,21,pm_01,pm_return,7
1970-01-01 02:49:08.245913,START,TEU_21_pm_return_pm_01,21,pm_01,pm_return,7
1970-01-01 03:20:33.895095,STOP,TEU_21_pm_return_pm_01,21,pm_01,pm_return,7
1970-01-01 00:00:00.000000,WAIT_START,TEU_22_qc_pick_pm_02,22,pm_02,qc_pick,1
1970-01-01 02:16:42.596730,WAIT_STOP,TEU_22_qc_pick_pm_02,22,pm_02,qc_pick,1
1970-01-01 02:16:42.596730,START,TEU_22_qc_pick_pm_02,22,pm_02,qc_pick,1
1970-01-01 02:17:42.596730,STOP,TEU_22_qc_pick_pm_02,22,pm_02,qc_pick,1
1970-01-01 00:00:00.000000,WAIT_START,TEU_22_qc_transfer_pm_02,22,pm_02,qc_transfer,2
1970-01-01 02:17:42.596730,WAIT_STOP,TEU_22_qc_transfer_pm_02,22,pm_02,qc_transfer,2
1970-01-01 02:17:42.596730,START,TEU_22_qc_transfer_pm_02,22,pm_02,qc_transfer,2
1970-01-01 02:19:42.596730,STOP,TEU_22_qc_transfer_pm_02,22,pm_02,qc_transfer,2
1970-01-01 00:00:00.000000,WAIT_START,TEU_22_qc_load_to_pm_pm_02,22,pm_02,qc_load_to_pm,3
1970-01-01 02:19:42.596730,WAIT_STOP,TEU_22_qc_load_to_pm_pm_02,22,pm_02,qc_load_to_pm,3
1970-01-01 02:19:42.596730,START,TEU_22_qc_load_to_pm_pm_02,22,pm_02,qc_load_to_pm,3
1970-01-01 02:20:42.596730,STOP,TEU_22_qc_load_to_pm_pm_02,22,pm_02,qc_load_to_pm,3
1970-01-01 00:00:00.000000,WAIT_START,TEU_22_qc_travelback_pm_02,22,pm_02,qc_travelback,4
1970-01-01 02:20:42.596730,WAIT_STOP,TEU_22_qc_travelback_pm_02,22,pm_02,qc_travelback,4
1970-01-01 02:20:42.596730,START,TEU_22_qc_travelback_pm_02,22,pm_02,qc_travelback,4
1970-01-01 02:21:42.596730,STOP,TEU_22_qc_travelback_pm_02,22,pm_02,qc_travelback,4
1970-01-01 00:00:00.000000,WAIT_START,TEU_22_pm_travel_to_yard_pm_02,22,pm_02,pm_travel_to_yard,5
1970-01-01 02:20:42.596730,WAIT_STOP,TEU_22_pm_travel_to_yard_pm_02,22,pm_02,pm_travel_to_yard,5
1970-01-01 02:20:42.596730,START,TEU_22_pm_travel_to_yard_pm_02,22,pm_02,pm_travel_to_yard,5
1970-01-01 02:52:08.245913,STOP,TEU_22_pm_travel_to_yard_pm_02,22,pm_02,pm_travel_to_yard,5
1970-01-01 00:00:00.000000,WAIT_START,TEU_22_pm_unload_pm_02,22,pm_02,pm_unload,6
1970-01-01 02:52:08.245913,WAIT_STOP,TEU_22_pm_unload_pm_02,22,pm_02,pm_unload,6
1970-01-01 02:52:08.245913,START,TEU_22_pm_unload_pm_02,22,pm_02,pm_unload,6
1970-01-01 02:54:08.245913,STOP,TEU_22_pm_unload_pm_02,22,pm_02,pm_unload,6
1970-01-01 00:00:00.000000,WAIT_START,TEU_22_pm_return_pm_02,22,pm_02,pm_return,7
1970-01-01 02:54:08.245913,WAIT_STOP,TEU_22_pm_return_pm_02,22,pm_02,pm_return,7
1970-01-01 02:54:08.245913,START,TEU_22_pm_return_pm_02,22,pm_02,pm_return,7
1970-01-01 03:25:33.895095,STOP,TEU_22_pm_return_pm_02,22,pm_02,pm_return,7
1970-01-01 00:00:00.000000,WAIT_START,TEU_23_qc_pick_pm_03,23,pm_03,qc_pick,1
1970-01-01 02:21:42.596730,WAIT_STOP,TEU_23_qc_pick_pm_03,23,pm_03,qc_pick,1
1970-01-01 02:21:42.596730,START,TEU_23_qc_pick_pm_03,23,pm_03,qc_pick,1
1970-01-01 02:22:42.596730,STOP,TEU_23_qc_pick_pm_03,23,pm_03,qc_pick,1
1970-01-01 00:00:00.000000,WAIT_START,TEU_23_qc_transfer_pm_03,23,pm_03,qc_transfer,2
1970-01-01 02:22:42.596730,WAIT_STOP,TEU_23_qc_transfer_pm_03,23,pm_03,qc_transfer,2
1970-01-01 02:22:42.596730,START,TEU_23_qc_transfer_pm_03,23,pm_03,qc_transfer,2
1970-01-01 02:24:42.596730,STOP,TEU_23_qc_transfer_pm_03,23,pm_03,qc_transfer,2
1970-01-01 00:00:00.000000,WAIT_START,TEU_23_qc_load_to_pm_pm_03,23,pm_03,qc_load_to_pm,3
1970-01-01 02:24:42.596730,WAIT_STOP,TEU_23_qc_load_to_pm_pm_03,23,pm_03,qc_load_to_pm,3
1970-01-01 02:24:42.596730,START,TEU_23_qc_load_to_pm_pm_03,23,pm_03,qc_load_to_pm,3
1970-01-01 02:25:42.596730,STOP,TEU_23_qc_load_to_pm_pm_03,23,pm_03,qc_load_to_pm,3
1970-01-01 00:00:00.000000,WAIT_START,TEU_23_qc_travelback_pm_03,23,pm_03,qc_travelback,4
1970-01-01 02:25:42.596730,WAIT_STOP,TEU_23_qc_travelback_pm_03,23,pm_03,qc_travelback,4
1970-01-01 02:25:42.596730,START,TEU_23_qc_travelback_pm_03,23,pm_03,qc_travelback,4
1970-01-01 02:26:42.596730,STOP,TEU_23_qc_travelback_pm_03,23,pm_03,qc_travelback,4
1970-01-01 00:00:00.000000,WAIT_START,TEU_23_pm_travel_to_yard_pm_03,23,pm_03,pm_travel_to_yard,5
1970-01-01 02:25:42.596730,WAIT_STOP,TEU_23_pm_travel_to_yard_pm_03,23,pm_03,pm_travel_to_yard,5
1970-01-01 02:25:42.596730,START,TEU_23_pm_travel_to_yard_pm_03,23,pm_03,pm_travel_to_yard,5
1970-01-01 02:57:08.245913,STOP,TEU_23_pm_travel_to_yard_pm_03,23,pm_03,pm_travel_to_yard,5
1970-01-01 00:00:00.000000,WAIT_START,TEU_23_pm_unload_pm_03,23,pm_03,pm_unload,6
1970-01-01 02:57:08.245913,WAIT_STOP,TEU_23_pm_unload_pm_03,23,pm_03,pm_unload,6
1970-01-01 02:57:08.245913,START,TEU_23_pm_unload_pm_03,23,pm_03,pm_unload,6
1970-01-01 02:59:08.245913,STOP,TEU_23_pm_unload_pm_03,23,pm_03,pm_unload,6
1970-01-01 00:00:00.000000,WAIT_START,TEU_23_pm_return_pm_03,23,pm_03,pm_return,7
1970-01-01 02:59:08.245913,WAIT_STOP,TEU_23_pm_return_pm_03,23,pm_03,pm_return,7
1970-01-01 02:59:08.245913,START,TEU_23_pm_return_pm_03,23,pm_03,pm_return,7
1970-01-01 03:30:33.895095,STOP,TEU_23_pm_return_pm_03,23,pm_03,pm_return,7
1970-01-01 00:00:00.000000,WAIT_START,TEU_24_qc_pick_pm_04,24,pm_04,qc_pick,1
1970-01-01 02:26:42.596730,WAIT_STOP,TEU_24_qc_pick_pm_04,24,pm_04,qc_pick,1
1970-01-01 02:26:42.596730,START,TEU_24_qc_pick_pm_04,24,pm_04,qc_pick,1
1970-01-01 02:27:42.596730,STOP,TEU_24_qc_pick_pm_04,24,pm_04,qc_pick,1
1970-01-01 00:00:00.000000,WAIT_START,TEU_24_qc_transfer_pm_04,24,pm_04,qc_transfer,2
1970-01-01 02:27:42.596730,WAIT_STOP,TEU_24_qc_transfer_pm_04,24,pm_04,qc_transfer,2
1970-01-01 02:27:42.596730,START,TEU_24_qc_transfer_pm_04,24,pm_04,qc_transfer,2
1970-01-01 02:29:42.596730,STOP,TEU_24_qc_transfer_pm_04,24,pm_04,qc_transfer,2
1970-01-01 00:00:00.000000,WAIT_START,TEU_24_qc_load_to_pm_pm_04,24,pm_04,qc_load_to_pm,3
1970-01-01 02:29:42.596730,WAIT_STOP,TEU_24_qc_load_to_pm_pm_04,24,pm_04,qc_load_to_pm,3
1970-01-01 02:29:42.596730,START,TEU_24_qc_load_to_pm_pm_04,24,pm_04,qc_load_to_pm,3
1970-01-01 02:30:42.596730,STOP,TEU_24_qc_load_to_pm_pm_04,24,pm_04,qc_load_to_pm,3
1970-01-01 00:00:00.000000,WAIT_START,TEU_24_qc_travelback_pm_04,24,pm_04,qc_travelback,4
1970-01-01 02:30:42.596730,WAIT_STOP,TEU_24_qc_travelback_pm_04,24,pm_04,qc_travelback,4
1970-01-01 02:30:42.596730,START,TEU_24_qc_travelback_pm_04,24,pm_04,qc_travelback,4
1970-01-01 02:31:42.596730,STOP,TEU_24_qc_travelback_pm_04,24,pm_04,qc_travelback,4
1970-01-01 00:00:00.000000,WAIT_START,TEU_24_pm_travel_to_yard_pm_04,24,pm_04,pm_travel_to_yard,5
1970-01-01 02:30:42.596730,WAIT_STOP,TEU_24_pm_travel_to_yard_pm_04,24,pm_04,pm_travel_to_yard,5
1970-01-01 02:30:42.596730,START,TEU_24_pm_travel_to_yard_pm_04,24,pm_04,pm_travel_to_yard,5
1970-01-01 03:02:08.245913,STOP,TEU_24_pm_travel_to_yard_pm_04,24,pm_04,pm_travel_to_yard,5
1970-01-01 00:00:00.000000,WAIT_START,TEU_24_pm_unload_pm_04,24,pm_04,pm_unload,6
1970-01-01 03:02:08.245913,WAIT_STOP,TEU_24_pm_unload_pm_04,24,pm_04,pm_unload,6
1970-01-01 03:02:08.245913,START,TEU_24_pm_unload_pm_04,24,pm_04,pm_unload,6
1970-01-01 03:04:08.245913,STOP,TEU_24_pm_unload_pm_04,24,pm_04,pm_unload,6
1970-01-01 00:00:00.000000,WAIT_START,TEU_24_pm_return_pm_04,24,pm_04,pm_return,7
1970-01-01 03:04:08.245913,WAIT_STOP,TEU_24_pm_return_pm_04,24,pm_04,pm_return,7
1970-01-01 03:04:08.245913,START,TEU_24_pm_return_pm_04,24,pm_04,pm_return,7
1970-01-01 03:35:33.895095,STOP,TEU_24_pm_return_pm_04,24,pm_04,pm_return,7
1970-01-01 00:00:00.000000,WAIT_START,TEU_25_qc_pick_pm_05,25,pm_05,qc_pick,1
1970-01-01 02:31:42.596730,WAIT_STOP,TEU_25_qc_pick_pm_05,25,pm_05,qc_pick,1
1970-01-01 02:31:42.596730,START,TEU_25_qc_pick_pm_05,25,pm_05,qc_pick,1
1970-01-01 02:32:42.596730,STOP,TEU_25_qc_pick_pm_05,25,pm_05,qc_pick,1
1970-01-01 00:00:00.000000,WAIT_START,TEU_25_qc_transfer_pm_05,25,pm_05,qc_transfer,2
1970-01-01 02:32:42.596730,WAIT_STOP,TEU_25_qc_transfer_pm_05,25,pm_05,qc_transfer,2
1970-01-01 02:32:42.596730,START,TEU_25_qc_transfer_pm_05,25,pm_05,qc_transfer,2
1970-01-01 02:34:42.596730,STOP,TEU_25_qc_transfer_pm_05,25,pm_05,qc_transfer,2
1970-01-01 00:00:00.000000,WAIT_START,TEU_25_qc_load_to_pm_pm_05,25,pm_05,qc_load_to_pm,3
1970-01-01 02:34:42.596730,WAIT_STOP,TEU_25_qc_load_to_pm_pm_05,25,pm_05,qc_load_to_pm,3
1970-01-01 02:34:42.596730,START,TEU_25_qc_load_to_pm_pm_05,25,pm_05,qc_load_to_pm,3
1970-01-01 02:35:42.596730,STOP,TEU_25_qc_load_to_pm_pm_05,25,pm_05,qc_load_to_pm,3
1970-01-01 00:00:00.000000,WAIT_START,TEU_25_qc_travelback_pm_05,25,pm_05,qc_travelback,4
1970-01-01 02:35:42.596730,WAIT_STOP,TEU_25_qc_travelback_pm_05,25,pm_05,qc_travelback,4
1970-01-01 02:35:42.596730,START,TEU_25_qc_travelback_pm_05,25,pm_05,qc_travelback,4
1970-01-01 02:36:42.596730,STOP,TEU_25_qc_travelback_pm_05,25,pm_05,qc_travelback,4
1970-01-01 00:00:00.000000,WAIT_START,TEU_25_pm_travel_to_yard_pm_05,25,pm_05,pm_travel_to_yard,5
1970-01-01 02:35:42.596730,WAIT_STOP,TEU_25_pm_travel_to_yard_pm_05,25,pm_05,pm_travel_to_yard,5
1970-01-01 02:35:42.596730,START,TEU_25_pm_travel_to_yard_pm_05,25,pm_05,pm_travel_to_yard,5
1970-01-01 03:07:08.245913,STOP,TEU_25_pm_travel_to_yard_pm_05,25,pm_05,pm_travel_to_yard,5
1970-01-01 00:00:00.000000,WAIT_START,TEU_25_pm_unload_pm_05,25,pm_05,pm_unload,6
1970-01-01 03:07:08.245913,WAIT_STOP,TEU_25_pm_unload_pm_05,25,pm_05,pm_unload,6
1970-01-01 03:07:08.245913,START,TEU_25_pm_unload_pm_05,25,pm_05,pm_unload,6
1970-01-01 03:09:08.245913,STOP,TEU_25_pm_unload_pm_05,25,pm_05,pm_unload,6
1970-01-01 00:00:00.000000,WAIT_START,TEU_25_pm_return_pm_05,25,pm_05,pm_return,7
1970-01-01 03:09:08.245913,WAIT_STOP,TEU_25_pm_return_pm_05,25,pm_05,pm_return,7
1970-01-01 03:09:08.245913,START,TEU_25_pm_return_pm_05,25,pm_05,pm_return,7
1970-01-01 03:40:33.895095,STOP,TEU_25_pm_return_pm_05,25,pm_05,pm_return,7
1970-01-01 00:00:00.000000,WAIT_START,TEU_26_qc_pick_pm_06,26,pm_06,qc_pick,1
1970-01-01 02:36:42.596730,WAIT_STOP,TEU_26_qc_pick_pm_06,26,pm_06,qc_pick,1
1970-01-01 02:36:42.596730,START,TEU_26_qc_pick_pm_06,26,pm_06,qc_pick,1
1970-01-01 02:37:42.596730,STOP,TEU_26_qc_pick_pm_06,26,pm_06,qc_pick,1
1970-01-01 00:00:00.000000,WAIT_START,TEU_26_qc_transfer_pm_06,26,pm_06,qc_transfer,2
1970-01-01 02:37:42.596730,WAIT_STOP,TEU_26_qc_transfer_pm_06,26,pm_06,qc_transfer,2
1970-01-01 02:37:42.596730,START,TEU_26_qc_transfer_pm_06,26,pm_06,qc_transfer,2
1970-01-01 02:39:42.596730,STOP,TEU_26_qc_transfer_pm_06,26,pm_06,qc_transfer,2
1970-01-01 00:00:00.000000,WAIT_START,TEU_26_qc_load_to_pm_pm_06,26,pm_06,qc_load_to_pm,3
1970-01-01 02:39:42.596730,WAIT_STOP,TEU_26_qc_load_to_pm_pm_06,26,pm_06,qc_load_to_pm,3
1970-01-01 02:39:42.596730,START,TEU_26_qc_load_to_pm_pm_06,26,pm_06,qc_load_to_pm,3
1970-01-01 02:40:42.596730,STOP,TEU_26_qc_load_to_pm_pm_06,26,pm_06,qc_load_to_pm,3
1970-01-01 00:00:00.000000,WAIT_START,TEU_26_qc_travelback_pm_06,26,pm_06,qc_travelback,4
1970-01-01 02:40:42.596730,WAIT_STOP,TEU_26_qc_travelback_pm_06,26,pm_06,qc_travelback,4
1970-01-01 02:40:42.596730,START,TEU_26_qc_travelback_pm_06,26,pm_06,qc_travelback,4
1970-01-01 02:41:42.596730,STOP,TEU_26_qc_travelback_pm_06,26,pm_06,qc_travelback,4
1970-01-01 00:00:00.000000,WAIT_START,TEU_26_pm_travel_to_yard_pm_06,26,pm_06,pm_travel_to_yard,5
1970-01-01 02:40:42.596730,WAIT_STOP,TEU_26_pm_travel_to_yard_pm_06,26,pm_06,pm_travel_to_yard,5
1970-01-01 02:40:42.596730,START,TEU_26_pm_travel_to_yard_pm_06,26,pm_06,pm_travel_to_yard,5
1970-01-01 03:12:08.245913,STOP,TEU_26_pm_travel_to_yard_pm_06,26,pm_06,pm_travel_to_yard,5
1970-01-01 00:00:00.000000,WAIT_START,TEU_26_pm_unload_pm_06,26,pm_06,pm_unload,6
1970-01-01 03:12:08.245913,WAIT_STOP,TEU_26_pm_unload_pm_06,26,pm_06,pm_unload,6
1970-01-01 03:12:08.245913,START,TEU_26_pm_unload_pm_06,26,pm_06,pm_unload,6
1970-01-01 03:14:08.245913,STOP,TEU_26_pm_unload_pm_06,26,pm_06,pm_unload,6
1970-01-01 00:00:00.000000,WAIT_START,TEU_26_pm_return_pm_06,26,pm_06,pm_return,7
1970-01-01 03:14:08.245913,WAIT_STOP,TEU_26_pm_return_pm_06,26,pm_06,pm_return,7
1970-01-01 03:14:08.245913,START,TEU_26_pm_return_pm_06,26,pm_06,pm_return,7
1970-01-01 03:45:33.895095,STOP,TEU_26_pm_return_pm_06,26,pm_06,pm_return,7
1970-01-01 00:00:00.000000,WAIT_START,TEU_27_qc_pick_pm_07,27,pm_07,qc_pick,1
1970-01-01 02:41:42.596730,WAIT_STOP,TEU_27_qc_pick_pm_07,27,pm_07,qc_pick,1
1970-01-01 02:41:42.596730,START,TEU_27_qc_pick_pm_07,27,pm_07,qc_pick,1
1970-01-01 02:42:42.596730,STOP,TEU_27_qc_pick_pm_07,27,pm_07,qc_pick,1
1970-01-01 00:00:00.000000,WAIT_START,TEU_27_qc_transfer_pm_07,27,pm_07,qc_transfer,2
1970-01-01 02:42:42.596730,WAIT_STOP,TEU_27_qc_transfer_pm_07,27,pm_07,qc_transfer,2
1970-01-01 02:42:42.596730,START,TEU_27_qc_transfer_pm_07,27,pm_07,qc_transfer,2
1970-01-01 02:44:42.596730,STOP,TEU_27_qc_transfer_pm_07,27,pm_07,qc_transfer,2
1970-01-01 00:00:00.000000,WAIT_START,TEU_27_qc_load_to_pm_pm_07,27,pm_07,qc_load_to_pm,3
1970-01-01 02:44:42.596730,WAIT_STOP,TEU_27_qc_load_to_pm_pm_07,27,pm_07,qc_load_to_pm,3
1970-01-01 02:44:42.596730,START,TEU_27_qc_load_to_pm_pm_07,27,pm_07,qc_load_to_pm,3
1970-01-01 02:45:42.596730,STOP,TEU_27_qc_load_to_pm_pm_07,27,pm_07,qc_load_to_pm,3
1970-01-01 00:00:00.000000,WAIT_START,TEU_27_qc_travelback_pm_07,27,pm_07,qc_travelback,4
1970-01-01 02:45:42.596730,WAIT_STOP,TEU_27_qc_travelback_pm_07,27,pm_07,qc_travelback,4
1970-01-01 02:45:42.596730,START,TEU_27_qc_travelback_pm_07,27,pm_07,qc_travelback,4
1970-01-01 02:46:42.596730,STOP,TEU_27_qc_travelback_pm_07,27,pm_07,qc_travelback,4
1970-01-01 00:00:00.000000,WAIT_START,TEU_27_pm_travel_to_yard_pm_07,27,pm_07,pm_travel_to_yard,5
1970-01-01 02:45:42.596730,WAIT_STOP,TEU_27_pm_travel_to_yard_pm_07,27,pm_07,pm_travel_to_yard,5
1970-01-01 02:45:42.596730,START,TEU_27_pm_travel_to_yard_pm_07,27,pm_07,pm_travel_to_yard,5
1970-01-01 03:17:08.245913,STOP,TEU_27_pm_travel_to_yard_pm_07,27,pm_07,pm_travel_to_yard,5
1970-01-01 00:00:00.000000,WAIT_START,TEU_27_pm_unload_pm_07,27,pm_07,pm_unload,6
1970-01-01 03:17:08.245913,WAIT_STOP,TEU_27_pm_unload_pm_07,27,pm_07,pm_unload,6
1970-01-01 03:17:08.245913,START,TEU_27_pm_unload_pm_07,27,pm_07,pm_unload,6
1970-01-01 03:19:08.245913,STOP,TEU_27_pm_unload_pm_07,27,pm_07,pm_unload,6
1970-01-01 00:00:00.000000,WAIT_START,TEU_27_pm_return_pm_07,27,pm_07,pm_return,7
1970-01-01 03:19:08.245913,WAIT_STOP,TEU_27_pm_return_pm_07,27,pm_07,pm_return,7
1970-01-01 03:19:08.245913,START,TEU_27_pm_return_pm_07,27,pm_07,pm_return,7
1970-01-01 03:50:33.895095,STOP,TEU_27_pm_return_pm_07,27,pm_07,pm_return,7
1970-01-01 00:00:00.000000,WAIT_START,TEU_28_qc_pick_pm_08,28,pm_08,qc_pick,1
1970-01-01 02:46:42.596730,WAIT_STOP,TEU_28_qc_pick_pm_08,28,pm_08,qc_pick,1
1970-01-01 02:46:42.596730,START,TEU_28_qc_pick_pm_08,28,pm_08,qc_pick,1
1970-01-01 02:47:42.596730,STOP,TEU_28_qc_pick_pm_08,28,pm_08,qc_pick,1
1970-01-01 00:00:00.000000,WAIT_START,TEU_28_qc_transfer_pm_08,28,pm_08,qc_transfer,2
1970-01-01 02:47:42.596730,WAIT_STOP,TEU_28_qc_transfer_pm_08,28,pm_08,qc_transfer,2
1970-01-01 02:47:42.596730,START,TEU_28_qc_transfer_pm_08,28,pm_08,qc_transfer,2
1970-01-01 02:49:42.596730,STOP,TEU_28_qc_transfer_pm_08,28,pm_08,qc_transfer,2
1970-01-01 00:00:00.000000,WAIT_START,TEU_28_qc_load_to_pm_pm_08,28,pm_08,qc_load_to_pm,3
1970-01-01 02:49:42.596730,WAIT_STOP,TEU_28_qc_load_to_pm_pm_08,28,pm_08,qc_load_to_pm,3
1970-01-01 02:49:42.596730,START,TEU_28_qc_load_to_pm_pm_08,28,pm_08,qc_load_to_pm,3
1970-01-01 02:50:42.596730,STOP,TEU_28_qc_load_to_pm_pm_08,28,pm_08,qc_load_to_pm,3
1970-01-01 00:00:00.000000,WAIT_START,TEU_28_qc_travelback_pm_08,28,pm_08,qc_travelback,4
1970-01-01 02:50:42.596730,WAIT_STOP,TEU_28_qc_travelback_pm_08,28,pm_08,qc_travelback,4
1970-01-01 02:50:42.596730,START,TEU_28_qc_travelback_pm_08,28,pm_08,qc_travelback,4
1970-01-01 02:51:42.596730,STOP,TEU_28_qc_travelback_pm_08,28,pm_08,qc_travelback,4
1970-01-01 00:00:00.000000,WAIT_START,TEU_28_pm_travel_to_yard_pm_08,28,pm_08,pm_travel_to_yard,5
1970-01-01 02:50:42.596730,WAIT_STOP,TEU_28_pm_travel_to_yard_pm_08,28,pm_08,pm_travel_to_yard,5
1970-01-01 02:50:42.596730,START,TEU_28_pm_travel_to_yard_pm_08,28,pm_08,pm_travel_to_yard,5
1970-01-01 03:22:08.245913,STOP,TEU_28_pm_travel_to_yard_pm_08,28,pm_08,pm_travel_to_yard,5
1970-01-01 00:00:00.000000,WAIT_START,TEU_28_pm_unload_pm_08,28,pm_08,pm_unload,6
1970-01-01 03:22:08.245913,WAIT_STOP,TEU_28_pm_unload_pm_08,28,pm_08,pm_unload,6
1970-01-01 03:22:08.245913,START,TEU_28_pm_unload_pm_08,28,pm_08,pm_unload,6
1970-01-01 03:24:08.245913,STOP,TEU_28_pm_unload_pm_08,28,pm_08,pm_unload,6
1970-01-01 00:00:00.000000,WAIT_START,TEU_28_pm_return_pm_08,28,pm_08,pm_return,7
1970-01-01 03:24:08.245913,WAIT_STOP,TEU_28_pm_return_pm_08,28,pm_08,pm_return,7
1970-01-01 03:24:08.245913,START,TEU_28_pm_return_pm_08,28,pm_08,pm_return,7
1970-01-01 03:55:33.895095,STOP,TEU_28_pm_return_pm_08,28,pm_08,pm_return,7
1970-01-01 00:00:00.000000,WAIT_START,TEU_29_qc_pick_pm_09,29,pm_09,qc_pick,1
1970-01-01 02:51:42.596730,WAIT_STOP,TEU_29_qc_pick_pm_09,29,pm_09,qc_pick,1
1970-01-01 02:51:42.596730,START,TEU_29_qc_pick_pm_09,29,pm_09,qc_pick,1
1970-01-01 02:52:42.596730,STOP,TEU_29_qc_pick_pm_09,29,pm_09,qc_pick,1
1970-01-01 00:00:00.000000,WAIT_START,TEU_29_qc_transfer_pm_09,29,pm_09,qc_transfer,2
1970-01-01 02:52:42.596730,WAIT_STOP,TEU_29_qc_transfer_pm_09,29,pm_09,qc_transfer,2
1970-01-01 02:52:42.596730,START,TEU_29_qc_transfer_pm_09,29,pm_09,qc_transfer,2
1970-01-01 02:54:42.596730,STOP,TEU_29_qc_transfer_pm_09,29,pm_09,qc_transfer,2
1970-01-01 00:00:00.000000,WAIT_START,TEU_29_qc_load_to_pm_pm_09,29,pm_09,qc_load_to_pm,3
1970-01-01 02:54:42.596730,WAIT_STOP,TEU_29_qc_load_to_pm_pm_09,29,pm_09,qc_load_to_pm,3
1970-01-01 02:54:42.596730,START,TEU_29_qc_load_to_pm_pm_09,29,pm_09,qc_load_to_pm,3
1970-01-01 02:55:42.596730,STOP,TEU_29_qc_load_to_pm_pm_09,29,pm_09,qc_load_to_pm,3
1970-01-01 00:00:00.000000,WAIT_START,TEU_29_qc_travelback_pm_09,29,pm_09,qc_travelback,4
1970-01-01 02:55:42.596730,WAIT_STOP,TEU_29_qc_travelback_pm_09,29,pm_09,qc_travelback,4
1970-01-01 02:55:42.596730,START,TEU_29_qc_travelback_pm_09,29,pm_09,qc_travelback,4
1970-01-01 02:56:42.596730,STOP,TEU_29_qc_travelback_pm_09,29,pm_09,qc_travelback,4
1970-01-01 00:00:00.000000,WAIT_START,TEU_29_pm_travel_to_yard_pm_09,29,pm_09,pm_travel_to_yard,5
1970-01-01 02:55:42.596730,WAIT_STOP,TEU_29_pm_travel_to_yard_pm_09,29,pm_09,pm_travel_to_yard,5
1970-01-01 02:55:42.596730,START,TEU_29_pm_travel_to_yard_pm_09,29,pm_09,pm_travel_to_yard,5
1970-01-01 03:27:08.245913,STOP,TEU_29_pm_travel_to_yard_pm_09,29,pm_09,pm_travel_to_yard,5
1970-01-01 00:00:00.000000,WAIT_START,TEU_29_pm_unload_pm_09,29,pm_09,pm_unload,6
1970-01-01 03:27:08.245913,WAIT_STOP,TEU_29_pm_unload_pm_09,29,pm_09,pm_unload,6
1970-01-01 03:27:08.245913,START,TEU_29_pm_unload_pm_09,29,pm_09,pm_unload,6
1970-01-01 03:29:08.245913,STOP,TEU_29_pm_unload_pm_09,29,pm_09,pm_unload,6
1970-01-01 00:00:00.000000,WAIT_START,TEU_29_pm_return_pm_09,29,pm_09,pm_return,7
1970-01-01 03:29:08.245913,WAIT_STOP,TEU_29_pm_return_pm_09,29,pm_09,pm_return,7
1970-01-01 03:29:08.245913,START,TEU_29_pm_return_pm_09,29,pm_09,pm_return,7
1970-01-01 04:00:33.895095,STOP,TEU_29_pm_return_pm_09,29,pm_09,pm_return,7
1970-01-01 00:00:00.000000,WAIT_START,TEU_30_qc_pick_pm_10,30,pm_10,qc_pick,1
1970-01-01 02:56:42.596730,WAIT_STOP,TEU_30_qc_pick_pm_10,30,pm_10,qc_pick,1
1970-01-01 02:56:42.596730,START,TEU_30_qc_pick_pm_10,30,pm_10,qc_pick,1
1970-01-01 02:57:42.596730,STOP,TEU_30_qc_pick_pm_10,30,pm_10,qc_pick,1
1970-01-01 00:00:00.000000,WAIT_START,TEU_30_qc_transfer_pm_10,30,pm_10,qc_transfer,2
1970-01-01 02:57:42.596730,WAIT_STOP,TEU_30_qc_transfer_pm_10,30,pm_10,qc_transfer,2
1970-01-01 02:57:42.596730,START,TEU_30_qc_transfer_pm_10,30,pm_10,qc_transfer,2
1970-01-01 02:59:42.596730,STOP,TEU_30_qc_transfer_pm_10,30,pm_10,qc_transfer,2
1970-01-01 00:00:00.000000,WAIT_START,TEU_30_qc_load_to_pm_pm_10,30,pm_10,qc_load_to_pm,3
1970-01-01 02:59:42.596730,WAIT_STOP,TEU_30_qc_load_to_pm_pm_10,30,pm_10,qc_load_to_pm,3
1970-01-01 02:59:42.596730,START,TEU_30_qc_load_to_pm_pm_10,30,pm_10,qc_load_to_pm,3
1970-01-01 03:00:42.596730,STOP,TEU_30_qc_load_to_pm_pm_10,30,pm_10,qc_load_to_pm,3
1970-01-01 00:00:00.000000,WAIT_START,TEU_30_qc_travelback_pm_10,30,pm_10,qc_travelback,4
1970-01-01 03:00:42.596730,WAIT_STOP,TEU_30_qc_travelback_pm_10,30,pm_10,qc_travelback,4
1970-01-01 03:00:42.596730,START,TEU_30_qc_travelback_pm_10,30,pm_10,qc_travelback,4
1970-01-01 03:01:42.596730,STOP,TEU_30_qc_travelback_pm_10,30,pm_10,qc_travelback,4
1970-01-01 00:00:00.000000,WAIT_START,TEU_30_pm_travel_to_yard_pm_10,30,pm_10,pm_travel_to_yard,5
1970-01-01 03:00:42.596730,WAIT_STOP,TEU_30_pm_travel_to_yard_pm_10,30,pm_10,pm_travel_to_yard,5
1970-01-01 03:00:42.596730,START,TEU_30_pm_travel_to_yard_pm_10,30,pm_10,pm_travel_to_yard,5
1970-01-01 03:32:08.245913,STOP,TEU_30_pm_travel_to_yard_pm_10,30,pm_10,pm_travel_to_yard,5
1970-01-01 00:00:00.000000,WAIT_START,TEU_30_pm_unload_pm_10,30,pm_10,pm_unload,6
1970-01-01 03:32:08.245913,WAIT_STOP,TEU_30_pm_unload_pm_10,30,pm_10,pm_unload,6
1970-01-01 03:32:08.245913,START,TEU_30_pm_unload_pm_10,30,pm_10,pm_unload,6
1970-01-01 03:34:08.245913,STOP,TEU_30_pm_unload_pm_10,30,pm_10,pm_unload,6
1970-01-01 00:00:00.000000,WAIT_START,TEU_30_pm_return_pm_10,30,pm_10,pm_return,7
1970-01-01 03:34:08.245913,WAIT_STOP,TEU_30_pm_return_pm_10,30,pm_10,pm_return,7
1970-01-01 03:34:08.245913,START,TEU_30_pm_return_pm_10,30,pm_10,pm_return,7
1970-01-01 04:05:33.895095,STOP,TEU_30_pm_return_pm_10,30,pm_10,pm_return,7
1970-01-01 00:00:00.000000,WAIT_START,TEU_31_qc_pick_pm_01,31,pm_01,qc_pick,1
1970-01-01 03:01:42.596730,WAIT_STOP,TEU_31_qc_pick_pm_01,31,pm_01,qc_pick,1
1970-01-01 03:01:42.596730,START,TEU_31_qc_pick_pm_01,31,pm_01,qc_pick,1
1970-01-01 03:02:42.596730,STOP,TEU_31_qc_pick_pm_01,31,pm_01,qc_pick,1
1970-01-01 00:00:00.000000,WAIT_START,TEU_31_qc_transfer_pm_01,31,pm_01,qc_transfer,2
1970-01-01 03:02:42.596730,WAIT_STOP,TEU_31_qc_transfer_pm_01,31,pm_01,qc_transfer,2
1970-01-01 03:02:42.596730,START,TEU_31_qc_transfer_pm_01,31,pm_01,qc_transfer,2
1970-01-01 03:04:42.596730,STOP,TEU_31_qc_transfer_pm_01,31,pm_01,qc_transfer,2
1970-01-01 00:00:00.000000,WAIT_START,TEU_31_qc_load_to_pm_pm_01,31,pm_01,qc_load_to_pm,3
1970-01-01 03:20:33.895095,WAIT_STOP,TEU_31_qc_load_to_pm_pm_01,31,pm_01,qc_load_to_pm,3
1970-01-01 03:20:33.895095,START,TEU_31_qc_load_to_pm_pm_01,31,pm_01,qc_load_to_pm,3
1970-01-01 03:21:33.895095,STOP,TEU_31_qc_load_to_pm_pm_01,31,pm_01,qc_load_to_pm,3
1970-01-01 00:00:00.000000,WAIT_START,TEU_31_qc_travelback_pm_01,31,pm_01,qc_travelback,4
1970-01-01 03:21:33.895095,WAIT_STOP,TEU_31_qc_travelback_pm_01,31,pm_01,qc_travelback,4
1970-01-01 03:21:33.895095,START,TEU_31_qc_travelback_pm_01,31,pm_01,qc_travelback,4
1970-01-01 03:22:33.895095,STOP,TEU_31_qc_travelback_pm_01,31,pm_01,qc_travelback,4
1970-01-01 00:00:00.000000,WAIT_START,TEU_31_pm_travel_to_yard_pm_01,31,pm_01,pm_travel_to_yard,5
1970-01-01 03:21:33.895095,WAIT_STOP,TEU_31_pm_travel_to_yard_pm_01,31,pm_01,pm_travel_to_yard,5
1970-01-01 03:21:33.895095,START,TEU_31_pm_travel_to_yard_pm_01,31,pm_01,pm_travel_to_yard,5
1970-01-01 03:52:59.544278,STOP,TEU_31_pm_travel_to_yard_pm_01,31,pm_01,pm_travel_to_yard,5
1970-01-01 00:00:00.000000,WAIT_START,TEU_31_pm_unload_pm_01,31,pm_01,pm_unload,6
1970-01-01 03:52:59.544278,WAIT_STOP,TEU_31_pm_unload_pm_01,31,pm_01,pm_unload,6
1970-01-01 03:52:59.544278,START,TEU_31_pm_unload_pm_01,31,pm_01,pm_unload,6
1970-01-01 03:54:59.544278,STOP,TEU_31_pm_unload_pm_01,31,pm_01,pm_unload,6
1970-01-01 00:00:00.000000,WAIT_START,TEU_31_pm_return_pm_01,31,pm_01,pm_return,7
1970-01-01 03:54:59.544278,WAIT_STOP,TEU_31_pm_return_pm_01,31,pm_01,pm_return,7
1970-01-01 03:54:59.544278,START,TEU_31_pm_return_pm_01,31,pm_01,pm_return,7
1970-01-01 04:26:25.193460,STOP,TEU_31_pm_return_pm_01,31,pm_01,pm_return,7
1970-01-01 00:00:00.000000,WAIT_START,TEU_32_qc_pick_pm_02,32,pm_02,qc_pick,1
1970-01-01 03:22:33.895095,WAIT_STOP,TEU_32_qc_pick_pm_02,32,pm_02,qc_pick,1
1970-01-01 03:22:33.895095,START,TEU_32_qc_pick_pm_02,32,pm_02,qc_pick,1
1970-01-01 03:23:33.895095,STOP,TEU_32_qc_pick_pm_02,32,pm_02,qc_pick,1
1970-01-01 00:00:00.000000,WAIT_START,TEU_32_qc_transfer_pm_02,32,pm_02,qc_transfer,2
1970-01-01 03:23:33.895095,WAIT_STOP,TEU_32_qc_transfer_pm_02,32,pm_02,qc_transfer,2
1970-01-01 03:23:33.895095,START,TEU_32_qc_transfer_pm_02,32,pm_02,qc_transfer,2
1970-01-01 03:25:33.895095,STOP,TEU_32_qc_transfer_pm_02,32,pm_02,qc_transfer,2
1970-01-01 00:00:00.000000,WAIT_START,TEU_32_qc_load_to_pm_pm_02,32,pm_02,qc_load_to_pm,3
1970-01-01 03:25:33.895095,WAIT_STOP,TEU_32_qc_load_to_pm_pm_02,32,pm_02,qc_load_to_pm,3
1970-01-01 03:25:33.895095,START,TEU_32_qc_load_to_pm_pm_02,32,pm_02,qc_load_to_pm,3
1970-01-01 03:26:33.895095,STOP,TEU_32_qc_load_to_pm_pm_02,32,pm_02,qc_load_to_pm,3
1970-01-01 00:00:00.000000,WAIT_START,TEU_32_qc_travelback_pm_02,32,pm_02,qc_travelback,4
1970-01-01 03:26:33.895095,WAIT_STOP,TEU_32_qc_travelback_pm_02,32,pm_02,qc_travelback,4
1970-01-01 03:26:33.895095,START,TEU_32_qc_travelback_pm_02,32,pm_02,qc_travelback,4
1970-01-01 03:27:33.895095,STOP,TEU_32_qc_travelback_pm_02,32,pm_02,qc_travelback,4
1970-01-01 00:00:00.000000,WAIT_START,TEU_32_pm_travel_to_yard_pm_02,32,pm_02,pm_travel_to_yard,5
1970-01-01 03:26:33.895095,WAIT_STOP,TEU_32_pm_travel_to_yard_pm_02,32,pm_02,pm_travel_to_yard,5
1970-01-01 03:26:33.895095,START,TEU_32_pm_travel_to_yard_pm_02,32,pm_02,pm_travel_to_yard,5
1970-01-01 03:57:59.544278,STOP,TEU_32_pm_travel_to_yard_pm_02,32,pm_02,pm_travel_to_yard,5
1970-01-01 00:00:00.000000,WAIT_START,TEU_32_pm_unload_pm_02,32,pm_02,pm_unload,6
1970-01-01 03:57:59.544278,WAIT_STOP,TEU_32_pm_unload_pm_02,32,pm_02,pm_unload,6
1970-01-01 03:57:59.544278,START,TEU_32_pm_unload_pm_02,32,pm_02,pm_unload,6
1970-01-01 03:59:59.544278,STOP,TEU_32_pm_unload_pm_02,32,pm_02,pm_unload,6
1970-01-01 00:00:00.000000,WAIT_START,TEU_32_pm_return_pm_02,32,pm_02,pm_return,7
1970-01-01 03:59:59.544278,WAIT_STOP,TEU_32_pm_return_pm_02,32,pm_02,pm_return,7
1970-01-01 03:59:59.544278,START,TEU_32_pm_return_pm_02,32,pm_02,pm_return,7
1970-01-01 04:31:25.193460,STOP,TEU_32_pm_return_pm_02,32,pm_02,pm_return,7
1970-01-01 00:00:00.000000,WAIT_START,TEU_33_qc_pick_pm_03,33,pm_03,qc_pick,1
1970-01-01 03:27:33.895095,WAIT_STOP,TEU_33_qc_pick_pm_03,33,pm_03,qc_pick,1
1970-01-01 03:27:33.895095,START,TEU_33_qc_pick_pm_03,33,pm_03,qc_pick,1
1970-01-01 03:28:33.895095,STOP,TEU_33_qc_pick_pm_03,33,pm_03,qc_pick,1
1970-01-01 00:00:00.000000,WAIT_START,TEU_33_qc_transfer_pm_03,33,pm_03,qc_transfer,2
1970-01-01 03:28:33.895095,WAIT_STOP,TEU_33_qc_transfer_pm_03,33,pm_03,qc_transfer,2
1970-01-01 03:28:33.895095,START,TEU_33_qc_transfer_pm_03,33,pm_03,qc_transfer,2
1970-01-01 03:30:33.895095,STOP,TEU_33_qc_transfer_pm_03,33,pm_03,qc_transfer,2
1970-01-01 00:00:00.000000,WAIT_START,TEU_33_qc_load_to_pm_pm_03,33,pm_03,qc_load_to_pm,3
1970-01-01 03:30:33.895095,WAIT_STOP,TEU_33_qc_load_to_pm_pm_03,33,pm_03,qc_load_to_pm,3
1970-01-01 03:30:33.895095,START,TEU_33_qc_load_to_pm_pm_03,33,pm_03,qc_load_to_pm,3
1970-01-01 03:31:33.895095,STOP,TEU_33_qc_load_to_pm_pm_03,33,pm_03,qc_load_to_pm,3
1970-01-01 00:00:00.000000,WAIT_START,TEU_33_qc_travelback_pm_03,33,pm_03,qc_travelback,4
1970-01-01 03:31:33.895095,WAIT_STOP,TEU_33_qc_travelback_pm_03,33,pm_03,qc_travelback,4
1970-01-01 03:31:33.895095,START,TEU_33_qc_travelback_pm_03,33,pm_03,qc_travelback,4
1970-01-01 03:32:33.895095,STOP,TEU_33_qc_travelback_pm_03,33,pm_03,qc_travelback,4
1970-01-01 00:00:00.000000,WAIT_START,TEU_33_pm_travel_to_yard_pm_03,33,pm_03,pm_travel_to_yard,5
1970-01-01 03:31:33.895095,WAIT_STOP,TEU_33_pm_travel_to_yard_pm_03,33,pm_03,pm_travel_to_yard,5
1970-01-01 03:31:33.895095,START,TEU_33_pm_travel_to_yard_pm_03,33,pm_03,pm_travel_to_yard,5
1970-01-01 04:02:59.544278,STOP,TEU_33_pm_travel_to_yard_pm_03,33,pm_03,pm_travel_to_yard,5
1970-01-01 00:00:00.000000,WAIT_START,TEU_33_pm_unload_pm_03,33,pm_03,pm_unload,6
1970-01-01 04:02:59.544278,WAIT_STOP,TEU_33_pm_unload_pm_03,33,pm_03,pm_unload,6
1970-01-01 04:02:59.544278,START,TEU_33_pm_unload_pm_03,33,pm_03,pm_unload,6
1970-01-01 04:04:59.544278,STOP,TEU_33_pm_unload_pm_03,33,pm_03,pm_unload,6
1970-01-01 00:00:00.000000,WAIT_START,TEU_33_pm_return_pm_03,33,pm_03,pm_return,7
1970-01-01 04:04:59.544278,WAIT_STOP,TEU_33_pm_return_pm_03,33,pm_03,pm_return,7
1970-01-01 04:04:59.544278,START,TEU_33_pm_return_pm_03,33,pm_03,pm_return,7
1970-01-01 04:36:25.193460,STOP,TEU_33_pm_return_pm_03,33,pm_03,pm_return,7
1970-01-01 00:00:00.000000,WAIT_START,TEU_34_qc_pick_pm_04,34,pm_04,qc_pick,1
1970-01-01 03:32:33.895095,WAIT_STOP,TEU_34_qc_pick_pm_04,34,pm_04,qc_pick,1
1970-01-01 03:32:33.895095,START,TEU_34_qc_pick_pm_04,34,pm_04,qc_pick,1
1970-01-01 03:33:33.895095,STOP,TEU_34_qc_pick_pm_04,34,pm_04,qc_pick,1
1970-01-01 00:00:00.000000,WAIT_START,TEU_34_qc_transfer_pm_04,34,pm_04,qc_transfer,2
1970-01-01 03:33:33.895095,WAIT_STOP,TEU_34_qc_transfer_pm_04,34,pm_04,qc_transfer,2
1970-01-01 03:33:33.895095,START,TEU_34_qc_transfer_pm_04,34,pm_04,qc_transfer,2
1970-01-01 03:35:33.895095,STOP,TEU_34_qc_transfer_pm_04,34,pm_04,qc_transfer,2
1970-01-01 00:00:00.000000,WAIT_START,TEU_34_qc_load_to_pm_pm_04,34,pm_04,qc_load_to_pm,3
1970-01-01 03:35:33.895095,WAIT_STOP,TEU_34_qc_load_to_pm_pm_04,34,pm_04,qc_load_to_pm,3
1970-01-01 03:35:33.895095,START,TEU_34_qc_load_to_pm_pm_04,34,pm_04,qc_load_to_pm,3
1970-01-01 03:36:33.895095,STOP,TEU_34_qc_load_to_pm_pm_04,34,pm_04,qc_load_to_pm,3
1970-01-01 00:00:00.000000,WAIT_START,TEU_34_qc_travelback_pm_04,34,pm_04,qc_travelback,4
1970-01-01 03:36:33.895095,WAIT_STOP,TEU_34_qc_travelback_pm_04,34,pm_04,qc_travelback,4
1970-01-01 03:36:33.895095,START,TEU_34_qc_travelback_pm_04,34,pm_04,qc_travelback,4
1970-01-01 03:37:33.895095,STOP,TEU_34_qc_travelback_pm_04,34,pm_04,qc_travelback,4
1970-01-01 00:00:00.000000,WAIT_START,TEU_34_pm_travel_to_yard_pm_04,34,pm_04,pm_travel_to_yard,5
1970-01-01 03:36:33.895095,WAIT_STOP,TEU_34_pm_travel_to_yard_pm_04,34,pm_04,pm_travel_to_yard,5
1970-01-01 03:36:33.895095,START,TEU_34_pm_travel_to_yard_pm_04,34,pm_04,pm_travel_to_yard,5
1970-01-01 04:07:59.544278,STOP,TEU_34_pm_travel_to_yard_pm_04,34,pm_04,pm_travel_to_yard,5
1970-01-01 00:00:00.000000,WAIT_START,TEU_34_pm_unload_pm_04,34,pm_04,pm_unload,6
1970-01-01 04:07:59.544278,WAIT_STOP,TEU_34_pm_unload_pm_04,34,pm_04,pm_unload,6
1970-01-01 04:07:59.544278,START,TEU_34_pm_unload_pm_04,34,pm_04,pm_unload,6
1970-01-01 04:09:59.544278,STOP,TEU_34_pm_unload_pm_04,34,pm_04,pm_unload,6
1970-01-01 00:00:00.000000,WAIT_START,TEU_34_pm_return_pm_04,34,pm_04,pm_return,7
1970-01-01 04:09:59.544278,WAIT_STOP,TEU_34_pm_return_pm_04,34,pm_04,pm_return,7
1970-01-01 04:09:59.544278,START,TEU_34_pm_return_pm_04,34,pm_04,pm_return,7
1970-01-01 04:41:25.193460,STOP,TEU_34_pm_return_pm_04,34,pm_04,pm_return,7
1970-01-01 00:00:00.000000,WAIT_START,TEU_35_qc_pick_pm_05,35,pm_05,qc_pick,1
1970-01-01 03:37:33.895095,WAIT_STOP,TEU_35_qc_pick_pm_05,35,pm_05,qc_pick,1
1970-01-01 03:37:33.895095,START,TEU_35_qc_pick_pm_05,35,pm_05,qc_pick,1
1970-01-01 03:38:33.895095,STOP,TEU_35_qc_pick_pm_05,35,pm_05,qc_pick,1
1970-01-01 00:00:00.000000,WAIT_START,TEU_35_qc_transfer_pm_05,35,pm_05,qc_transfer,2
1970-01-01 03:38:33.895095,WAIT_STOP,TEU_35_qc_transfer_pm_05,35,pm_05,qc_transfer,2
1970-01-01 03:38:33.895095,START,TEU_35_qc_transfer_pm_05,35,pm_05,qc_transfer,2
1970-01-01 03:40:33.895095,STOP,TEU_35_qc_transfer_pm_05,35,pm_05,qc_transfer,2
1970-01-01 00:00:00.000000,WAIT_START,TEU_35_qc_load_to_pm_pm_05,35,pm_05,qc_load_to_pm,3
1970-01-01 03:40:33.895095,WAIT_STOP,TEU_35_qc_load_to_pm_pm_05,35,pm_05,qc_load_to_pm,3
1970-01-01 03:40:33.895095,START,TEU_35_qc_load_to_pm_pm_05,35,pm_05,qc_load_to_pm,3
1970-01-01 03:41:33.895095,STOP,TEU_35_qc_load_to_pm_pm_05,35,pm_05,qc_load_to_pm,3
1970-01-01 00:00:00.000000,WAIT_START,TEU_35_qc_travelback_pm_05,35,pm_05,qc_travelback,4
1970-01-01 03:41:33.895095,WAIT_STOP,TEU_35_qc_travelback_pm_05,35,pm_05,qc_travelback,4
1970-01-01 03:41:33.895095,START,TEU_35_qc_travelback_pm_05,35,pm_05,qc_travelback,4
1970-01-01 03:42:33.895095,STOP,TEU_35_qc_travelback_pm_05,35,pm_05,qc_travelback,4
1970-01-01 00:00:00.000000,WAIT_START,TEU_35_pm_travel_to_yard_pm_05,35,pm_05,pm_travel_to_yard,5
1970-01-01 03:41:33.895095,WAIT_STOP,TEU_35_pm_travel_to_yard_pm_05,35,pm_05,pm_travel_to_yard,5
1970-01-01 03:41:33.895095,START,TEU_35_pm_travel_to_yard_pm_05,35,pm_05,pm_travel_to_yard,5
1970-01-01 04:12:59.544278,STOP,TEU_35_pm_travel_to_yard_pm_05,35,pm_05,pm_travel_to_yard,5
1970-01-01 00:00:00.000000,WAIT_START,TEU_35_pm_unload_pm_05,35,pm_05,pm_unload,6
1970-01-01 04:12:59.544278,WAIT_STOP,TEU_35_pm_unload_pm_05,35,pm_05,pm_unload,6
1970-01-01 04:12:59.544278,START,TEU_35_pm_unload_pm_05,35,pm_05,pm_unload,6
1970-01-01 04:14:59.544278,STOP,TEU_35_pm_unload_pm_05,35,pm_05,pm_unload,6
1970-01-01 00:00:00.000000,WAIT_START,TEU_35_pm_return_pm_05,35,pm_05,pm_return,7
1970-01-01 04:14:59.544278,WAIT_STOP,TEU_35_pm_return_pm_05,35,pm_05,pm_return,7
1970-01-01 04:14:59.544278,START,TEU_35_pm_return_pm_05,35,pm_05,pm_return,7
1970-01-01 04:46:25.193460,STOP,TEU_35_pm_return_pm_05,35,pm_05,pm_return,7
1970-01-01 00:00:00.000000,WAIT_START,TEU_36_qc_pick_pm_06,36,pm_06,qc_pick,1
1970-01-01 03:42:33.895095,WAIT_STOP,TEU_36_qc_pick_pm_06,36,pm_06,qc_pick,1
1970-01-01 03:42:33.895095,START,TEU_36_qc_pick_pm_06,36,pm_06,qc_pick,1
1970-01-01 03:43:33.895095,STOP,TEU_36_qc_pick_pm_06,36,pm_06,qc_pick,1
1970-01-01 00:00:00.000000,WAIT_START,TEU_36_qc_transfer_pm_06,36,pm_06,qc_transfer,2
1970-01-01 03:43:33.895095,WAIT_STOP,TEU_36_qc_transfer_pm_06,36,pm_06,qc_transfer,2
1970-01-01 03:43:33.895095,START,TEU_36_qc_transfer_pm_06,36,pm_06,qc_transfer,2
1970-01-01 03:45:33.895095,STOP,TEU_36_qc_transfer_pm_06,36,pm_06,qc_transfer,2
1970-01-01 00:00:00.000000,WAIT_START,TEU_36_qc_load_to_pm_pm_06,36,pm_06,qc_load_to_pm,3
1970-01-01 03:45:33.895095,WAIT_STOP,TEU_36_qc_load_to_pm_pm_06,36,pm_06,qc_load_to_pm,3
1970-01-01 03:45:33.895095,START,TEU_36_qc_load_to_pm_pm_06,36,pm_06,qc_load_to_pm,3
1970-01-01 03:46:33.895095,STOP,TEU_36_qc_load_to_pm_pm_06,36,pm_06,qc_load_to_pm,3
1970-01-01 00:00:00.000000,WAIT_START,TEU_36_qc_travelback_pm_06,36,pm_06,qc_travelback,4
1970-01-01 03:46:33.895095,WAIT_STOP,TEU_36_qc_travelback_pm_06,36,pm_06,qc_travelback,4
1970-01-01 03:46:33.895095,START,TEU_36_qc_travelback_pm_06,36,pm_06,qc_travelback,4
1970-01-01 03:47:33.895095,STOP,TEU_36_qc_travelback_pm_06,36,pm_06,qc_travelback,4
1970-01-01 00:00:00.000000,WAIT_START,TEU_36_pm_travel_to_yard_pm_06,36,pm_06,pm_travel_to_yard,5
1970-01-01 03:46:33.895095,WAIT_STOP,TEU_36_pm_travel_to_yard_pm_06,36,pm_06,pm_travel_to_yard,5
1970-01-01 03:46:33.895095,START,TEU_36_pm_travel_to_yard_pm_06,36,pm_06,pm_travel_to_yard,5
1970-01-01 04:17:59.544278,STOP,TEU_36_pm_travel_to_yard_pm_06,36,pm_06,pm_travel_to_yard,5
1970-01-01 00:00:00.000000,WAIT_START,TEU_36_pm_unload_pm_06,36,pm_06,pm_unload,6
1970-01-01 04:17:59.544278,WAIT_STOP,TEU_36_pm_unload_pm_06,36,pm_06,pm_unload,6
1970-01-01 04:17:59.544278,START,TEU_36_pm_unload_pm_06,36,pm_06,pm_unload,6
1970-01-01 04:19:59.544278,STOP,TEU_36_pm_unload_pm_06,36,pm_06,pm_unload,6
1970-01-01 00:00:00.000000,WAIT_START,TEU_36_pm_return_pm_06,36,pm_06,pm_return,7
1970-01-01 04:19:59.544278,WAIT_STOP,TEU_36_pm_return_pm_06,36,pm_06,pm_return,7
1970-01-01 04:19:59.544278,START,TEU_36_pm_return_pm_06,36,pm_06,pm_return,7
1970-01-01 04:51:25.193460,STOP,TEU_36_pm_return_pm_06,36,pm_06,pm_return,7
1970-01-01 00:00:00.000000,WAIT_START,TEU_37_qc_pick_pm_07,37,pm_07,qc_pick,1
1970-01-01 03:47:33.895095,WAIT_STOP,TEU_37_qc_pick_pm_07,37,pm_07,qc_pick,1
1970-01-01 03:47:33.895095,START,TEU_37_qc_pick_pm_07,37,pm_07,qc_pick,1
1970-01-01 03:48:33.895095,STOP,TEU_37_qc_pick_pm_07,37,pm_07,qc_pick,1
1970-01-01 00:00:00.000000,WAIT_START,TEU_37_qc_transfer_pm_07,37,pm_07,qc_transfer,2
1970-01-01 03:48:33.895095,WAIT_STOP,TEU_37_qc_transfer_pm_07,37,pm_07,qc_transfer,2
1970-01-01 03:48:33.895095,START,TEU_37_qc_transfer_pm_07,37,pm_07,qc_transfer,2
1970-01-01 03:50:33.895095,STOP,TEU_37_qc_transfer_pm_07,37,pm_07,qc_transfer,2
1970-01-01 00:00:00.000000,WAIT_START,TEU_37_qc_load_to_pm_pm_07,37,pm_07,qc_load_to_pm,3
1970-01-01 03:50:33.895095,WAIT_STOP,TEU_37_qc_load_to_pm_pm_07,37,pm_07,qc_load_to_pm,3
1970-01-01 03:50:33.895095,START,TEU_37_qc_load_to_pm_pm_07,37,pm_07,qc_load_to_pm,3
1970-01-01 03:51:33.895095,STOP,TEU_37_qc_load_to_pm_pm_07,37,pm_07,qc_load_to_pm,3
1970-01-01 00:00:00.000000,WAIT_START,TEU_37_qc_travelback_pm_07,37,pm_07,qc_travelback,4
1970-01-01 03:51:33.895095,WAIT_STOP,TEU_37_qc_travelback_pm_07,37,pm_07,qc_travelback,4
1970-01-01 03:51:33.895095,START,TEU_37_qc_travelback_pm_07,37,pm_07,qc_travelback,4
1970-01-01 03:52:33.895095,STOP,TEU_37_qc_travelback_pm_07,37,pm_07,qc_travelback,4
1970-01-01 00:00:00.000000,WAIT_START,TEU_37_pm_travel_to_yard_pm_07,37,pm_07,pm_travel_to_yard,5
1970-01-01 03:51:33.895095,WAIT_STOP,TEU_37_pm_travel_to_yard_pm_07,37,pm_07,pm_travel_to_yard,5
1970-01-01 03:51:33.895095,START,TEU_37_pm_travel_to_yard_pm_07,37,pm_07,pm_travel_to_yard,5
1970-01-01 04:22:59.544278,STOP,TEU_37_pm_travel_to_yard_pm_07,37,pm_07,pm_travel_to_yard,5
1970-01-01 00:00:00.000000,WAIT_START,TEU_37_pm_unload_pm_07,37,pm_07,pm_unload,6
1970-01-01 04:22:59.544278,WAIT_STOP,TEU_37_pm_unload_pm_07,37,pm_07,pm_unload,6
1970-01-01 04:22:59.544278,START,TEU_37_pm_unload_pm_07,37,pm_07,pm_unload,6
1970-01-01 04:24:59.544278,STOP,TEU_37_pm_unload_pm_07,37,pm_07,pm_unload,6
1970-01-01 00:00:00.000000,WAIT_START,TEU_37_pm_return_pm_07,37,pm_07,pm_return,7
1970-01-01 04:24:59.544278,WAIT_STOP,TEU_37_pm_return_pm_07,37,pm_07,pm_return,7
1970-01-01 04:24:59.544278,START,TEU_37_pm_return_pm_07,37,pm_07,pm_return,7
1970-01-01 04:56:25.193460,STOP,TEU_37_pm_return_pm_07,37,pm_07,pm_return,7
1970-01-01 00:00:00.000000,WAIT_START,TEU_38_qc_pick_pm_08,38,pm_08,qc_pick,1
1970-01-01 03:52:33.895095,WAIT_STOP,TEU_38_qc_pick_pm_08,38,pm_08,qc_pick,1
1970-01-01 03:52:33.895095,START,TEU_38_qc_pick_pm_08,38,pm_08,qc_pick,1
1970-01-01 03:53:33.895095,STOP,TEU_38_qc_pick_pm_08,38,pm_08,qc_pick,1
1970-01-01 00:00:00.000000,WAIT_START,TEU_38_qc_transfer_pm_08,38,pm_08,qc_transfer,2
1970-01-01 03:53:33.895095,WAIT_STOP,TEU_38_qc_transfer_pm_08,38,pm_08,qc_transfer,2
1970-01-01 03:53:33.895095,START,TEU_38_qc_transfer_pm_08,38,pm_08,qc_transfer,2
1970-01-01 03:55:33.895095,STOP,TEU_38_qc_transfer_pm_08,38,pm_08,qc_transfer,2
1970-01-01 00:00:00.000000,WAIT_START,TEU_38_qc_load_to_pm_pm_08,38,pm_08,qc_load_to_pm,3
1970-01-01 03:55:33.895095,WAIT_STOP,TEU_38_qc_load_to_pm_pm_08,38,pm_08,qc_load_to_pm,3
1970-01-01 03:55:33.895095,START,TEU_38_qc_load_to_pm_pm_08,38,pm_08,qc_load_to_pm,3
1970-01-01 03:56:33.895095,STOP,TEU_38_qc_load_to_pm_pm_08,38,pm_08,qc_load_to_pm,3
1970-01-01 00:00:00.000000,WAIT_START,TEU_38_qc_travelback_pm_08,38,pm_08,qc_travelback,4
1970-01-01 03:56:33.895095,WAIT_STOP,TEU_38_qc_travelback_pm_08,38,pm_08,qc_travelback,4
1970-01-01 03:56:33.895095,START,TEU_38_qc_travelback_pm_08,38,pm_08,qc_travelback,4
1970-01-01 03:57:33.895095,STOP,TEU_38_qc_travelback_pm_08,38,pm_08,qc_travelback,4
1970-01-01 00:00:00.000000,WAIT_START,TEU_38_pm_travel_to_yard_pm_08,38,pm_08,pm_travel_to_yard,5
1970-01-01 03:56:33.895095,WAIT_STOP,TEU_38_pm_travel_to_yard_pm_08,38,pm_08,pm_travel_to_yard,5
1970-01-01 03:56:33.895095,START,TEU_38_pm_travel_to_yard_pm_08,38,pm_08,pm_travel_to_yard,5
1970-01-01 04:27:59.544278,STOP,TEU_38_pm_travel_to_yard_pm_08,38,pm_08,pm_travel_to_yard,5
1970-01-01 00:00:00.000000,WAIT_START,TEU_38_pm_unload_pm_08,38,pm_08,pm_unload,6
1970-01-01 04:27:59.544278,WAIT_STOP,TEU_38_pm_unload_pm_08,38,pm_08,pm_unload,6
1970-01-01 04:27:59.544278,START,TEU_38_pm_unload_pm_08,38,pm_08,pm_unload,6
1970-01-01 04:29:59.544278,STOP,TEU_38_pm_unload_pm_08,38,pm_08,pm_unload,6
1970-01-01 00:00:00.000000,WAIT_START,TEU_38_pm_return_pm_08,38,pm_08,pm_return,7
1970-01-01 04:29:59.544278,WAIT_STOP,TEU_38_pm_return_pm_08,38,pm_08,pm_return,7
1970-01-01 04:29:59.544278,START,TEU_38_pm_return_pm_08,38,pm_08,pm_return,7
1970-01-01 05:01:25.193460,STOP,TEU_38_pm_return_pm_08,38,pm_08,pm_return,7
1970-01-01 00:00:00.000000,WAIT_START,TEU_39_qc_pick_pm_09,39,pm_09,qc_pick,1
1970-01-01 03:57:33.895095,WAIT_STOP,TEU_39_qc_pick_pm_09,39,pm_09,qc_pick,1
1970-01-01 03:57:33.895095,START,TEU_39_qc_pick_pm_09,39,pm_09,qc_pick,1
1970-01-01 03:58:33.895095,STOP,TEU_39_qc_pick_pm_09,39,pm_09,qc_pick,1
1970-01-01 00:00:00.000000,WAIT_START,TEU_39_qc_transfer_pm_09,39,pm_09,qc_transfer,2
1970-01-01 03:58:33.895095,WAIT_STOP,TEU_39_qc_transfer_pm_09,39,pm_09,qc_transfer,2
1970-01-01 03:58:33.895095,START,TEU_39_qc_transfer_pm_09,39,pm_09,qc_transfer,2
1970-01-01 04:00:33.895095,STOP,TEU_39_qc_transfer_pm_09,39,pm_09,qc_transfer,2
1970-01-01 00:00:00.000000,WAIT_START,TEU_39_qc_load_to_pm_pm_09,39,pm_09,qc_load_to_pm,3
1970-01-01 04:00:33.895095,WAIT_STOP,TEU_39_qc_load_to_pm_pm_09,39,pm_09,qc_load_to_pm,3
1970-01-01 04:00:33.895095,START,TEU_39_qc_load_to_pm_pm_09,39,pm_09,qc_load_to_pm,3
1970-01-01 04:01:33.895095,STOP,TEU_39_qc_load_to_pm_pm_09,39,pm_09,qc_load_to_pm,3
1970-01-01 00:00:00.000000,WAIT_START,TEU_39_qc_travelback_pm_09,39,pm_09,qc_travelback,4
1970-01-01 04:01:33.895095,WAIT_STOP,TEU_39_qc_travelback_pm_09,39,pm_09,qc_travelback,4
1970-01-01 04:01:33.895095,START,TEU_39_qc_travelback_pm_09,39,pm_09,qc_travelback,4
1970-01-01 04:02:33.895095,STOP,TEU_39_qc_travelback_pm_09,39,pm_09,qc_travelback,4
1970-01-01 00:00:00.000000,WAIT_START,TEU_39_pm_travel_to_yard_pm_09,39,pm_09,pm_travel_to_yard,5
1970-01-01 04:01:33.895095,WAIT_STOP,TEU_39_pm_travel_to_yard_pm_09,39,pm_09,pm_travel_to_yard,5
1970-01-01 04:01:33.895095,START,TEU_39_pm_travel_to_yard_pm_09,39,pm_09,pm_travel_to_yard,5
1970-01-01 04:32:59.544278,STOP,TEU_39_pm_travel_to_yard_pm_09,39,pm_09,pm_travel_to_yard,5
1970-01-01 00:00:00.000000,WAIT_START,TEU_39_pm_unload_pm_09,39,pm_09,pm_unload,6
1970-01-01 04:32:59.544278,WAIT_STOP,TEU_39_pm_unload_pm_09,39,pm_09,pm_unload,6
1970-01-01 04:32:59.544278,START,TEU_39_pm_unload_pm_09,39,pm_09,pm_unload,6
1970-01-01 04:34:59.544278,STOP,TEU_39_pm_unload_pm_09,39,pm_09,pm_unload,6
1970-01-01 00:00:00.000000,WAIT_START,TEU_39_pm_return_pm_09,39,pm_09,pm_return,7
1970-01-01 04:34:59.544278,WAIT_STOP,TEU_39_pm_return_pm_09,39,pm_09,pm_return,7
1970-01-01 04:34:59.544278,START,TEU_39_pm_return_pm_09,39,pm_09,pm_return,7
1970-01-01 05:06:25.193460,STOP,TEU_39_pm_return_pm_09,39,pm_09,pm_return,7
1970-01-01 00:00:00.000000,WAIT_START,TEU_40_qc_pick_pm_10,40,pm_10,qc_pick,1
1970-01-01 04:02:33.895095,WAIT_STOP,TEU_40_qc_pick_pm_10,40,pm_10,qc_pick,1
1970-01-01 04:02:33.895095,START,TEU_40_qc_pick_pm_10,40,pm_10,qc_pick,1
1970-01-01 04:03:33.895095,STOP,TEU_40_qc_pick_pm_10,40,pm_10,qc_pick,1
1970-01-01 00:00:00.000000,WAIT_START,TEU_40_qc_transfer_pm_10,40,pm_10,qc_transfer,2
1970-01-01 04:03:33.895095,WAIT_STOP,TEU_40_qc_transfer_pm_10,40,pm_10,qc_transfer,2
1970-01-01 04:03:33.895095,START,TEU_40_qc_transfer_pm_10,40,pm_10,qc_transfer,2
1970-01-01 04:05:33.895095,STOP,TEU_40_qc_transfer_pm_10,40,pm_10,qc_transfer,2
1970-01-01 00:00:00.000000,WAIT_START,TEU_40_qc_load_to_pm_pm_10,40,pm_10,qc_load_to_pm,3
1970-01-01 04:05:33.895095,WAIT_STOP,TEU_40_qc_load_to_pm_pm_10,40,pm_10,qc_load_to_pm,3
1970-01-01 04:05:33.895095,START,TEU_40_qc_load_to_pm_pm_10,40,pm_10,qc_load_to_pm,3
1970-01-01 04:06:33.895095,STOP,TEU_40_qc_load_to_pm_pm_10,40,pm_10,qc_load_to_pm,3
1970-01-01 00:00:00.000000,WAIT_START,TEU_40_qc_travelback_pm_10,40,pm_10,qc_travelback,4
1970-01-01 04:06:33.895095,WAIT_STOP,TEU_40_qc_travelback_pm_10,40,pm_10,qc_travelback,4
1970-01-01 04:06:33.895095,START,TEU_40_qc_travelback_pm_10,40,pm_10,qc_travelback,4
1970-01-01 04:07:33.895095,STOP,TEU_40_qc_travelback_pm_10,40,pm_10,qc_travelback,4
1970-01-01 00:00:00.000000,WAIT_START,TEU_40_pm_travel_to_yard_pm_10,40,pm_10,pm_travel_to_yard,5
1970-01-01 04:06:33.895095,WAIT_STOP,TEU_40_pm_travel_to_yard_pm_10,40,pm_10,pm_travel_to_yard,5
1970-01-01 04:06:33.895095,START,TEU_40_pm_travel_to_yard_pm_10,40,pm_10,pm_travel_to_yard,5
1970-01-01 04:37:59.544278,STOP,TEU_40_pm_travel_to_yard_pm_10,40,pm_10,pm_travel_to_yard,5
1970-01-01 00:00:00.000000,WAIT_START,TEU_40_pm_unload_pm_10,40,pm_10,pm_unload,6
1970-01-01 04:37:59.544278,WAIT_STOP,TEU_40_pm_unload_pm_10,40,pm_10,pm_unload,6
1970-01-01 04:37:59.544278,START,TEU_40_pm_unload_pm_10,40,pm_10,pm_unload,6
1970-01-01 04:39:59.544278,STOP,TEU_40_pm_unload_pm_10,40,pm_10,pm_unload,6
1970-01-01 00:00:00.000000,WAIT_START,TEU_40_pm_return_pm_10,40,pm_10,pm_return,7
1970-01-01 04:39:59.544278,WAIT_STOP,TEU_40_pm_return_pm_10,40,pm_10,pm_return,7
1970-01-01 04:39:59.544278,START,TEU_40_pm_return_pm_10,40,pm_10,pm_return,7
1970-01-01 05:11:25.193460,STOP,TEU_40_pm_return_pm_10,40,pm_10,pm_return,7
1970-01-01 00:00:00.000000,WAIT_START,TEU_41_qc_pick_pm_01,41,pm_01,qc_pick,1
1970-01-01 04:07:33.895095,WAIT_STOP,TEU_41_qc_pick_pm_01,41,pm_01,qc_pick,1
1970-01-01 04:07:33.895095,START,TEU_41_qc_pick_pm_01,41,pm_01,qc_pick,1
1970-01-01 04:08:33.895095,STOP,TEU_41_qc_pick_pm_01,41,pm_01,qc_pick,1
1970-01-01 00:00:00.000000,WAIT_START,TEU_41_qc_transfer_pm_01,41,pm_01,qc_transfer,2
1970-01-01 04:08:33.895095,WAIT_STOP,TEU_41_qc_transfer_pm_01,41,pm_01,qc_transfer,2
1970-01-01 04:08:33.895095,START,TEU_41_qc_transfer_pm_01,41,pm_01,qc_transfer,2
1970-01-01 04:10:33.895095,STOP,TEU_41_qc_transfer_pm_01,41,pm_01,qc_transfer,2
1970-01-01 00:00:00.000000,WAIT_START,TEU_41_qc_load_to_pm_pm_01,41,pm_01,qc_load_to_pm,3
1970-01-01 04:26:25.193460,WAIT_STOP,TEU_41_qc_load_to_pm_pm_01,41,pm_01,qc_load_to_pm,3
1970-01-01 04:26:25.193460,START,TEU_41_qc_load_to_pm_pm_01,41,pm_01,qc_load_to_pm,3
1970-01-01 04:27:25.193460,STOP,TEU_41_qc_load_to_pm_pm_01,41,pm_01,qc_load_to_pm,3
1970-01-01 00:00:00.000000,WAIT_START,TEU_41_qc_travelback_pm_01,41,pm_01,qc_travelback,4
1970-01-01 04:27:25.193460,WAIT_STOP,TEU_41_qc_travelback_pm_01,41,pm_01,qc_travelback,4
1970-01-01 04:27:25.193460,START,TEU_41_qc_travelback_pm_01,41,pm_01,qc_travelback,4
1970-01-01 04:28:25.193460,STOP,TEU_41_qc_travelback_pm_01,41,pm_01,qc_travelback,4
1970-01-01 00:00:00.000000,WAIT_START,TEU_41_pm_travel_to_yard_pm_01,41,pm_01,pm_travel_to_yard,5
1970-01-01 04:27:25.193460,WAIT_STOP,TEU_41_pm_travel_to_yard_pm_01,41,pm_01,pm_travel_to_yard,5
1970-01-01 04:27:25.193460,START,TEU_41_pm_travel_to_yard_pm_01,41,pm_01,pm_travel_to_yard,5
1970-01-01 04:58:50.842643,STOP,TEU_41_pm_travel_to_yard_pm_01,41,pm_01,pm_travel_to_yard,5
1970-01-01 00:00:00.000000,WAIT_START,TEU_41_pm_unload_pm_01,41,pm_01,pm_unload,6
1970-01-01 04:58:50.842643,WAIT_STOP,TEU_41_pm_unload_pm_01,41,pm_01,pm_unload,6
1970-01-01 04:58:50.842643,START,TEU_41_pm_unload_pm_01,41,pm_01,pm_unload,6
1970-01-01 05:00:50.842643,STOP,TEU_41_pm_unload_pm_01,41,pm_01,pm_unload,6
1970-01-01 00:00:00.000000,WAIT_START,TEU_41_pm_return_pm_01,41,pm_01,pm_return,7
1970-01-01 05:00:50.842643,WAIT_STOP,TEU_41_pm_return_pm_01,41,pm_01,pm_return,7
1970-01-01 05:00:50.842643,START,TEU_41_pm_return_pm_01,41,pm_01,pm_return,7
1970-01-01 05:32:16.491825,STOP,TEU_41_pm_return_pm_01,41,pm_01,pm_return,7
1970-01-01 00:00:00.000000,WAIT_START,TEU_42_qc_pick_pm_02,42,pm_02,qc_pick,1
1970-01-01 04:28:25.193460,WAIT_STOP,TEU_42_qc_pick_pm_02,42,pm_02,qc_pick,1
1970-01-01 04:28:25.193460,START,TEU_42_qc_pick_pm_02,42,pm_02,qc_pick,1
1970-01-01 04:29:25.193460,STOP,TEU_42_qc_pick_pm_02,42,pm_02,qc_pick,1
1970-01-01 00:00:00.000000,WAIT_START,TEU_42_qc_transfer_pm_02,42,pm_02,qc_transfer,2
1970-01-01 04:29:25.193460,WAIT_STOP,TEU_42_qc_transfer_pm_02,42,pm_02,qc_transfer,2
1970-01-01 04:29:25.193460,START,TEU_42_qc_transfer_pm_02,42,pm_02,qc_transfer,2
1970-01-01 04:31:25.193460,STOP,TEU_42_qc_transfer_pm_02,42,pm_02,qc_transfer,2
1970-01-01 00:00:00.000000,WAIT_START,TEU_42_qc_load_to_pm_pm_02,42,pm_02,qc_load_to_pm,3
1970-01-01 04:31:25.193460,WAIT_STOP,TEU_42_qc_load_to_pm_pm_02,42,pm_02,qc_load_to_pm,3
1970-01-01 04:31:25.193460,START,TEU_42_qc_load_to_pm_pm_02,42,pm_02,qc_load_to_pm,3
1970-01-01 04:32:25.193460,STOP,TEU_42_qc_load_to_pm_pm_02,42,pm_02,qc_load_to_pm,3
1970-01-01 00:00:00.000000,WAIT_START,TEU_42_qc_travelback_pm_02,42,pm_02,qc_travelback,4
1970-01-01 04:32:25.193460,WAIT_STOP,TEU_42_qc_travelback_pm_02,42,pm_02,qc_travelback,4
1970-01-01 04:32:25.193460,START,TEU_42_qc_travelback_pm_02,42,pm_02,qc_travelback,4
1970-01-01 04:33:25.193460,STOP,TEU_42_qc_travelback_pm_02,42,pm_02,qc_travelback,4
1970-01-01 00:00:00.000000,WAIT_START,TEU_42_pm_travel_to_yard_pm_02,42,pm_02,pm_travel_to_yard,5
1970-01-01 04:32:25.193460,WAIT_STOP,TEU_42_pm_travel_to_yard_pm_02,42,pm_02,pm_travel_to_yard,5
1970-01-01 04:32:25.193460,START,TEU_42_pm_travel_to_yard_pm_02,42,pm_02,pm_travel_to_yard,5
1970-01-01 05:03:50.842643,STOP,TEU_42_pm_travel_to_yard_pm_02,42,pm_02,pm_travel_to_yard,5
1970-01-01 00:00:00.000000,WAIT_START,TEU_42_pm_unload_pm_02,42,pm_02,pm_unload,6
1970-01-01 05:03:50.842643,WAIT_STOP,TEU_42_pm_unload_pm_02,42,pm_02,pm_unload,6
1970-01-01 05:03:50.842643,START,TEU_42_pm_unload_pm_02,42,pm_02,pm_unload,6
1970-01-01 05:05:50.842643,STOP,TEU_42_pm_unload_pm_02,42,pm_02,pm_unload,6
1970-01-01 00:00:00.000000,WAIT_START,TEU_42_pm_return_pm_02,42,pm_02,pm_return,7
1970-01-01 05:05:50.842643,WAIT_STOP,TEU_42_pm_return_pm_02,42,pm_02,pm_return,7
1970-01-01 05:05:50.842643,START,TEU_42_pm_return_pm_02,42,pm_02,pm_return,7
1970-01-01 05:37:16.491825,STOP,TEU_42_pm_return_pm_02,42,pm_02,pm_return,7
1970-01-01 00:00:00.000000,WAIT_START,TEU_43_qc_pick_pm_03,43,pm_03,qc_pick,1
1970-01-01 04:33:25.193460,WAIT_STOP,TEU_43_qc_pick_pm_03,43,pm_03,qc_pick,1
1970-01-01 04:33:25.193460,START,TEU_43_qc_pick_pm_03,43,pm_03,qc_pick,1
1970-01-01 04:34:25.193460,STOP,TEU_43_qc_pick_pm_03,43,pm_03,qc_pick,1
1970-01-01 00:00:00.000000,WAIT_START,TEU_43_qc_transfer_pm_03,43,pm_03,qc_transfer,2
1970-01-01 04:34:25.193460,WAIT_STOP,TEU_43_qc_transfer_pm_03,43,pm_03,qc_transfer,2
1970-01-01 04:34:25.193460,START,TEU_43_qc_transfer_pm_03,43,pm_03,qc_transfer,2
1970-01-01 04:36:25.193460,STOP,TEU_43_qc_transfer_pm_03,43,pm_03,qc_transfer,2
1970-01-01 00:00:00.000000,WAIT_START,TEU_43_qc_load_to_pm_pm_03,43,pm_03,qc_load_to_pm,3
1970-01-01 04:36:25.193460,WAIT_STOP,TEU_43_qc_load_to_pm_pm_03,43,pm_03,qc_load_to_pm,3
1970-01-01 04:36:25.193460,START,TEU_43_qc_load_to_pm_pm_03,43,pm_03,qc_load_to_pm,3
1970-01-01 04:37:25.193460,STOP,TEU_43_qc_load_to_pm_pm_03,43,pm_03,qc_load_to_pm,3
1970-01-01 00:00:00.000000,WAIT_START,TEU_43_qc_travelback_pm_03,43,pm_03,qc_travelback,4
1970-01-01 04:37:25.193460,WAIT_STOP,TEU_43_qc_travelback_pm_03,43,pm_03,qc_travelback,4
1970-01-01 04:37:25.193460,START,TEU_43_qc_travelback_pm_03,43,pm_03,qc_travelback,4
1970-01-01 04:38:25.193460,STOP,TEU_43_qc_travelback_pm_03,43,pm_03,qc_travelback,4
1970-01-01 00:00:00.000000,WAIT_START,TEU_43_pm_travel_to_yard_pm_03,43,pm_03,pm_travel_to_yard,5
1970-01-01 04:37:25.193460,WAIT_STOP,TEU_43_pm_travel_to_yard_pm_03,43,pm_03,pm_travel_to_yard,5
1970-01-01 04:37:25.193460,START,TEU_43_pm_travel_to_yard_pm_03,43,pm_03,pm_travel_to_yard,5
1970-01-01 05:08:50.842643,STOP,TEU_43_pm_travel_to_yard_pm_03,43,pm_03,pm_travel_to_yard,5
1970-01-01 00:00:00.000000,WAIT_START,TEU_43_pm_unload_pm_03,43,pm_03,pm_unload,6
1970-01-01 05:08:50.842643,WAIT_STOP,TEU_43_pm_unload_pm_03,43,pm_03,pm_unload,6
1970-01-01 05:08:50.842643,START,TEU_43_pm_unload_pm_03,43,pm_03,pm_unload,6
1970-01-01 05:10:50.842643,STOP,TEU_43_pm_unload_pm_03,43,pm_03,pm_unload,6
1970-01-01 00:00:00.000000,WAIT_START,TEU_43_pm_return_pm_03,43,pm_03,pm_return,7
1970-01-01 05:10:50.842643,WAIT_STOP,TEU_43_pm_return_pm_03,43,pm_03,pm_return,7
1970-01-01 05:10:50.842643,START,TEU_43_pm_return_pm_03,43,pm_03,pm_return,7
1970-01-01 05:42:16.491825,STOP,TEU_43_pm_return_pm_03,43,pm_03,pm_return,7
1970-01-01 00:00:00.000000,WAIT_START,TEU_44_qc_pick_pm_04,44,pm_04,qc_pick,1
1970-01-01 04:38:25.193460,WAIT_STOP,TEU_44_qc_pick_pm_04,44,pm_04,qc_pick,1
1970-01-01 04:38:25.193460,START,TEU_44_qc_pick_pm_04,44,pm_04,qc_pick,1
1970-01-01 04:39:25.193460,STOP,TEU_44_qc_pick_pm_04,44,pm_04,qc_pick,1
1970-01-01 00:00:00.000000,WAIT_START,TEU_44_qc_transfer_pm_04,44,pm_04,qc_transfer,2
1970-01-01 04:39:25.193460,WAIT_STOP,TEU_44_qc_transfer_pm_04,44,pm_04,qc_transfer,2
1970-01-01 04:39:25.193460,START,TEU_44_qc_transfer_pm_04,44,pm_04,qc_transfer,2
1970-01-01 04:41:25.193460,STOP,TEU_44_qc_transfer_pm_04,44,pm_04,qc_transfer,2
1970-01-01 00:00:00.000000,WAIT_START,TEU_44_qc_load_to_pm_pm_04,44,pm_04,qc_load_to_pm,3
1970-01-01 04:41:25.193460,WAIT_STOP,TEU_44_qc_load_to_pm_pm_04,44,pm_04,qc_load_to_pm,3
1970-01-01 04:41:25.193460,START,TEU_44_qc_load_to_pm_pm_04,44,pm_04,qc_load_to_pm,3
1970-01-01 04:42:25.193460,STOP,TEU_44_qc_load_to_pm_pm_04,44,pm_04,qc_load_to_pm,3
1970-01-01 00:00:00.000000,WAIT_START,TEU_44_qc_travelback_pm_04,44,pm_04,qc_travelback,4
1970-01-01 04:42:25.193460,WAIT_STOP,TEU_44_qc_travelback_pm_04,44,pm_04,qc_travelback,4
1970-01-01 04:42:25.193460,START,TEU_44_qc_travelback_pm_04,44,pm_04,qc_travelback,4
1970-01-01 04:43:25.193460,STOP,TEU_44_qc_travelback_pm_04,44,pm_04,qc_travelback,4
1970-01-01 00:00:00.000000,WAIT_START,TEU_44_pm_travel_to_yard_pm_04,44,pm_04,pm_travel_to_yard,5
1970-01-01 04:42:25.193460,WAIT_STOP,TEU_44_pm_travel_to_yard_pm_04,44,pm_04,pm_travel_to_yard,5
1970-01-01 04:42:25.193460,START,TEU_44_pm_travel_to_yard_pm_04,44,pm_04,pm_travel_to_yard,5
1970-01-01 05:13:50.842643,STOP,TEU_44_pm_travel_to_yard_pm_04,44,pm_04,pm_travel_to_yard,5
1970-01-01 00:00:00.000000,WAIT_START,TEU_44_pm_unload_pm_04,44,pm_04,pm_unload,6
1970-01-01 05:13:50.842643,WAIT_STOP,TEU_44_pm_unload_pm_04,44,pm_04,pm_unload,6
1970-01-01 05:13:50.842643,START,TEU_44_pm_unload_pm_04,44,pm_04,pm_unload,6
1970-01-01 05:15:50.842643,STOP,TEU_44_pm_unload_pm_04,44,pm_04,pm_unload,6
1970-01-01 00:00:00.000000,WAIT_START,TEU_44_pm_return_pm_04,44,pm_04,pm_return,7
1970-01-01 05:15:50.842643,WAIT_STOP,TEU_44_pm_return_pm_04,44,pm_04,pm_return,7
1970-01-01 05:15:50.842643,START,TEU_44_pm_return_pm_04,44,pm_04,pm_return,7
1970-01-01 05:47:16.491825,STOP,TEU_44_pm_return_pm_04,44,pm_04,pm_return,7
1970-01-01 00:00:00.000000,WAIT_START,TEU_45_qc_pick_pm_05,45,pm_05,qc_pick,1
1970-01-01 04:43:25.193460,WAIT_STOP,TEU_45_qc_pick_pm_05,45,pm_05,qc_pick,1
1970-01-01 04:43:25.193460,START,TEU_45_qc_pick_pm_05,45,pm_05,qc_pick,1
1970-01-01 04:44:25.193460,STOP,TEU_45_qc_pick_pm_05,45,pm_05,qc_pick,1
1970-01-01 00:00:00.000000,WAIT_START,TEU_45_qc_transfer_pm_05,45,pm_05,qc_transfer,2
1970-01-01 04:44:25.193460,WAIT_STOP,TEU_45_qc_transfer_pm_05,45,pm_05,qc_transfer,2
1970-01-01 04:44:25.193460,START,TEU_45_qc_transfer_pm_05,45,pm_05,qc_transfer,2
1970-01-01 04:46:25.193460,STOP,TEU_45_qc_transfer_pm_05,45,pm_05,qc_transfer,2
1970-01-01 00:00:00.000000,WAIT_START,TEU_45_qc_load_to_pm_pm_05,45,pm_05,qc_load_to_pm,3
1970-01-01 04:46:25.193460,WAIT_STOP,TEU_45_qc_load_to_pm_pm_05,45,pm_05,qc_load_to_pm,3
1970-01-01 04:46:25.193460,START,TEU_45_qc_load_to_pm_pm_05,45,pm_05,qc_load_to_pm,3
1970-01-01 04:47:25.193460,STOP,TEU_45_qc_load_to_pm_pm_05,45,pm_05,qc_load_to_pm,3
1970-01-01 00:00:00.000000,WAIT_START,TEU_45_qc_travelback_pm_05,45,pm_05,qc_travelback,4
1970-01-01 04:47:25.193460,WAIT_STOP,TEU_45_qc_travelback_pm_05,45,pm_05,qc_travelback,4
1970-01-01 04:47:25.193460,START,TEU_45_qc_travelback_pm_05,45,pm_05,qc_travelback,4
1970-01-01 04:48:25.193460,STOP,TEU_45_qc_travelback_pm_05,45,pm_05,qc_travelback,4
1970-01-01 00:00:00.000000,WAIT_START,TEU_45_pm_travel_to_yard_pm_05,45,pm_05,pm_travel_to_yard,5
1970-01-01 04:47:25.193460,WAIT_STOP,TEU_45_pm_travel_to_yard_pm_05,45,pm_05,pm_travel_to_yard,5
1970-01-01 04:47:25.193460,START,TEU_45_pm_travel_to_yard_pm_05,45,pm_05,pm_travel_to_yard,5
1970-01-01 05:18:50.842643,STOP,TEU_45_pm_travel_to_yard_pm_05,45,pm_05,pm_travel_to_yard,5
1970-01-01 00:00:00.000000,WAIT_START,TEU_45_pm_unload_pm_05,45,pm_05,pm_unload,6
1970-01-01 05:18:50.842643,WAIT_STOP,TEU_45_pm_unload_pm_05,45,pm_05,pm_unload,6
1970-01-01 05:18:50.842643,START,TEU_45_pm_unload_pm_05,45,pm_05,pm_unload,6
1970-01-01 05:20:50.842643,STOP,TEU_45_pm_unload_pm_05,45,pm_05,pm_unload,6
1970-01-01 00:00:00.000000,WAIT_START,TEU_45_pm_return_pm_05,45,pm_05,pm_return,7
1970-01-01 05:20:50.842643,WAIT_STOP,TEU_45_pm_return_pm_05,45,pm_05,pm_return,7
1970-01-01 05:20:50.842643,START,TEU_45_pm_return_pm_05,45,pm_05,pm_return,7
1970-01-01 05:52:16.491825,STOP,TEU_45_pm_return_pm_05,45,pm_05,pm_return,7
1970-01-01 00:00:00.000000,WAIT_START,TEU_46_qc_pick_pm_06,46,pm_06,qc_pick,1
1970-01-01 04:48:25.193460,WAIT_STOP,TEU_46_qc_pick_pm_06,46,pm_06,qc_pick,1
1970-01-01 04:48:25.193460,START,TEU_46_qc_pick_pm_06,46,pm_06,qc_pick,1
1970-01-01 04:49:25.193460,STOP,TEU_46_qc_pick_pm_06,46,pm_06,qc_pick,1
1970-01-01 00:00:00.000000,WAIT_START,TEU_46_qc_transfer_pm_06,46,pm_06,qc_transfer,2
1970-01-01 04:49:25.193460,WAIT_STOP,TEU_46_qc_transfer_pm_06,46,pm_06,qc_transfer,2
1970-01-01 04:49:25.193460,START,TEU_46_qc_transfer_pm_06,46,pm_06,qc_transfer,2
1970-01-01 04:51:25.193460,STOP,TEU_46_qc_transfer_pm_06,46,pm_06,qc_transfer,2
1970-01-01 00:00:00.000000,WAIT_START,TEU_46_qc_load_to_pm_pm_06,46,pm_06,qc_load_to_pm,3
1970-01-01 04:51:25.193460,WAIT_STOP,TEU_46_qc_load_to_pm_pm_06,46,pm_06,qc_load_to_pm,3
1970-01-01 04:51:25.193460,START,TEU_46_qc_load_to_pm_pm_06,46,pm_06,qc_load_to_pm,3
1970-01-01 04:52:25.193460,STOP,TEU_46_qc_load_to_pm_pm_06,46,pm_06,qc_load_to_pm,3
1970-01-01 00:00:00.000000,WAIT_START,TEU_46_qc_travelback_pm_06,46,pm_06,qc_travelback,4
1970-01-01 04:52:25.193460,WAIT_STOP,TEU_46_qc_travelback_pm_06,46,pm_06,qc_travelback,4
1970-01-01 04:52:25.193460,START,TEU_46_qc_travelback_pm_06,46,pm_06,qc_travelback,4
1970-01-01 04:53:25.193460,STOP,TEU_46_qc_travelback_pm_06,46,pm_06,qc_travelback,4
1970-01-01 00:00:00.000000,WAIT_START,TEU_46_pm_travel_to_yard_pm_06,46,pm_06,pm_travel_to_yard,5
1970-01-01 04:52:25.193460,WAIT_STOP,TEU_46_pm_travel_to_yard_pm_06,46,pm_06,pm_travel_to_yard,5
1970-01-01 04:52:25.193460,START,TEU_46_pm_travel_to_yard_pm_06,46,pm_06,pm_travel_to_yard,5
1970-01-01 05:23:50.842643,STOP,TEU_46_pm_travel_to_yard_pm_06,46,pm_06,pm_travel_to_yard,5
1970-01-01 00:00:00.000000,WAIT_START,TEU_46_pm_unload_pm_06,46,pm_06,pm_unload,6
1970-01-01 05:23:50.842643,WAIT_STOP,TEU_46_pm_unload_pm_06,46,pm_06,pm_unload,6
1970-01-01 05:23:50.842643,START,TEU_46_pm_unload_pm_06,46,pm_06,pm_unload,6
1970-01-01 05:25:50.842643,STOP,TEU_46_pm_unload_pm_06,46,pm_06,pm_unload,6
1970-01-01 00:00:00.000000,WAIT_START,TEU_46_pm_return_pm_06,46,pm_06,pm_return,7
1970-01-01 05:25:50.842643,WAIT_STOP,TEU_46_pm_return_pm_06,46,pm_06,pm_return,7
1970-01-01 05:25:50.842643,START,TEU_46_pm_return_pm_06,46,pm_06,pm_return,7
1970-01-01 05:57:16.491825,STOP,TEU_46_pm_return_pm_06,46,pm_06,pm_return,7
1970-01-01 00:00:00.000000,WAIT_START,TEU_47_qc_pick_pm_07,47,pm_07,qc_pick,1
1970-01-01 04:53:25.193460,WAIT_STOP,TEU_47_qc_pick_pm_07,47,pm_07,qc_pick,1
1970-01-01 04:53:25.193460,START,TEU_47_qc_pick_pm_07,47,pm_07,qc_pick,1
1970-01-01 04:54:25.193460,STOP,TEU_47_qc_pick_pm_07,47,pm_07,qc_pick,1
1970-01-01 00:00:00.000000,WAIT_START,TEU_47_qc_transfer_pm_07,47,pm_07,qc_transfer,2
1970-01-01 04:54:25.193460,WAIT_STOP,TEU_47_qc_transfer_pm_07,47,pm_07,qc_transfer,2
1970-01-01 04:54:25.193460,START,TEU_47_qc_transfer_pm_07,47,pm_07,qc_transfer,2
1970-01-01 04:56:25.193460,STOP,TEU_47_qc_transfer_pm_07,47,pm_07,qc_transfer,2
1970-01-01 00:00:00.000000,WAIT_START,TEU_47_qc_load_to_pm_pm_07,47,pm_07,qc_load_to_pm,3
1970-01-01 04:56:25.193460,WAIT_STOP,TEU_47_qc_load_to_pm_pm_07,47,pm_07,qc_load_to_pm,3
1970-01-01 04:56:25.193460,START,TEU_47_qc_load_to_pm_pm_07,47,pm_07,qc_load_to_pm,3
1970-01-01 04:57:25.193460,STOP,TEU_47_qc_load_to_pm_pm_07,47,pm_07,qc_load_to_pm,3
1970-01-01 00:00:00.000000,WAIT_START,TEU_47_qc_travelback_pm_07,47,pm_07,qc_travelback,4
1970-01-01 04:57:25.193460,WAIT_STOP,TEU_47_qc_travelback_pm_07,47,pm_07,qc_travelback,4
1970-01-01 04:57:25.193460,START,TEU_47_qc_travelback_pm_07,47,pm_07,qc_travelback,4
1970-01-01 04:58:25.193460,STOP,TEU_47_qc_travelback_pm_07,47,pm_07,qc_travelback,4
1970-01-01 00:00:00.000000,WAIT_START,TEU_47_pm_travel_to_yard_pm_07,47,pm_07,pm_travel_to_yard,5
1970-01-01 04:57:25.193460,WAIT_STOP,TEU_47_pm_travel_to_yard_pm_07,47,pm_07,pm_travel_to_yard,5
1970-01-01 04:57:25.193460,START,TEU_47_pm_travel_to_yard_pm_07,47,pm_07,pm_travel_to_yard,5
1970-01-01 05:28:50.842643,STOP,TEU_47_pm_travel_to_yard_pm_07,47,pm_07,pm_travel_to_yard,5
1970-01-01 00:00:00.000000,WAIT_START,TEU_47_pm_unload_pm_07,47,pm_07,pm_unload,6
1970-01-01 05:28:50.842643,WAIT_STOP,TEU_47_pm_unload_pm_07,47,pm_07,pm_unload,6
1970-01-01 05:28:50.842643,START,TEU_47_pm_unload_pm_07,47,pm_07,pm_unload,6
1970-01-01 05:30:50.842643,STOP,TEU_47_pm_unload_pm_07,47,pm_07,pm_unload,6
1970-01-01 00:00:00.000000,WAIT_START,TEU_47_pm_return_pm_07,47,pm_07,pm_return,7
1970-01-01 05:30:50.842643,WAIT_STOP,TEU_47_pm_return_pm_07,47,pm_07,pm_return,7
1970-01-01 05:30:50.842643,START,TEU_47_pm_return_pm_07,47,pm_07,pm_return,7
1970-01-01 06:02:16.491825,STOP,TEU_47_pm_return_pm_07,47,pm_07,pm_return,7
1970-01-01 00:00:00.000000,WAIT_START,TEU_48_qc_pick_pm_08,48,pm_08,qc_pick,1
1970-01-01 04:58:25.193460,WAIT_STOP,TEU_48_qc_pick_pm_08,48,pm_08,qc_pick,1
1970-01-01 04:58:25.193460,START,TEU_48_qc_pick_pm_08,48,pm_08,qc_pick,1
1970-01-01 04:59:25.193460,STOP,TEU_48_qc_pick_pm_08,48,pm_08,qc_pick,1
1970-01-01 00:00:00.000000,WAIT_START,TEU_48_qc_transfer_pm_08,48,pm_08,qc_transfer,2
1970-01-01 04:59:25.193460,WAIT_STOP,TEU_48_qc_transfer_pm_08,48,pm_08,qc_transfer,2
1970-01-01 04:59:25.193460,START,TEU_48_qc_transfer_pm_08,48,pm_08,qc_transfer,2
1970-01-01 05:01:25.193460,STOP,TEU_48_qc_transfer_pm_08,48,pm_08,qc_transfer,2
1970-01-01 00:00:00.000000,WAIT_START,TEU_48_qc_load_to_pm_pm_08,48,pm_08,qc_load_to_pm,3
1970-01-01 05:01:25.193460,WAIT_STOP,TEU_48_qc_load_to_pm_pm_08,48,pm_08,qc_load_to_pm,3
1970-01-01 05:01:25.193460,START,TEU_48_qc_load_to_pm_pm_08,48,pm_08,qc_load_to_pm,3
1970-01-01 05:02:25.193460,STOP,TEU_48_qc_load_to_pm_pm_08,48,pm_08,qc_load_to_pm,3
1970-01-01 00:00:00.000000,WAIT_START,TEU_48_qc_travelback_pm_08,48,pm_08,qc_travelback,4
1970-01-01 05:02:25.193460,WAIT_STOP,TEU_48_qc_travelback_pm_08,48,pm_08,qc_travelback,4
1970-01-01 05:02:25.193460,START,TEU_48_qc_travelback_pm_08,48,pm_08,qc_travelback,4
1970-01-01 05:03:25.193460,STOP,TEU_48_qc_travelback_pm_08,48,pm_08,qc_travelback,4
1970-01-01 00:00:00.000000,WAIT_START,TEU_48_pm_travel_to_yard_pm_08,48,pm_08,pm_travel_to_yard,5
1970-01-01 05:02:25.193460,WAIT_STOP,TEU_48_pm_travel_to_yard_pm_08,48,pm_08,pm_travel_to_yard,5
1970-01-01 05:02:25.193460,START,TEU_48_pm_travel_to_yard_pm_08,48,pm_08,pm_travel_to_yard,5
1970-01-01 05:33:50.842643,STOP,TEU_48_pm_travel_to_yard_pm_08,48,pm_08,pm_travel_to_yard,5
1970-01-01 00:00:00.000000,WAIT_START,TEU_48_pm_unload_pm_08,48,pm_08,pm_unload,6
1970-01-01 05:33:50.842643,WAIT_STOP,TEU_48_pm_unload_pm_08,48,pm_08,pm_unload,6
1970-01-01 05:33:50.842643,START,TEU_48_pm_unload_pm_08,48,pm_08,pm_unload,6
1970-01-01 05:35:50.842643,STOP,TEU_48_pm_unload_pm_08,48,pm_08,pm_unload,6
1970-01-01 00:00:00.000000,WAIT_START,TEU_48_pm_return_pm_08,48,pm_08,pm_return,7
1970-01-01 05:35:50.842643,WAIT_STOP,TEU_48_pm_return_pm_08,48,pm_08,pm_return,7
1970-01-01 05:35:50.842643,START,TEU_48_pm_return_pm_08,48,pm_08,pm_return,7
1970-01-01 06:07:16.491825,STOP,TEU_48_pm_return_pm_08,48,pm_08,pm_return,7
1970-01-01 00:00:00.000000,WAIT_START,TEU_49_qc_pick_pm_09,49,pm_09,qc_pick,1
1970-01-01 05:03:25.193460,WAIT_STOP,TEU_49_qc_pick_pm_09,49,pm_09,qc_pick,1
1970-01-01 05:03:25.193460,START,TEU_49_qc_pick_pm_09,49,pm_09,qc_pick,1
1970-01-01 05:04:25.193460,STOP,TEU_49_qc_pick_pm_09,49,pm_09,qc_pick,1
1970-01-01 00:00:00.000000,WAIT_START,TEU_49_qc_transfer_pm_09,49,pm_09,qc_transfer,2
1970-01-01 05:04:25.193460,WAIT_STOP,TEU_49_qc_transfer_pm_09,49,pm_09,qc_transfer,2
1970-01-01 05:04:25.193460,START,TEU_49_qc_transfer_pm_09,49,pm_09,qc_transfer,2
1970-01-01 05:06:25.193460,STOP,TEU_49_qc_transfer_pm_09,49,pm_09,qc_transfer,2
1970-01-01 00:00:00.000000,WAIT_START,TEU_49_qc_load_to_pm_pm_09,49,pm_09,qc_load_to_pm,3
1970-01-01 05:06:25.193460,WAIT_STOP,TEU_49_qc_load_to_pm_pm_09,49,pm_09,qc_load_to_pm,3
1970-01-01 05:06:25.193460,START,TEU_49_qc_load_to_pm_pm_09,49,pm_09,qc_load_to_pm,3
1970-01-01 05:07:25.193460,STOP,TEU_49_qc_load_to_pm_pm_09,49,pm_09,qc_load_to_pm,3
1970-01-01 00:00:00.000000,WAIT_START,TEU_49_qc_travelback_pm_09,49,pm_09,qc_travelback,4
1970-01-01 05:07:25.193460,WAIT_STOP,TEU_49_qc_travelback_pm_09,49,pm_09,qc_travelback,4
1970-01-01 05:07:25.193460,START,TEU_49_qc_travelback_pm_09,49,pm_09,qc_travelback,4
1970-01-01 05:08:25.193460,STOP,TEU_49_qc_travelback_pm_09,49,pm_09,qc_travelback,4
1970-01-01 00:00:00.000000,WAIT_START,TEU_49_pm_travel_to_yard_pm_09,49,pm_09,pm_travel_to_yard,5
1970-01-01 05:07:25.193460,WAIT_STOP,TEU_49_pm_travel_to_yard_pm_09,49,pm_09,pm_travel_to_yard,5
1970-01-01 05:07:25.193460,START,TEU_49_pm_travel_to_yard_pm_09,49,pm_09,pm_travel_to_yard,5
1970-01-01 05:38:50.842643,STOP,TEU_49_pm_travel_to_yard_pm_09,49,pm_09,pm_travel_to_yard,5
1970-01-01 00:00:00.000000,WAIT_START,TEU_49_pm_unload_pm_09,49,pm_09,pm_unload,6
1970-01-01 05:38:50.842643,WAIT_STOP,TEU_49_pm_unload_pm_09,49,pm_09,pm_unload,6
1970-01-01 05:38:50.842643,START,TEU_49_pm_unload_pm_09,49,pm_09,pm_unload,6
1970-01-01 05:40:50.842643,STOP,TEU_49_pm_unload_pm_09,49,pm_09,pm_unload,6
1970-01-01 00:00:00.000000,WAIT_START,TEU_49_pm_return_pm_09,49,pm_09,pm_return,7
1970-01-01 05:40:50.842643,WAIT_STOP,TEU_49_pm_return_pm_09,49,pm_09,pm_return,7
1970-01-01 05:40:50.842643,START,TEU_49_pm_return_pm_09,49,pm_09,pm_return,7
1970-01-01 06:12:16.491825,STOP,TEU_49_pm_return_pm_09,49,pm_09,pm_return,7
1970-01-01 00:00:00.000000,WAIT_START,TEU_50_qc_pick_pm_10,50,pm_10,qc_pick,1
1970-01-01 05:08:25.193460,WAIT_STOP,TEU_50_qc_pick_pm_10,50,pm_10,qc_pick,1
1970-01-01 05:08:25.193460,START,TEU_50_qc_pick_pm_10,50,pm_10,qc_pick,1
1970-01-01 05:09:25.193460,STOP,TEU_50_qc_pick_pm_10,50,pm_10,qc_pick,1
1970-01-01 00:00:00.000000,WAIT_START,TEU_50_qc_transfer_pm_10,50,pm_10,qc_transfer,2
1970-01-01 05:09:25.193460,WAIT_STOP,TEU_50_qc_transfer_pm_10,50,pm_10,qc_transfer,2
1970-01-01 05:09:25.193460,START,TEU_50_qc_transfer_pm_10,50,pm_10,qc_transfer,2
1970-01-01 05:11:25.193460,STOP,TEU_50_qc_transfer_pm_10,50,pm_10,qc_transfer,2
1970-01-01 00:00:00.000000,WAIT_START,TEU_50_qc_load_to_pm_pm_10,50,pm_10,qc_load_to_pm,3
1970-01-01 05:11:25.193460,WAIT_STOP,TEU_50_qc_load_to_pm_pm_10,50,pm_10,qc_load_to_pm,3
1970-01-01 05:11:25.193460,START,TEU_50_qc_load_to_pm_pm_10,50,pm_10,qc_load_to_pm,3
1970-01-01 05:12:25.193460,STOP,TEU_50_qc_load_to_pm_pm_10,50,pm_10,qc_load_to_pm,3
1970-01-01 00:00:00.000000,WAIT_START,TEU_50_qc_travelback_pm_10,50,pm_10,qc_travelback,4
1970-01-01 05:12:25.193460,WAIT_STOP,TEU_50_qc_travelback_pm_10,50,pm_10,qc_travelback,4
1970-01-01 05:12:25.193460,START,TEU_50_qc_travelback_pm_10,50,pm_10,qc_travelback,4
1970-01-01 05:13:25.193460,STOP,TEU_50_qc_travelback_pm_10,50,pm_10,qc_travelback,4
1970-01-01 00:00:00.000000,WAIT_START,TEU_50_pm_travel_to_yard_pm_10,50,pm_10,pm_travel_to_yard,5
1970-01-01 05:12:25.193460,WAIT_STOP,TEU_50_pm_travel_to_yard_pm_10,50,pm_10,pm_travel_to_yard,5
1970-01-01 05:12:25.193460,START,TEU_50_pm_travel_to_yard_pm_10,50,pm_10,pm_travel_to_yard,5
1970-01-01 05:43:50.842643,STOP,TEU_50_pm_travel_to_yard_pm_10,50,pm_10,pm_travel_to_yard,5
1970-01-01 00:00:00.000000,WAIT_START,TEU_50_pm_unload_pm_10,50,pm_10,pm_unload,6
1970-01-01 05:43:50.842643,WAIT_STOP,TEU_50_pm_unload_pm_10,50,pm_10,pm_unload,6
1970-01-01 05:43:50.842643,START,TEU_50_pm_unload_pm_10,50,pm_10,pm_unload,6
1970-01-01 05:45:50.842643,STOP,TEU_50_pm_unload_pm_10,50,pm_10,pm_unload,6
1970-01-01 00:00:00.000000,WAIT_START,TEU_50_pm_return_pm_10,50,pm_10,pm_return,7
1970-01-01 05:45:50.842643,WAIT_STOP,TEU_50_pm_return_pm_10,50,pm_10,pm_return,7
1970-01-01 05:45:50.842643,START,TEU_50_pm_return_pm_10,50,pm_10,pm_return,7
1970-01-01 06:17:16.491825,STOP,TEU_50_pm_return_pm_10,50,pm_10,pm_return,7
