Timestamp,ActivityID,ActivityState,ObjectState,ActivityLabel,object
1970-01-01 00:00:00.000000,d901f3af-d78b-4eb4-aa24-82d6b86ee2ec,START,"{'container level': 50, 'geometry': <POINT (24.311 56.363)>}",{},vessel01
1970-01-01 00:04:00.000000,d901f3af-d78b-4eb4-aa24-82d6b86ee2ec,STOP,"{'container level': 49, 'geometry': <POINT (24.311 56.363)>}",{},vessel01
1970-01-01 00:04:00.000000,68665115-7df6-488c-b68e-01c1f74d7649,START,"{'container level': 49, 'geometry': <POINT (24.311 56.363)>}",{},vessel01
1970-01-01 00:08:00.000000,68665115-7df6-488c-b68e-01c1f74d7649,STOP,"{'container level': 48, 'geometry': <POINT (24.311 56.363)>}",{},vessel01
1970-01-01 00:10:00.000000,76becef5-4718-4ae1-afff-b241936cae23,START,"{'container level': 48, 'geometry': <POINT (24.311 56.363)>}",{},vessel01
1970-01-01 00:14:00.000000,76becef5-4718-4ae1-afff-b241936cae23,STOP,"{'container level': 47, 'geometry': <POINT (24.311 56.363)>}",{},vessel01
1970-01-01 00:16:00.000000,87888cae-7870-487c-8f63-aaef7e7126e6,START,"{'container level': 47, 'geometry': <POINT (24.311 56.363)>}",{},vessel01
1970-01-01 00:20:00.000000,87888cae-7870-487c-8f63-aaef7e7126e6,STOP,"{'container level': 46, 'geometry': <POINT (24.311 56.363)>}",{},vessel01
1970-01-01 00:22:00.000000,bdfc78c2-f4ff-4768-9a22-be1a94f1bb2d,START,"{'container level': 46, 'geometry': <POINT (24.311 56.363)>}",{},vessel01
1970-01-01 00:26:00.000000,bdfc78c2-f4ff-4768-9a22-be1a94f1bb2d,STOP,"{'container level': 45, 'geometry': <POINT (24.311 56.363)>}",{},vessel01
1970-01-01 00:28:00.000000,a1f661d5-cf94-4f81-9560-01ad6dc5b1b1,START,"{'container level': 45, 'geometry': <POINT (24.311 56.363)>}",{},vessel01
1970-01-01 00:32:00.000000,a1f661d5-cf94-4f81-9560-01ad6dc5b1b1,STOP,"{'container level': 44, 'geometry': <POINT (24.311 56.363)>}",{},vessel01
1970-01-01 00:34:00.000000,45ceda1f-48b8-4c27-acec-d7c4946256bd,START,"{'container level': 44, 'geometry': <POINT (24.311 56.363)>}",{},vessel01
1970-01-01 00:38:00.000000,45ceda1f-48b8-4c27-acec-d7c4946256bd,STOP,"{'container level': 43, 'geometry': <POINT (24.311 56.363)>}",{},vessel01
1970-01-01 00:40:00.000000,10376722-cd24-4646-974a-0820295ad5c3,START,"{'container level': 43, 'geometry': <POINT (24.311 56.363)>}",{},vessel01
1970-01-01 00:44:00.000000,10376722-cd24-4646-974a-0820295ad5c3,STOP,"{'container level': 42, 'geometry': <POINT (24.311 56.363)>}",{},vessel01
1970-01-01 00:46:00.000000,0e9e70b4-6493-4fad-bbd3-01e356a13005,START,"{'container level': 42, 'geometry': <POINT (24.311 56.363)>}",{},vessel01
1970-01-01 00:50:00.000000,0e9e70b4-6493-4fad-bbd3-01e356a13005,STOP,"{'container level': 41, 'geometry': <POINT (24.311 56.363)>}",{},vessel01
1970-01-01 00:52:00.000000,050515d8-15ad-4461-9860-e40caaf80562,START,"{'container level': 41, 'geometry': <POINT (24.311 56.363)>}",{},vessel01
1970-01-01 00:56:00.000000,050515d8-15ad-4461-9860-e40caaf80562,STOP,"{'container level': 40, 'geometry': <POINT (24.311 56.363)>}",{},vessel01
1970-01-01 00:58:00.000000,5643670c-383a-4e8e-b4ac-f154aef220a7,START,"{'container level': 40, 'geometry': <POINT (24.311 56.363)>}",{},vessel01
1970-01-01 01:02:00.000000,5643670c-383a-4e8e-b4ac-f154aef220a7,STOP,"{'container level': 39, 'geometry': <POINT (24.311 56.363)>}",{},vessel01
1970-01-01 01:04:00.000000,1df74afc-f1a5-4531-84b7-be7c1b2fb3bf,START,"{'container level': 39, 'geometry': <POINT (24.311 56.363)>}",{},vessel01
1970-01-01 01:08:00.000000,1df74afc-f1a5-4531-84b7-be7c1b2fb3bf,STOP,"{'container level': 38, 'geometry': <POINT (24.311 56.363)>}",{},vessel01
1970-01-01 01:10:00.000000,b483bb0a-0785-4f2e-8991-a636ab56d234,START,"{'container level': 38, 'geometry': <POINT (24.311 56.363)>}",{},vessel01
1970-01-01 01:14:00.000000,b483bb0a-0785-4f2e-8991-a636ab56d234,STOP,"{'container level': 37, 'geometry': <POINT (24.311 56.363)>}",{},vessel01
1970-01-01 01:16:00.000000,69652481-4746-4bc3-90eb-903fdddf544c,START,"{'container level': 37, 'geometry': <POINT (24.311 56.363)>}",{},vessel01
1970-01-01 01:20:00.000000,69652481-4746-4bc3-90eb-903fdddf544c,STOP,"{'container level': 36, 'geometry': <POINT (24.311 56.363)>}",{},vessel01
1970-01-01 01:22:00.000000,90b61f36-2116-435a-9d16-177fa41181c1,START,"{'container level': 36, 'geometry': <POINT (24.311 56.363)>}",{},vessel01
1970-01-01 01:26:00.000000,90b61f36-2116-435a-9d16-177fa41181c1,STOP,"{'container level': 35, 'geometry': <POINT (24.311 56.363)>}",{},vessel01
1970-01-01 01:28:00.000000,128caece-20a3-4068-8d58-30b3a3fab3d8,START,"{'container level': 35, 'geometry': <POINT (24.311 56.363)>}",{},vessel01
1970-01-01 01:32:00.000000,128caece-20a3-4068-8d58-30b3a3fab3d8,STOP,"{'container level': 34, 'geometry': <POINT (24.311 56.363)>}",{},vessel01
1970-01-01 01:34:00.000000,0521c33f-1e0c-426e-87a0-774ce611e6c5,START,"{'container level': 34, 'geometry': <POINT (24.311 56.363)>}",{},vessel01
1970-01-01 01:38:00.000000,0521c33f-1e0c-426e-87a0-774ce611e6c5,STOP,"{'container level': 33, 'geometry': <POINT (24.311 56.363)>}",{},vessel01
1970-01-01 01:40:00.000000,d20634f6-5d23-421c-a9dc-c0c241615cc0,START,"{'container level': 33, 'geometry': <POINT (24.311 56.363)>}",{},vessel01
1970-01-01 01:44:00.000000,d20634f6-5d23-421c-a9dc-c0c241615cc0,STOP,"{'container level': 32, 'geometry': <POINT (24.311 56.363)>}",{},vessel01
1970-01-01 01:46:00.000000,daf25d8e-4504-4959-99a6-cbf360e880e9,START,"{'container level': 32, 'geometry': <POINT (24.311 56.363)>}",{},vessel01
1970-01-01 01:50:00.000000,daf25d8e-4504-4959-99a6-cbf360e880e9,STOP,"{'container level': 31, 'geometry': <POINT (24.311 56.363)>}",{},vessel01
1970-01-01 01:52:00.000000,0b6063cd-6508-4d5b-9cf2-c64657a8628e,START,"{'container level': 31, 'geometry': <POINT (24.311 56.363)>}",{},vessel01
1970-01-01 01:56:00.000000,0b6063cd-6508-4d5b-9cf2-c64657a8628e,STOP,"{'container level': 30, 'geometry': <POINT (24.311 56.363)>}",{},vessel01
1970-01-01 01:58:00.000000,d8dcb535-8af2-4a29-afe2-805629bd1e48,START,"{'container level': 30, 'geometry': <POINT (24.311 56.363)>}",{},vessel01
1970-01-01 02:02:00.000000,d8dcb535-8af2-4a29-afe2-805629bd1e48,STOP,"{'container level': 29, 'geometry': <POINT (24.311 56.363)>}",{},vessel01
1970-01-01 02:04:00.000000,542e9e37-737c-4643-b1bb-199bc730414b,START,"{'container level': 29, 'geometry': <POINT (24.311 56.363)>}",{},vessel01
1970-01-01 02:08:00.000000,542e9e37-737c-4643-b1bb-199bc730414b,STOP,"{'container level': 28, 'geometry': <POINT (24.311 56.363)>}",{},vessel01
1970-01-01 02:10:00.000000,51f9a22e-7ef8-4a68-b64e-76e865bacac2,START,"{'container level': 28, 'geometry': <POINT (24.311 56.363)>}",{},vessel01
1970-01-01 02:14:00.000000,51f9a22e-7ef8-4a68-b64e-76e865bacac2,STOP,"{'container level': 27, 'geometry': <POINT (24.311 56.363)>}",{},vessel01
1970-01-01 02:16:00.000000,60bf4f06-1990-454f-8e19-5c8e3f94740c,START,"{'container level': 27, 'geometry': <POINT (24.311 56.363)>}",{},vessel01
1970-01-01 02:20:00.000000,60bf4f06-1990-454f-8e19-5c8e3f94740c,STOP,"{'container level': 26, 'geometry': <POINT (24.311 56.363)>}",{},vessel01
1970-01-01 02:22:00.000000,8f82d012-f916-41a5-8127-7a2dca1e460d,START,"{'container level': 26, 'geometry': <POINT (24.311 56.363)>}",{},vessel01
1970-01-01 02:26:00.000000,8f82d012-f916-41a5-8127-7a2dca1e460d,STOP,"{'container level': 25, 'geometry': <POINT (24.311 56.363)>}",{},vessel01
1970-01-01 02:28:00.000000,e5b305b3-d02c-427b-bfdf-e066b2f271b5,START,"{'container level': 25, 'geometry': <POINT (24.311 56.363)>}",{},vessel01
1970-01-01 02:32:00.000000,e5b305b3-d02c-427b-bfdf-e066b2f271b5,STOP,"{'container level': 24, 'geometry': <POINT (24.311 56.363)>}",{},vessel01
1970-01-01 02:34:00.000000,ba47c1ee-8a74-4755-a311-88dc52ec5e19,START,"{'container level': 24, 'geometry': <POINT (24.311 56.363)>}",{},vessel01
1970-01-01 02:38:00.000000,ba47c1ee-8a74-4755-a311-88dc52ec5e19,STOP,"{'container level': 23, 'geometry': <POINT (24.311 56.363)>}",{},vessel01
1970-01-01 02:40:00.000000,d96e2558-81dd-418b-93da-adb45a70e922,START,"{'container level': 23, 'geometry': <POINT (24.311 56.363)>}",{},vessel01
1970-01-01 02:44:00.000000,d96e2558-81dd-418b-93da-adb45a70e922,STOP,"{'container level': 22, 'geometry': <POINT (24.311 56.363)>}",{},vessel01
1970-01-01 02:46:00.000000,c296e500-5202-4228-bbd7-df807dcaa2b1,START,"{'container level': 22, 'geometry': <POINT (24.311 56.363)>}",{},vessel01
1970-01-01 02:50:00.000000,c296e500-5202-4228-bbd7-df807dcaa2b1,STOP,"{'container level': 21, 'geometry': <POINT (24.311 56.363)>}",{},vessel01
1970-01-01 02:52:00.000000,2bd19865-ea66-497e-b42b-402e9c0963f5,START,"{'container level': 21, 'geometry': <POINT (24.311 56.363)>}",{},vessel01
1970-01-01 02:56:00.000000,2bd19865-ea66-497e-b42b-402e9c0963f5,STOP,"{'container level': 20, 'geometry': <POINT (24.311 56.363)>}",{},vessel01
1970-01-01 02:58:00.000000,239eb60b-fbc3-4671-a1d5-1a4d2d51a593,START,"{'container level': 20, 'geometry': <POINT (24.311 56.363)>}",{},vessel01
1970-01-01 03:02:00.000000,239eb60b-fbc3-4671-a1d5-1a4d2d51a593,STOP,"{'container level': 19, 'geometry': <POINT (24.311 56.363)>}",{},vessel01
1970-01-01 03:04:00.000000,9f139333-8906-43a8-9799-d67a5c498a2a,START,"{'container level': 19, 'geometry': <POINT (24.311 56.363)>}",{},vessel01
1970-01-01 03:08:00.000000,9f139333-8906-43a8-9799-d67a5c498a2a,STOP,"{'container level': 18, 'geometry': <POINT (24.311 56.363)>}",{},vessel01
1970-01-01 03:10:00.000000,07c0f61d-8b78-4021-ae27-98f01adf4303,START,"{'container level': 18, 'geometry': <POINT (24.311 56.363)>}",{},vessel01
1970-01-01 03:14:00.000000,07c0f61d-8b78-4021-ae27-98f01adf4303,STOP,"{'container level': 17, 'geometry': <POINT (24.311 56.363)>}",{},vessel01
1970-01-01 03:16:00.000000,38629c59-3981-4cd4-9d0d-b47f4614da3a,START,"{'container level': 17, 'geometry': <POINT (24.311 56.363)>}",{},vessel01
1970-01-01 03:20:00.000000,38629c59-3981-4cd4-9d0d-b47f4614da3a,STOP,"{'container level': 16, 'geometry': <POINT (24.311 56.363)>}",{},vessel01
1970-01-01 03:22:00.000000,1745c074-756c-4a77-a67e-bf014d42b001,START,"{'container level': 16, 'geometry': <POINT (24.311 56.363)>}",{},vessel01
1970-01-01 03:26:00.000000,1745c074-756c-4a77-a67e-bf014d42b001,STOP,"{'container level': 15, 'geometry': <POINT (24.311 56.363)>}",{},vessel01
1970-01-01 03:28:00.000000,b4afb6b9-af5b-4e55-9888-86c452c85381,START,"{'container level': 15, 'geometry': <POINT (24.311 56.363)>}",{},vessel01
1970-01-01 03:32:00.000000,b4afb6b9-af5b-4e55-9888-86c452c85381,STOP,"{'container level': 14, 'geometry': <POINT (24.311 56.363)>}",{},vessel01
1970-01-01 03:34:00.000000,e655727a-7e58-4261-a9c5-1659f0f23117,START,"{'container level': 14, 'geometry': <POINT (24.311 56.363)>}",{},vessel01
1970-01-01 03:38:00.000000,e655727a-7e58-4261-a9c5-1659f0f23117,STOP,"{'container level': 13, 'geometry': <POINT (24.311 56.363)>}",{},vessel01
1970-01-01 03:40:00.000000,51ce2323-9814-40fd-ad3f-adf3ee7bb849,START,"{'container level': 13, 'geometry': <POINT (24.311 56.363)>}",{},vessel01
1970-01-01 03:44:00.000000,51ce2323-9814-40fd-ad3f-adf3ee7bb849,STOP,"{'container level': 12, 'geometry': <POINT (24.311 56.363)>}",{},vessel01
1970-01-01 03:46:00.000000,f27d1333-1646-4ea3-a0ca-c64ca2edf856,START,"{'container level': 12, 'geometry': <POINT (24.311 56.363)>}",{},vessel01
1970-01-01 03:50:00.000000,f27d1333-1646-4ea3-a0ca-c64ca2edf856,STOP,"{'container level': 11, 'geometry': <POINT (24.311 56.363)>}",{},vessel01
1970-01-01 03:52:00.000000,1e5367a5-a981-42a9-a13a-05ac219c40bf,START,"{'container level': 11, 'geometry': <POINT (24.311 56.363)>}",{},vessel01
1970-01-01 03:56:00.000000,1e5367a5-a981-42a9-a13a-05ac219c40bf,STOP,"{'container level': 10, 'geometry': <POINT (24.311 56.363)>}",{},vessel01
1970-01-01 03:58:00.000000,4cab2c85-9536-43b8-8c32-ae10e9f8c5bb,START,"{'container level': 10, 'geometry': <POINT (24.311 56.363)>}",{},vessel01
1970-01-01 04:02:00.000000,4cab2c85-9536-43b8-8c32-ae10e9f8c5bb,STOP,"{'container level': 9, 'geometry': <POINT (24.311 56.363)>}",{},vessel01
1970-01-01 04:04:00.000000,fcd4b8df-88c6-4f0a-bcde-fca3cfba43b7,START,"{'container level': 9, 'geometry': <POINT (24.311 56.363)>}",{},vessel01
1970-01-01 04:08:00.000000,fcd4b8df-88c6-4f0a-bcde-fca3cfba43b7,STOP,"{'container level': 8, 'geometry': <POINT (24.311 56.363)>}",{},vessel01
1970-01-01 04:10:00.000000,90088156-df67-41f3-8f37-55624a3c9b56,START,"{'container level': 8, 'geometry': <POINT (24.311 56.363)>}",{},vessel01
1970-01-01 04:14:00.000000,90088156-df67-41f3-8f37-55624a3c9b56,STOP,"{'container level': 7, 'geometry': <POINT (24.311 56.363)>}",{},vessel01
1970-01-01 04:16:00.000000,3ee7c553-3206-492f-a70f-0b0a07ccc68c,START,"{'container level': 7, 'geometry': <POINT (24.311 56.363)>}",{},vessel01
1970-01-01 04:20:00.000000,3ee7c553-3206-492f-a70f-0b0a07ccc68c,STOP,"{'container level': 6, 'geometry': <POINT (24.311 56.363)>}",{},vessel01
1970-01-01 04:22:00.000000,4c8c22dc-24f0-49b0-bbfc-d8d220366935,START,"{'container level': 6, 'geometry': <POINT (24.311 56.363)>}",{},vessel01
1970-01-01 04:26:00.000000,4c8c22dc-24f0-49b0-bbfc-d8d220366935,STOP,"{'container level': 5, 'geometry': <POINT (24.311 56.363)>}",{},vessel01
1970-01-01 04:28:00.000000,a45516c0-c314-458e-83fc-65f60c790e55,START,"{'container level': 5, 'geometry': <POINT (24.311 56.363)>}",{},vessel01
1970-01-01 04:32:00.000000,a45516c0-c314-458e-83fc-65f60c790e55,STOP,"{'container level': 4, 'geometry': <POINT (24.311 56.363)>}",{},vessel01
1970-01-01 04:34:00.000000,095c7c32-d165-4476-9d37-3817438283ac,START,"{'container level': 4, 'geometry': <POINT (24.311 56.363)>}",{},vessel01
1970-01-01 04:38:00.000000,095c7c32-d165-4476-9d37-3817438283ac,STOP,"{'container level': 3, 'geometry': <POINT (24.311 56.363)>}",{},vessel01
1970-01-01 04:40:00.000000,6ca4a294-c129-49b5-adbc-9d64e0ec624c,START,"{'container level': 3, 'geometry': <POINT (24.311 56.363)>}",{},vessel01
1970-01-01 04:44:00.000000,6ca4a294-c129-49b5-adbc-9d64e0ec624c,STOP,"{'container level': 2, 'geometry': <POINT (24.311 56.363)>}",{},vessel01
1970-01-01 04:46:00.000000,585e8dfd-6811-4019-9cb7-34884968100e,START,"{'container level': 2, 'geometry': <POINT (24.311 56.363)>}",{},vessel01
1970-01-01 04:50:00.000000,585e8dfd-6811-4019-9cb7-34884968100e,STOP,"{'container level': 1, 'geometry': <POINT (24.311 56.363)>}",{},vessel01
1970-01-01 04:52:00.000000,9cce78bc-372d-4968-820c-3265de495f58,START,"{'container level': 1, 'geometry': <POINT (24.311 56.363)>}",{},vessel01
1970-01-01 04:56:00.000000,9cce78bc-372d-4968-820c-3265de495f58,STOP,"{'container level': 0, 'geometry': <POINT (24.311 56.363)>}",{},vessel01
1970-01-01 00:00:00.000000,d901f3af-d78b-4eb4-aa24-82d6b86ee2ec,START,"{'container level': 0, 'geometry': <POINT (24.311 56.363)>}",{},Quay Site
1970-01-01 00:04:00.000000,d901f3af-d78b-4eb4-aa24-82d6b86ee2ec,STOP,"{'container level': 1, 'geometry': <POINT (24.311 56.363)>}",{},Quay Site
1970-01-01 00:04:00.000000,68665115-7df6-488c-b68e-01c1f74d7649,START,"{'container level': 1, 'geometry': <POINT (24.311 56.363)>}",{},Quay Site
1970-01-01 00:08:00.000000,68665115-7df6-488c-b68e-01c1f74d7649,STOP,"{'container level': 2, 'geometry': <POINT (24.311 56.363)>}",{},Quay Site
1970-01-01 00:08:00.000000,b84f04b6-6dda-4e2c-b43a-d58b76bd0c0b,START,"{'container level': 2, 'geometry': <POINT (24.311 56.363)>}",{},Quay Site
1970-01-01 00:10:00.000000,b84f04b6-6dda-4e2c-b43a-d58b76bd0c0b,STOP,"{'container level': 1, 'geometry': <POINT (24.311 56.363)>}",{},Quay Site
1970-01-01 00:10:00.000000,76becef5-4718-4ae1-afff-b241936cae23,START,"{'container level': 1, 'geometry': <POINT (24.311 56.363)>}",{},Quay Site
1970-01-01 00:14:00.000000,76becef5-4718-4ae1-afff-b241936cae23,STOP,"{'container level': 2, 'geometry': <POINT (24.311 56.363)>}",{},Quay Site
1970-01-01 00:14:00.000000,ad2cf998-364d-495c-81f1-edbb67f25f85,START,"{'container level': 2, 'geometry': <POINT (24.311 56.363)>}",{},Quay Site
1970-01-01 00:16:00.000000,ad2cf998-364d-495c-81f1-edbb67f25f85,STOP,"{'container level': 1, 'geometry': <POINT (24.311 56.363)>}",{},Quay Site
1970-01-01 00:16:00.000000,87888cae-7870-487c-8f63-aaef7e7126e6,START,"{'container level': 1, 'geometry': <POINT (24.311 56.363)>}",{},Quay Site
1970-01-01 00:20:00.000000,87888cae-7870-487c-8f63-aaef7e7126e6,STOP,"{'container level': 2, 'geometry': <POINT (24.311 56.363)>}",{},Quay Site
1970-01-01 00:20:00.000000,b49d4980-6d7f-4069-ba3f-473392b16ca9,START,"{'container level': 2, 'geometry': <POINT (24.311 56.363)>}",{},Quay Site
1970-01-01 00:22:00.000000,b49d4980-6d7f-4069-ba3f-473392b16ca9,STOP,"{'container level': 1, 'geometry': <POINT (24.311 56.363)>}",{},Quay Site
1970-01-01 00:22:00.000000,bdfc78c2-f4ff-4768-9a22-be1a94f1bb2d,START,"{'container level': 1, 'geometry': <POINT (24.311 56.363)>}",{},Quay Site
1970-01-01 00:26:00.000000,bdfc78c2-f4ff-4768-9a22-be1a94f1bb2d,STOP,"{'container level': 2, 'geometry': <POINT (24.311 56.363)>}",{},Quay Site
1970-01-01 00:26:00.000000,aff75c6e-e45b-45f4-862d-6d0902caaf4d,START,"{'container level': 2, 'geometry': <POINT (24.311 56.363)>}",{},Quay Site
1970-01-01 00:28:00.000000,aff75c6e-e45b-45f4-862d-6d0902caaf4d,STOP,"{'container level': 1, 'geometry': <POINT (24.311 56.363)>}",{},Quay Site
1970-01-01 00:28:00.000000,a1f661d5-cf94-4f81-9560-01ad6dc5b1b1,START,"{'container level': 1, 'geometry': <POINT (24.311 56.363)>}",{},Quay Site
1970-01-01 00:32:00.000000,a1f661d5-cf94-4f81-9560-01ad6dc5b1b1,STOP,"{'container level': 2, 'geometry': <POINT (24.311 56.363)>}",{},Quay Site
1970-01-01 00:32:00.000000,7d5e7e43-3106-483d-8f65-450286445c6f,START,"{'container level': 2, 'geometry': <POINT (24.311 56.363)>}",{},Quay Site
1970-01-01 00:34:00.000000,7d5e7e43-3106-483d-8f65-450286445c6f,STOP,"{'container level': 1, 'geometry': <POINT (24.311 56.363)>}",{},Quay Site
1970-01-01 00:34:00.000000,45ceda1f-48b8-4c27-acec-d7c4946256bd,START,"{'container level': 1, 'geometry': <POINT (24.311 56.363)>}",{},Quay Site
1970-01-01 00:38:00.000000,45ceda1f-48b8-4c27-acec-d7c4946256bd,STOP,"{'container level': 2, 'geometry': <POINT (24.311 56.363)>}",{},Quay Site
1970-01-01 00:38:00.000000,3becb173-67ef-4b46-9fd1-6be37f05a489,START,"{'container level': 2, 'geometry': <POINT (24.311 56.363)>}",{},Quay Site
1970-01-01 00:40:00.000000,3becb173-67ef-4b46-9fd1-6be37f05a489,STOP,"{'container level': 1, 'geometry': <POINT (24.311 56.363)>}",{},Quay Site
1970-01-01 00:40:00.000000,10376722-cd24-4646-974a-0820295ad5c3,START,"{'container level': 1, 'geometry': <POINT (24.311 56.363)>}",{},Quay Site
1970-01-01 00:44:00.000000,10376722-cd24-4646-974a-0820295ad5c3,STOP,"{'container level': 2, 'geometry': <POINT (24.311 56.363)>}",{},Quay Site
1970-01-01 00:44:00.000000,7302dd9f-d597-4c99-a54b-a642ccead1dc,START,"{'container level': 2, 'geometry': <POINT (24.311 56.363)>}",{},Quay Site
1970-01-01 00:46:00.000000,7302dd9f-d597-4c99-a54b-a642ccead1dc,STOP,"{'container level': 1, 'geometry': <POINT (24.311 56.363)>}",{},Quay Site
1970-01-01 00:46:00.000000,0e9e70b4-6493-4fad-bbd3-01e356a13005,START,"{'container level': 1, 'geometry': <POINT (24.311 56.363)>}",{},Quay Site
1970-01-01 00:50:00.000000,0e9e70b4-6493-4fad-bbd3-01e356a13005,STOP,"{'container level': 2, 'geometry': <POINT (24.311 56.363)>}",{},Quay Site
1970-01-01 00:50:00.000000,2bb9cf2f-a5e9-4b84-ad9b-f9d22057dc4b,START,"{'container level': 2, 'geometry': <POINT (24.311 56.363)>}",{},Quay Site
1970-01-01 00:52:00.000000,2bb9cf2f-a5e9-4b84-ad9b-f9d22057dc4b,STOP,"{'container level': 1, 'geometry': <POINT (24.311 56.363)>}",{},Quay Site
1970-01-01 00:52:00.000000,050515d8-15ad-4461-9860-e40caaf80562,START,"{'container level': 1, 'geometry': <POINT (24.311 56.363)>}",{},Quay Site
1970-01-01 00:56:00.000000,050515d8-15ad-4461-9860-e40caaf80562,STOP,"{'container level': 2, 'geometry': <POINT (24.311 56.363)>}",{},Quay Site
1970-01-01 00:56:00.000000,31d49bd8-e940-4233-997d-4b262a6f7cf6,START,"{'container level': 2, 'geometry': <POINT (24.311 56.363)>}",{},Quay Site
1970-01-01 00:58:00.000000,31d49bd8-e940-4233-997d-4b262a6f7cf6,STOP,"{'container level': 1, 'geometry': <POINT (24.311 56.363)>}",{},Quay Site
1970-01-01 00:58:00.000000,5643670c-383a-4e8e-b4ac-f154aef220a7,START,"{'container level': 1, 'geometry': <POINT (24.311 56.363)>}",{},Quay Site
1970-01-01 01:02:00.000000,5643670c-383a-4e8e-b4ac-f154aef220a7,STOP,"{'container level': 2, 'geometry': <POINT (24.311 56.363)>}",{},Quay Site
1970-01-01 01:02:00.000000,93b23272-01f5-4491-96e8-dc80926eef75,START,"{'container level': 2, 'geometry': <POINT (24.311 56.363)>}",{},Quay Site
1970-01-01 01:04:00.000000,93b23272-01f5-4491-96e8-dc80926eef75,STOP,"{'container level': 1, 'geometry': <POINT (24.311 56.363)>}",{},Quay Site
1970-01-01 01:04:00.000000,1df74afc-f1a5-4531-84b7-be7c1b2fb3bf,START,"{'container level': 1, 'geometry': <POINT (24.311 56.363)>}",{},Quay Site
1970-01-01 01:08:00.000000,1df74afc-f1a5-4531-84b7-be7c1b2fb3bf,STOP,"{'container level': 2, 'geometry': <POINT (24.311 56.363)>}",{},Quay Site
1970-01-01 01:08:00.000000,a47b05cc-4cde-4cac-b33b-8793007a1a61,START,"{'container level': 2, 'geometry': <POINT (24.311 56.363)>}",{},Quay Site
1970-01-01 01:10:00.000000,a47b05cc-4cde-4cac-b33b-8793007a1a61,STOP,"{'container level': 1, 'geometry': <POINT (24.311 56.363)>}",{},Quay Site
1970-01-01 01:10:00.000000,b483bb0a-0785-4f2e-8991-a636ab56d234,START,"{'container level': 1, 'geometry': <POINT (24.311 56.363)>}",{},Quay Site
1970-01-01 01:14:00.000000,b483bb0a-0785-4f2e-8991-a636ab56d234,STOP,"{'container level': 2, 'geometry': <POINT (24.311 56.363)>}",{},Quay Site
1970-01-01 01:14:00.000000,c1d4ff5b-f484-44c5-a2d4-aff3b4a7add7,START,"{'container level': 2, 'geometry': <POINT (24.311 56.363)>}",{},Quay Site
1970-01-01 01:16:00.000000,c1d4ff5b-f484-44c5-a2d4-aff3b4a7add7,STOP,"{'container level': 1, 'geometry': <POINT (24.311 56.363)>}",{},Quay Site
1970-01-01 01:16:00.000000,69652481-4746-4bc3-90eb-903fdddf544c,START,"{'container level': 1, 'geometry': <POINT (24.311 56.363)>}",{},Quay Site
1970-01-01 01:20:00.000000,69652481-4746-4bc3-90eb-903fdddf544c,STOP,"{'container level': 2, 'geometry': <POINT (24.311 56.363)>}",{},Quay Site
1970-01-01 01:20:00.000000,201c23ca-def0-40af-9570-3fc176f51a08,START,"{'container level': 2, 'geometry': <POINT (24.311 56.363)>}",{},Quay Site
1970-01-01 01:22:00.000000,201c23ca-def0-40af-9570-3fc176f51a08,STOP,"{'container level': 1, 'geometry': <POINT (24.311 56.363)>}",{},Quay Site
1970-01-01 01:22:00.000000,90b61f36-2116-435a-9d16-177fa41181c1,START,"{'container level': 1, 'geometry': <POINT (24.311 56.363)>}",{},Quay Site
1970-01-01 01:26:00.000000,90b61f36-2116-435a-9d16-177fa41181c1,STOP,"{'container level': 2, 'geometry': <POINT (24.311 56.363)>}",{},Quay Site
1970-01-01 01:26:00.000000,43a28e1e-4e50-4142-8a4b-ea6fff178a3c,START,"{'container level': 2, 'geometry': <POINT (24.311 56.363)>}",{},Quay Site
1970-01-01 01:28:00.000000,43a28e1e-4e50-4142-8a4b-ea6fff178a3c,STOP,"{'container level': 1, 'geometry': <POINT (24.311 56.363)>}",{},Quay Site
1970-01-01 01:28:00.000000,128caece-20a3-4068-8d58-30b3a3fab3d8,START,"{'container level': 1, 'geometry': <POINT (24.311 56.363)>}",{},Quay Site
1970-01-01 01:32:00.000000,128caece-20a3-4068-8d58-30b3a3fab3d8,STOP,"{'container level': 2, 'geometry': <POINT (24.311 56.363)>}",{},Quay Site
1970-01-01 01:32:00.000000,4aff4578-c953-4ab5-9f43-cbbaba405197,START,"{'container level': 2, 'geometry': <POINT (24.311 56.363)>}",{},Quay Site
1970-01-01 01:34:00.000000,4aff4578-c953-4ab5-9f43-cbbaba405197,STOP,"{'container level': 1, 'geometry': <POINT (24.311 56.363)>}",{},Quay Site
1970-01-01 01:34:00.000000,0521c33f-1e0c-426e-87a0-774ce611e6c5,START,"{'container level': 1, 'geometry': <POINT (24.311 56.363)>}",{},Quay Site
1970-01-01 01:38:00.000000,0521c33f-1e0c-426e-87a0-774ce611e6c5,STOP,"{'container level': 2, 'geometry': <POINT (24.311 56.363)>}",{},Quay Site
1970-01-01 01:38:00.000000,38663930-8fb6-4597-b384-4e1ccf4adc46,START,"{'container level': 2, 'geometry': <POINT (24.311 56.363)>}",{},Quay Site
1970-01-01 01:40:00.000000,38663930-8fb6-4597-b384-4e1ccf4adc46,STOP,"{'container level': 1, 'geometry': <POINT (24.311 56.363)>}",{},Quay Site
1970-01-01 01:40:00.000000,d20634f6-5d23-421c-a9dc-c0c241615cc0,START,"{'container level': 1, 'geometry': <POINT (24.311 56.363)>}",{},Quay Site
1970-01-01 01:44:00.000000,d20634f6-5d23-421c-a9dc-c0c241615cc0,STOP,"{'container level': 2, 'geometry': <POINT (24.311 56.363)>}",{},Quay Site
1970-01-01 01:44:00.000000,bbfbe5d4-61ab-4463-83fb-620698d61e75,START,"{'container level': 2, 'geometry': <POINT (24.311 56.363)>}",{},Quay Site
1970-01-01 01:46:00.000000,bbfbe5d4-61ab-4463-83fb-620698d61e75,STOP,"{'container level': 1, 'geometry': <POINT (24.311 56.363)>}",{},Quay Site
1970-01-01 01:46:00.000000,daf25d8e-4504-4959-99a6-cbf360e880e9,START,"{'container level': 1, 'geometry': <POINT (24.311 56.363)>}",{},Quay Site
1970-01-01 01:50:00.000000,daf25d8e-4504-4959-99a6-cbf360e880e9,STOP,"{'container level': 2, 'geometry': <POINT (24.311 56.363)>}",{},Quay Site
1970-01-01 01:50:00.000000,b739bf96-7831-43e7-9ab0-79e546872e07,START,"{'container level': 2, 'geometry': <POINT (24.311 56.363)>}",{},Quay Site
1970-01-01 01:52:00.000000,b739bf96-7831-43e7-9ab0-79e546872e07,STOP,"{'container level': 1, 'geometry': <POINT (24.311 56.363)>}",{},Quay Site
1970-01-01 01:52:00.000000,0b6063cd-6508-4d5b-9cf2-c64657a8628e,START,"{'container level': 1, 'geometry': <POINT (24.311 56.363)>}",{},Quay Site
1970-01-01 01:56:00.000000,0b6063cd-6508-4d5b-9cf2-c64657a8628e,STOP,"{'container level': 2, 'geometry': <POINT (24.311 56.363)>}",{},Quay Site
1970-01-01 01:56:00.000000,33f44b14-66d9-4c76-b88a-820082cd56b5,START,"{'container level': 2, 'geometry': <POINT (24.311 56.363)>}",{},Quay Site
1970-01-01 01:58:00.000000,33f44b14-66d9-4c76-b88a-820082cd56b5,STOP,"{'container level': 1, 'geometry': <POINT (24.311 56.363)>}",{},Quay Site
1970-01-01 01:58:00.000000,d8dcb535-8af2-4a29-afe2-805629bd1e48,START,"{'container level': 1, 'geometry': <POINT (24.311 56.363)>}",{},Quay Site
1970-01-01 02:02:00.000000,d8dcb535-8af2-4a29-afe2-805629bd1e48,STOP,"{'container level': 2, 'geometry': <POINT (24.311 56.363)>}",{},Quay Site
1970-01-01 02:02:00.000000,a8e58cb0-3173-42f8-8958-931e129cae89,START,"{'container level': 2, 'geometry': <POINT (24.311 56.363)>}",{},Quay Site
1970-01-01 02:04:00.000000,a8e58cb0-3173-42f8-8958-931e129cae89,STOP,"{'container level': 1, 'geometry': <POINT (24.311 56.363)>}",{},Quay Site
1970-01-01 02:04:00.000000,542e9e37-737c-4643-b1bb-199bc730414b,START,"{'container level': 1, 'geometry': <POINT (24.311 56.363)>}",{},Quay Site
1970-01-01 02:08:00.000000,542e9e37-737c-4643-b1bb-199bc730414b,STOP,"{'container level': 2, 'geometry': <POINT (24.311 56.363)>}",{},Quay Site
1970-01-01 02:08:00.000000,9f227f08-bd40-4656-bdf8-932946f70e6c,START,"{'container level': 2, 'geometry': <POINT (24.311 56.363)>}",{},Quay Site
1970-01-01 02:10:00.000000,9f227f08-bd40-4656-bdf8-932946f70e6c,STOP,"{'container level': 1, 'geometry': <POINT (24.311 56.363)>}",{},Quay Site
1970-01-01 02:10:00.000000,51f9a22e-7ef8-4a68-b64e-76e865bacac2,START,"{'container level': 1, 'geometry': <POINT (24.311 56.363)>}",{},Quay Site
1970-01-01 02:14:00.000000,51f9a22e-7ef8-4a68-b64e-76e865bacac2,STOP,"{'container level': 2, 'geometry': <POINT (24.311 56.363)>}",{},Quay Site
1970-01-01 02:14:00.000000,ac711c40-d0cc-48c4-96cf-e9e4a675aef4,START,"{'container level': 2, 'geometry': <POINT (24.311 56.363)>}",{},Quay Site
1970-01-01 02:16:00.000000,ac711c40-d0cc-48c4-96cf-e9e4a675aef4,STOP,"{'container level': 1, 'geometry': <POINT (24.311 56.363)>}",{},Quay Site
1970-01-01 02:16:00.000000,60bf4f06-1990-454f-8e19-5c8e3f94740c,START,"{'container level': 1, 'geometry': <POINT (24.311 56.363)>}",{},Quay Site
1970-01-01 02:20:00.000000,60bf4f06-1990-454f-8e19-5c8e3f94740c,STOP,"{'container level': 2, 'geometry': <POINT (24.311 56.363)>}",{},Quay Site
1970-01-01 02:20:00.000000,1698da2e-f0c5-40a7-8ed1-beec0cfe7569,START,"{'container level': 2, 'geometry': <POINT (24.311 56.363)>}",{},Quay Site
1970-01-01 02:22:00.000000,1698da2e-f0c5-40a7-8ed1-beec0cfe7569,STOP,"{'container level': 1, 'geometry': <POINT (24.311 56.363)>}",{},Quay Site
1970-01-01 02:22:00.000000,8f82d012-f916-41a5-8127-7a2dca1e460d,START,"{'container level': 1, 'geometry': <POINT (24.311 56.363)>}",{},Quay Site
1970-01-01 02:26:00.000000,8f82d012-f916-41a5-8127-7a2dca1e460d,STOP,"{'container level': 2, 'geometry': <POINT (24.311 56.363)>}",{},Quay Site
1970-01-01 02:26:00.000000,45ab9db7-2ce8-4023-8d1f-e4695af4f182,START,"{'container level': 2, 'geometry': <POINT (24.311 56.363)>}",{},Quay Site
1970-01-01 02:28:00.000000,45ab9db7-2ce8-4023-8d1f-e4695af4f182,STOP,"{'container level': 1, 'geometry': <POINT (24.311 56.363)>}",{},Quay Site
1970-01-01 02:28:00.000000,e5b305b3-d02c-427b-bfdf-e066b2f271b5,START,"{'container level': 1, 'geometry': <POINT (24.311 56.363)>}",{},Quay Site
1970-01-01 02:32:00.000000,e5b305b3-d02c-427b-bfdf-e066b2f271b5,STOP,"{'container level': 2, 'geometry': <POINT (24.311 56.363)>}",{},Quay Site
1970-01-01 02:32:00.000000,5e035f66-c1c8-4462-a41a-bc53c5ac4dd3,START,"{'container level': 2, 'geometry': <POINT (24.311 56.363)>}",{},Quay Site
1970-01-01 02:34:00.000000,5e035f66-c1c8-4462-a41a-bc53c5ac4dd3,STOP,"{'container level': 1, 'geometry': <POINT (24.311 56.363)>}",{},Quay Site
1970-01-01 02:34:00.000000,ba47c1ee-8a74-4755-a311-88dc52ec5e19,START,"{'container level': 1, 'geometry': <POINT (24.311 56.363)>}",{},Quay Site
1970-01-01 02:38:00.000000,ba47c1ee-8a74-4755-a311-88dc52ec5e19,STOP,"{'container level': 2, 'geometry': <POINT (24.311 56.363)>}",{},Quay Site
1970-01-01 02:38:00.000000,87748097-3059-49f0-bfa7-7a4d99e6595e,START,"{'container level': 2, 'geometry': <POINT (24.311 56.363)>}",{},Quay Site
1970-01-01 02:40:00.000000,87748097-3059-49f0-bfa7-7a4d99e6595e,STOP,"{'container level': 1, 'geometry': <POINT (24.311 56.363)>}",{},Quay Site
1970-01-01 02:40:00.000000,d96e2558-81dd-418b-93da-adb45a70e922,START,"{'container level': 1, 'geometry': <POINT (24.311 56.363)>}",{},Quay Site
1970-01-01 02:44:00.000000,d96e2558-81dd-418b-93da-adb45a70e922,STOP,"{'container level': 2, 'geometry': <POINT (24.311 56.363)>}",{},Quay Site
1970-01-01 02:44:00.000000,1931bcd5-c54d-403a-a00b-fc981798f51e,START,"{'container level': 2, 'geometry': <POINT (24.311 56.363)>}",{},Quay Site
1970-01-01 02:46:00.000000,1931bcd5-c54d-403a-a00b-fc981798f51e,STOP,"{'container level': 1, 'geometry': <POINT (24.311 56.363)>}",{},Quay Site
1970-01-01 02:46:00.000000,c296e500-5202-4228-bbd7-df807dcaa2b1,START,"{'container level': 1, 'geometry': <POINT (24.311 56.363)>}",{},Quay Site
1970-01-01 02:50:00.000000,c296e500-5202-4228-bbd7-df807dcaa2b1,STOP,"{'container level': 2, 'geometry': <POINT (24.311 56.363)>}",{},Quay Site
1970-01-01 02:50:00.000000,d07e9cef-e814-4c98-a7a1-18dd07ae5454,START,"{'container level': 2, 'geometry': <POINT (24.311 56.363)>}",{},Quay Site
1970-01-01 02:52:00.000000,d07e9cef-e814-4c98-a7a1-18dd07ae5454,STOP,"{'container level': 1, 'geometry': <POINT (24.311 56.363)>}",{},Quay Site
1970-01-01 02:52:00.000000,2bd19865-ea66-497e-b42b-402e9c0963f5,START,"{'container level': 1, 'geometry': <POINT (24.311 56.363)>}",{},Quay Site
1970-01-01 02:56:00.000000,2bd19865-ea66-497e-b42b-402e9c0963f5,STOP,"{'container level': 2, 'geometry': <POINT (24.311 56.363)>}",{},Quay Site
1970-01-01 02:56:00.000000,f37f87f2-57b2-480a-ae1a-67ccefdbd329,START,"{'container level': 2, 'geometry': <POINT (24.311 56.363)>}",{},Quay Site
1970-01-01 02:58:00.000000,f37f87f2-57b2-480a-ae1a-67ccefdbd329,STOP,"{'container level': 1, 'geometry': <POINT (24.311 56.363)>}",{},Quay Site
1970-01-01 02:58:00.000000,239eb60b-fbc3-4671-a1d5-1a4d2d51a593,START,"{'container level': 1, 'geometry': <POINT (24.311 56.363)>}",{},Quay Site
1970-01-01 03:02:00.000000,239eb60b-fbc3-4671-a1d5-1a4d2d51a593,STOP,"{'container level': 2, 'geometry': <POINT (24.311 56.363)>}",{},Quay Site
1970-01-01 03:02:00.000000,cde0974a-9261-4553-bf0e-8e9d5096ea92,START,"{'container level': 2, 'geometry': <POINT (24.311 56.363)>}",{},Quay Site
1970-01-01 03:04:00.000000,cde0974a-9261-4553-bf0e-8e9d5096ea92,STOP,"{'container level': 1, 'geometry': <POINT (24.311 56.363)>}",{},Quay Site
1970-01-01 03:04:00.000000,9f139333-8906-43a8-9799-d67a5c498a2a,START,"{'container level': 1, 'geometry': <POINT (24.311 56.363)>}",{},Quay Site
1970-01-01 03:08:00.000000,9f139333-8906-43a8-9799-d67a5c498a2a,STOP,"{'container level': 2, 'geometry': <POINT (24.311 56.363)>}",{},Quay Site
1970-01-01 03:08:00.000000,bbd0286e-1dac-43be-9685-28b7097a4e73,START,"{'container level': 2, 'geometry': <POINT (24.311 56.363)>}",{},Quay Site
1970-01-01 03:10:00.000000,bbd0286e-1dac-43be-9685-28b7097a4e73,STOP,"{'container level': 1, 'geometry': <POINT (24.311 56.363)>}",{},Quay Site
1970-01-01 03:10:00.000000,07c0f61d-8b78-4021-ae27-98f01adf4303,START,"{'container level': 1, 'geometry': <POINT (24.311 56.363)>}",{},Quay Site
1970-01-01 03:14:00.000000,07c0f61d-8b78-4021-ae27-98f01adf4303,STOP,"{'container level': 2, 'geometry': <POINT (24.311 56.363)>}",{},Quay Site
1970-01-01 03:14:00.000000,1c12b1f6-c515-4661-9d3a-5155a28ae295,START,"{'container level': 2, 'geometry': <POINT (24.311 56.363)>}",{},Quay Site
1970-01-01 03:16:00.000000,1c12b1f6-c515-4661-9d3a-5155a28ae295,STOP,"{'container level': 1, 'geometry': <POINT (24.311 56.363)>}",{},Quay Site
1970-01-01 03:16:00.000000,38629c59-3981-4cd4-9d0d-b47f4614da3a,START,"{'container level': 1, 'geometry': <POINT (24.311 56.363)>}",{},Quay Site
1970-01-01 03:20:00.000000,38629c59-3981-4cd4-9d0d-b47f4614da3a,STOP,"{'container level': 2, 'geometry': <POINT (24.311 56.363)>}",{},Quay Site
1970-01-01 03:20:00.000000,8578c43f-0b1f-4096-bb4c-369129a4e6b2,START,"{'container level': 2, 'geometry': <POINT (24.311 56.363)>}",{},Quay Site
1970-01-01 03:22:00.000000,8578c43f-0b1f-4096-bb4c-369129a4e6b2,STOP,"{'container level': 1, 'geometry': <POINT (24.311 56.363)>}",{},Quay Site
1970-01-01 03:22:00.000000,1745c074-756c-4a77-a67e-bf014d42b001,START,"{'container level': 1, 'geometry': <POINT (24.311 56.363)>}",{},Quay Site
1970-01-01 03:26:00.000000,1745c074-756c-4a77-a67e-bf014d42b001,STOP,"{'container level': 2, 'geometry': <POINT (24.311 56.363)>}",{},Quay Site
1970-01-01 03:26:00.000000,87507242-a915-4846-a5ac-e8d198adbf07,START,"{'container level': 2, 'geometry': <POINT (24.311 56.363)>}",{},Quay Site
1970-01-01 03:28:00.000000,87507242-a915-4846-a5ac-e8d198adbf07,STOP,"{'container level': 1, 'geometry': <POINT (24.311 56.363)>}",{},Quay Site
1970-01-01 03:28:00.000000,b4afb6b9-af5b-4e55-9888-86c452c85381,START,"{'container level': 1, 'geometry': <POINT (24.311 56.363)>}",{},Quay Site
1970-01-01 03:32:00.000000,b4afb6b9-af5b-4e55-9888-86c452c85381,STOP,"{'container level': 2, 'geometry': <POINT (24.311 56.363)>}",{},Quay Site
1970-01-01 03:32:00.000000,c0fc7da5-370c-404d-b957-2241af08837a,START,"{'container level': 2, 'geometry': <POINT (24.311 56.363)>}",{},Quay Site
1970-01-01 03:34:00.000000,c0fc7da5-370c-404d-b957-2241af08837a,STOP,"{'container level': 1, 'geometry': <POINT (24.311 56.363)>}",{},Quay Site
1970-01-01 03:34:00.000000,e655727a-7e58-4261-a9c5-1659f0f23117,START,"{'container level': 1, 'geometry': <POINT (24.311 56.363)>}",{},Quay Site
1970-01-01 03:38:00.000000,e655727a-7e58-4261-a9c5-1659f0f23117,STOP,"{'container level': 2, 'geometry': <POINT (24.311 56.363)>}",{},Quay Site
1970-01-01 03:38:00.000000,ceac396c-15cb-480a-ad89-bfbf4621212c,START,"{'container level': 2, 'geometry': <POINT (24.311 56.363)>}",{},Quay Site
1970-01-01 03:40:00.000000,ceac396c-15cb-480a-ad89-bfbf4621212c,STOP,"{'container level': 1, 'geometry': <POINT (24.311 56.363)>}",{},Quay Site
1970-01-01 03:40:00.000000,51ce2323-9814-40fd-ad3f-adf3ee7bb849,START,"{'container level': 1, 'geometry': <POINT (24.311 56.363)>}",{},Quay Site
1970-01-01 03:44:00.000000,51ce2323-9814-40fd-ad3f-adf3ee7bb849,STOP,"{'container level': 2, 'geometry': <POINT (24.311 56.363)>}",{},Quay Site
1970-01-01 03:44:00.000000,d4492a58-4378-4a1a-8fa9-57250b9db3f7,START,"{'container level': 2, 'geometry': <POINT (24.311 56.363)>}",{},Quay Site
1970-01-01 03:46:00.000000,d4492a58-4378-4a1a-8fa9-57250b9db3f7,STOP,"{'container level': 1, 'geometry': <POINT (24.311 56.363)>}",{},Quay Site
1970-01-01 03:46:00.000000,f27d1333-1646-4ea3-a0ca-c64ca2edf856,START,"{'container level': 1, 'geometry': <POINT (24.311 56.363)>}",{},Quay Site
1970-01-01 03:50:00.000000,f27d1333-1646-4ea3-a0ca-c64ca2edf856,STOP,"{'container level': 2, 'geometry': <POINT (24.311 56.363)>}",{},Quay Site
1970-01-01 03:50:00.000000,98e7cd1a-9582-4119-a41b-42d59adea5fe,START,"{'container level': 2, 'geometry': <POINT (24.311 56.363)>}",{},Quay Site
1970-01-01 03:52:00.000000,98e7cd1a-9582-4119-a41b-42d59adea5fe,STOP,"{'container level': 1, 'geometry': <POINT (24.311 56.363)>}",{},Quay Site
1970-01-01 03:52:00.000000,1e5367a5-a981-42a9-a13a-05ac219c40bf,START,"{'container level': 1, 'geometry': <POINT (24.311 56.363)>}",{},Quay Site
1970-01-01 03:56:00.000000,1e5367a5-a981-42a9-a13a-05ac219c40bf,STOP,"{'container level': 2, 'geometry': <POINT (24.311 56.363)>}",{},Quay Site
1970-01-01 03:56:00.000000,670c84bb-23eb-480e-a87e-9d6bb752ce9e,START,"{'container level': 2, 'geometry': <POINT (24.311 56.363)>}",{},Quay Site
1970-01-01 03:58:00.000000,670c84bb-23eb-480e-a87e-9d6bb752ce9e,STOP,"{'container level': 1, 'geometry': <POINT (24.311 56.363)>}",{},Quay Site
1970-01-01 03:58:00.000000,4cab2c85-9536-43b8-8c32-ae10e9f8c5bb,START,"{'container level': 1, 'geometry': <POINT (24.311 56.363)>}",{},Quay Site
1970-01-01 04:02:00.000000,4cab2c85-9536-43b8-8c32-ae10e9f8c5bb,STOP,"{'container level': 2, 'geometry': <POINT (24.311 56.363)>}",{},Quay Site
1970-01-01 04:02:00.000000,2b8a2296-764b-4da4-80a2-170f1e772414,START,"{'container level': 2, 'geometry': <POINT (24.311 56.363)>}",{},Quay Site
1970-01-01 04:04:00.000000,2b8a2296-764b-4da4-80a2-170f1e772414,STOP,"{'container level': 1, 'geometry': <POINT (24.311 56.363)>}",{},Quay Site
1970-01-01 04:04:00.000000,fcd4b8df-88c6-4f0a-bcde-fca3cfba43b7,START,"{'container level': 1, 'geometry': <POINT (24.311 56.363)>}",{},Quay Site
1970-01-01 04:08:00.000000,fcd4b8df-88c6-4f0a-bcde-fca3cfba43b7,STOP,"{'container level': 2, 'geometry': <POINT (24.311 56.363)>}",{},Quay Site
1970-01-01 04:08:00.000000,b6012cdb-941b-4651-af4d-ee652ea11672,START,"{'container level': 2, 'geometry': <POINT (24.311 56.363)>}",{},Quay Site
1970-01-01 04:10:00.000000,b6012cdb-941b-4651-af4d-ee652ea11672,STOP,"{'container level': 1, 'geometry': <POINT (24.311 56.363)>}",{},Quay Site
1970-01-01 04:10:00.000000,90088156-df67-41f3-8f37-55624a3c9b56,START,"{'container level': 1, 'geometry': <POINT (24.311 56.363)>}",{},Quay Site
1970-01-01 04:14:00.000000,90088156-df67-41f3-8f37-55624a3c9b56,STOP,"{'container level': 2, 'geometry': <POINT (24.311 56.363)>}",{},Quay Site
1970-01-01 04:14:00.000000,4ac97694-7cc3-491b-8f5b-81fa8e469cbb,START,"{'container level': 2, 'geometry': <POINT (24.311 56.363)>}",{},Quay Site
1970-01-01 04:16:00.000000,4ac97694-7cc3-491b-8f5b-81fa8e469cbb,STOP,"{'container level': 1, 'geometry': <POINT (24.311 56.363)>}",{},Quay Site
1970-01-01 04:16:00.000000,3ee7c553-3206-492f-a70f-0b0a07ccc68c,START,"{'container level': 1, 'geometry': <POINT (24.311 56.363)>}",{},Quay Site
1970-01-01 04:20:00.000000,3ee7c553-3206-492f-a70f-0b0a07ccc68c,STOP,"{'container level': 2, 'geometry': <POINT (24.311 56.363)>}",{},Quay Site
1970-01-01 04:20:00.000000,f48fd093-1ad4-4205-9983-184805f05b47,START,"{'container level': 2, 'geometry': <POINT (24.311 56.363)>}",{},Quay Site
1970-01-01 04:22:00.000000,f48fd093-1ad4-4205-9983-184805f05b47,STOP,"{'container level': 1, 'geometry': <POINT (24.311 56.363)>}",{},Quay Site
1970-01-01 04:22:00.000000,4c8c22dc-24f0-49b0-bbfc-d8d220366935,START,"{'container level': 1, 'geometry': <POINT (24.311 56.363)>}",{},Quay Site
1970-01-01 04:26:00.000000,4c8c22dc-24f0-49b0-bbfc-d8d220366935,STOP,"{'container level': 2, 'geometry': <POINT (24.311 56.363)>}",{},Quay Site
1970-01-01 04:26:00.000000,a224fb1f-5c7c-4feb-98a9-8d2a60b8c7c1,START,"{'container level': 2, 'geometry': <POINT (24.311 56.363)>}",{},Quay Site
1970-01-01 04:28:00.000000,a224fb1f-5c7c-4feb-98a9-8d2a60b8c7c1,STOP,"{'container level': 1, 'geometry': <POINT (24.311 56.363)>}",{},Quay Site
1970-01-01 04:28:00.000000,a45516c0-c314-458e-83fc-65f60c790e55,START,"{'container level': 1, 'geometry': <POINT (24.311 56.363)>}",{},Quay Site
1970-01-01 04:32:00.000000,a45516c0-c314-458e-83fc-65f60c790e55,STOP,"{'container level': 2, 'geometry': <POINT (24.311 56.363)>}",{},Quay Site
1970-01-01 04:32:00.000000,b174fcda-dcda-4a05-8d95-6a5821ad9a76,START,"{'container level': 2, 'geometry': <POINT (24.311 56.363)>}",{},Quay Site
1970-01-01 04:34:00.000000,b174fcda-dcda-4a05-8d95-6a5821ad9a76,STOP,"{'container level': 1, 'geometry': <POINT (24.311 56.363)>}",{},Quay Site
1970-01-01 04:34:00.000000,095c7c32-d165-4476-9d37-3817438283ac,START,"{'container level': 1, 'geometry': <POINT (24.311 56.363)>}",{},Quay Site
1970-01-01 04:38:00.000000,095c7c32-d165-4476-9d37-3817438283ac,STOP,"{'container level': 2, 'geometry': <POINT (24.311 56.363)>}",{},Quay Site
1970-01-01 04:38:00.000000,aed1f9e9-6f66-4386-9c6d-60b9804027ee,START,"{'container level': 2, 'geometry': <POINT (24.311 56.363)>}",{},Quay Site
1970-01-01 04:40:00.000000,aed1f9e9-6f66-4386-9c6d-60b9804027ee,STOP,"{'container level': 1, 'geometry': <POINT (24.311 56.363)>}",{},Quay Site
1970-01-01 04:40:00.000000,6ca4a294-c129-49b5-adbc-9d64e0ec624c,START,"{'container level': 1, 'geometry': <POINT (24.311 56.363)>}",{},Quay Site
1970-01-01 04:44:00.000000,6ca4a294-c129-49b5-adbc-9d64e0ec624c,STOP,"{'container level': 2, 'geometry': <POINT (24.311 56.363)>}",{},Quay Site
1970-01-01 04:44:00.000000,278fec47-4421-41f6-8d4a-3ceb76bd8a80,START,"{'container level': 2, 'geometry': <POINT (24.311 56.363)>}",{},Quay Site
1970-01-01 04:46:00.000000,278fec47-4421-41f6-8d4a-3ceb76bd8a80,STOP,"{'container level': 1, 'geometry': <POINT (24.311 56.363)>}",{},Quay Site
1970-01-01 04:46:00.000000,585e8dfd-6811-4019-9cb7-34884968100e,START,"{'container level': 1, 'geometry': <POINT (24.311 56.363)>}",{},Quay Site
1970-01-01 04:50:00.000000,585e8dfd-6811-4019-9cb7-34884968100e,STOP,"{'container level': 2, 'geometry': <POINT (24.311 56.363)>}",{},Quay Site
1970-01-01 04:50:00.000000,2f620c2f-fe7d-49e9-9442-ae1cd193ebe7,START,"{'container level': 2, 'geometry': <POINT (24.311 56.363)>}",{},Quay Site
1970-01-01 04:52:00.000000,2f620c2f-fe7d-49e9-9442-ae1cd193ebe7,STOP,"{'container level': 1, 'geometry': <POINT (24.311 56.363)>}",{},Quay Site
1970-01-01 04:52:00.000000,9cce78bc-372d-4968-820c-3265de495f58,START,"{'container level': 1, 'geometry': <POINT (24.311 56.363)>}",{},Quay Site
1970-01-01 04:56:00.000000,9cce78bc-372d-4968-820c-3265de495f58,STOP,"{'container level': 2, 'geometry': <POINT (24.311 56.363)>}",{},Quay Site
1970-01-01 04:56:00.000000,d4db6386-7188-4b53-b587-1f2a6a088c42,START,"{'container level': 2, 'geometry': <POINT (24.311 56.363)>}",{},Quay Site
1970-01-01 04:58:00.000000,d4db6386-7188-4b53-b587-1f2a6a088c42,STOP,"{'container level': 1, 'geometry': <POINT (24.311 56.363)>}",{},Quay Site
1970-01-01 04:58:00.000000,6f54da83-b782-4b8e-b355-155558c8d600,START,"{'container level': 1, 'geometry': <POINT (24.311 56.363)>}",{},Quay Site
1970-01-01 05:00:00.000000,6f54da83-b782-4b8e-b355-155558c8d600,STOP,"{'container level': 0, 'geometry': <POINT (24.311 56.363)>}",{},Quay Site
1970-01-01 00:10:10.979233,5bf1f560-5af7-4d3a-9838-e218094aa70c,START,"{'container level': 0, 'geometry': <POINT (24.31 56.362)>}",{},YardBlockA
1970-01-01 00:12:10.979233,5bf1f560-5af7-4d3a-9838-e218094aa70c,STOP,"{'container level': 1, 'geometry': <POINT (24.31 56.362)>}",{},YardBlockA
1970-01-01 00:16:10.979233,6d2938b1-b9a8-48fe-b906-5f448ba0c44e,START,"{'container level': 1, 'geometry': <POINT (24.31 56.362)>}",{},YardBlockA
1970-01-01 00:18:10.979233,6d2938b1-b9a8-48fe-b906-5f448ba0c44e,STOP,"{'container level': 2, 'geometry': <POINT (24.31 56.362)>}",{},YardBlockA
1970-01-01 00:22:10.979233,84d4258a-d9f3-4548-9381-5bf815485750,START,"{'container level': 2, 'geometry': <POINT (24.31 56.362)>}",{},YardBlockA
1970-01-01 00:24:10.979233,84d4258a-d9f3-4548-9381-5bf815485750,STOP,"{'container level': 3, 'geometry': <POINT (24.31 56.362)>}",{},YardBlockA
1970-01-01 00:28:10.979233,fc70c18e-3113-4726-a3db-a8fba3045d62,START,"{'container level': 3, 'geometry': <POINT (24.31 56.362)>}",{},YardBlockA
1970-01-01 00:30:10.979233,fc70c18e-3113-4726-a3db-a8fba3045d62,STOP,"{'container level': 4, 'geometry': <POINT (24.31 56.362)>}",{},YardBlockA
1970-01-01 00:34:10.979233,e9fec68e-f092-4a0d-a119-7e372d5a94d1,START,"{'container level': 4, 'geometry': <POINT (24.31 56.362)>}",{},YardBlockA
1970-01-01 00:36:10.979233,e9fec68e-f092-4a0d-a119-7e372d5a94d1,STOP,"{'container level': 5, 'geometry': <POINT (24.31 56.362)>}",{},YardBlockA
1970-01-01 00:40:10.979233,c30f5707-c367-4d0b-bca3-130841d393ea,START,"{'container level': 5, 'geometry': <POINT (24.31 56.362)>}",{},YardBlockA
1970-01-01 00:42:10.979233,c30f5707-c367-4d0b-bca3-130841d393ea,STOP,"{'container level': 6, 'geometry': <POINT (24.31 56.362)>}",{},YardBlockA
1970-01-01 00:46:10.979233,ee798fb3-b0a4-448d-b6eb-6bd42d705351,START,"{'container level': 6, 'geometry': <POINT (24.31 56.362)>}",{},YardBlockA
1970-01-01 00:48:10.979233,ee798fb3-b0a4-448d-b6eb-6bd42d705351,STOP,"{'container level': 7, 'geometry': <POINT (24.31 56.362)>}",{},YardBlockA
1970-01-01 00:52:10.979233,1ead7c87-af83-4f09-a98a-06514bc11386,START,"{'container level': 7, 'geometry': <POINT (24.31 56.362)>}",{},YardBlockA
1970-01-01 00:54:10.979233,1ead7c87-af83-4f09-a98a-06514bc11386,STOP,"{'container level': 8, 'geometry': <POINT (24.31 56.362)>}",{},YardBlockA
1970-01-01 00:58:10.979233,ac2b3a9d-0655-4b81-af1c-b0b30c3900a7,START,"{'container level': 8, 'geometry': <POINT (24.31 56.362)>}",{},YardBlockA
1970-01-01 01:00:10.979233,ac2b3a9d-0655-4b81-af1c-b0b30c3900a7,STOP,"{'container level': 9, 'geometry': <POINT (24.31 56.362)>}",{},YardBlockA
1970-01-01 01:04:10.979233,cc2660bc-15a4-4106-857d-639e9891f0dc,START,"{'container level': 9, 'geometry': <POINT (24.31 56.362)>}",{},YardBlockA
1970-01-01 01:06:10.979233,cc2660bc-15a4-4106-857d-639e9891f0dc,STOP,"{'container level': 10, 'geometry': <POINT (24.31 56.362)>}",{},YardBlockA
1970-01-01 01:10:10.979233,7438985d-d245-4fd9-9694-ca3c91c8010f,START,"{'container level': 10, 'geometry': <POINT (24.31 56.362)>}",{},YardBlockA
1970-01-01 01:12:10.979233,7438985d-d245-4fd9-9694-ca3c91c8010f,STOP,"{'container level': 11, 'geometry': <POINT (24.31 56.362)>}",{},YardBlockA
1970-01-01 01:16:10.979233,7ec0dc01-9c84-4d2c-83f5-9a9e5b56fbf0,START,"{'container level': 11, 'geometry': <POINT (24.31 56.362)>}",{},YardBlockA
1970-01-01 01:18:10.979233,7ec0dc01-9c84-4d2c-83f5-9a9e5b56fbf0,STOP,"{'container level': 12, 'geometry': <POINT (24.31 56.362)>}",{},YardBlockA
1970-01-01 01:22:10.979233,a8566c3a-e634-4179-8b51-75aac8f0bf18,START,"{'container level': 12, 'geometry': <POINT (24.31 56.362)>}",{},YardBlockA
1970-01-01 01:24:10.979233,a8566c3a-e634-4179-8b51-75aac8f0bf18,STOP,"{'container level': 13, 'geometry': <POINT (24.31 56.362)>}",{},YardBlockA
1970-01-01 01:28:10.979233,de0b0713-db23-4de0-9d80-07665703091a,START,"{'container level': 13, 'geometry': <POINT (24.31 56.362)>}",{},YardBlockA
1970-01-01 01:30:10.979233,de0b0713-db23-4de0-9d80-07665703091a,STOP,"{'container level': 14, 'geometry': <POINT (24.31 56.362)>}",{},YardBlockA
1970-01-01 01:34:10.979233,e01bc804-1eb8-45c6-ab67-2c989582d8c6,START,"{'container level': 14, 'geometry': <POINT (24.31 56.362)>}",{},YardBlockA
1970-01-01 01:36:10.979233,e01bc804-1eb8-45c6-ab67-2c989582d8c6,STOP,"{'container level': 15, 'geometry': <POINT (24.31 56.362)>}",{},YardBlockA
1970-01-01 01:40:10.979233,87d30f94-c8db-42a5-8414-a343cb96d5bf,START,"{'container level': 15, 'geometry': <POINT (24.31 56.362)>}",{},YardBlockA
1970-01-01 01:42:10.979233,87d30f94-c8db-42a5-8414-a343cb96d5bf,STOP,"{'container level': 16, 'geometry': <POINT (24.31 56.362)>}",{},YardBlockA
1970-01-01 01:46:10.979233,0bd25d7d-1d27-4fad-81c2-981813c45576,START,"{'container level': 16, 'geometry': <POINT (24.31 56.362)>}",{},YardBlockA
1970-01-01 01:48:10.979233,0bd25d7d-1d27-4fad-81c2-981813c45576,STOP,"{'container level': 17, 'geometry': <POINT (24.31 56.362)>}",{},YardBlockA
1970-01-01 01:52:10.979233,dbd16d2c-895b-439c-ac36-4c4ae31c4417,START,"{'container level': 17, 'geometry': <POINT (24.31 56.362)>}",{},YardBlockA
1970-01-01 01:54:10.979233,dbd16d2c-895b-439c-ac36-4c4ae31c4417,STOP,"{'container level': 18, 'geometry': <POINT (24.31 56.362)>}",{},YardBlockA
1970-01-01 01:58:10.979233,391b6955-0d99-484b-b9f5-3d762e147a11,START,"{'container level': 18, 'geometry': <POINT (24.31 56.362)>}",{},YardBlockA
1970-01-01 02:00:10.979233,391b6955-0d99-484b-b9f5-3d762e147a11,STOP,"{'container level': 19, 'geometry': <POINT (24.31 56.362)>}",{},YardBlockA
1970-01-01 02:04:10.979233,560c4672-7c62-47a7-8650-866ec75e0749,START,"{'container level': 19, 'geometry': <POINT (24.31 56.362)>}",{},YardBlockA
1970-01-01 02:06:10.979233,560c4672-7c62-47a7-8650-866ec75e0749,STOP,"{'container level': 20, 'geometry': <POINT (24.31 56.362)>}",{},YardBlockA
1970-01-01 02:10:10.979233,1082f4a7-cf0d-412f-a292-3f49635d1ddd,START,"{'container level': 20, 'geometry': <POINT (24.31 56.362)>}",{},YardBlockA
1970-01-01 02:12:10.979233,1082f4a7-cf0d-412f-a292-3f49635d1ddd,STOP,"{'container level': 21, 'geometry': <POINT (24.31 56.362)>}",{},YardBlockA
1970-01-01 02:16:10.979233,ae4b122c-b27c-4dbc-b610-994af80b0ad5,START,"{'container level': 21, 'geometry': <POINT (24.31 56.362)>}",{},YardBlockA
1970-01-01 02:18:10.979233,ae4b122c-b27c-4dbc-b610-994af80b0ad5,STOP,"{'container level': 22, 'geometry': <POINT (24.31 56.362)>}",{},YardBlockA
1970-01-01 02:22:10.979233,54a7d061-291f-4ce3-9bc6-418d75b69218,START,"{'container level': 22, 'geometry': <POINT (24.31 56.362)>}",{},YardBlockA
1970-01-01 02:24:10.979233,54a7d061-291f-4ce3-9bc6-418d75b69218,STOP,"{'container level': 23, 'geometry': <POINT (24.31 56.362)>}",{},YardBlockA
1970-01-01 02:28:10.979233,e908b01d-9d53-4532-bdac-8c0508305926,START,"{'container level': 23, 'geometry': <POINT (24.31 56.362)>}",{},YardBlockA
1970-01-01 02:30:10.979233,e908b01d-9d53-4532-bdac-8c0508305926,STOP,"{'container level': 24, 'geometry': <POINT (24.31 56.362)>}",{},YardBlockA
1970-01-01 02:34:10.979233,184480a6-2731-403d-8272-b14d95ae5917,START,"{'container level': 24, 'geometry': <POINT (24.31 56.362)>}",{},YardBlockA
1970-01-01 02:36:10.979233,184480a6-2731-403d-8272-b14d95ae5917,STOP,"{'container level': 25, 'geometry': <POINT (24.31 56.362)>}",{},YardBlockA
1970-01-01 02:40:10.979233,9c0b2942-0456-4b01-9eaa-472a745cf45b,START,"{'container level': 25, 'geometry': <POINT (24.31 56.362)>}",{},YardBlockA
1970-01-01 02:42:10.979233,9c0b2942-0456-4b01-9eaa-472a745cf45b,STOP,"{'container level': 26, 'geometry': <POINT (24.31 56.362)>}",{},YardBlockA
1970-01-01 02:46:10.979233,ebef0963-dcdf-48f8-aa68-c142efa07edc,START,"{'container level': 26, 'geometry': <POINT (24.31 56.362)>}",{},YardBlockA
1970-01-01 02:48:10.979233,ebef0963-dcdf-48f8-aa68-c142efa07edc,STOP,"{'container level': 27, 'geometry': <POINT (24.31 56.362)>}",{},YardBlockA
1970-01-01 02:52:10.979233,c611bbb7-0a2a-498c-8824-256caccfcda4,START,"{'container level': 27, 'geometry': <POINT (24.31 56.362)>}",{},YardBlockA
1970-01-01 02:54:10.979233,c611bbb7-0a2a-498c-8824-256caccfcda4,STOP,"{'container level': 28, 'geometry': <POINT (24.31 56.362)>}",{},YardBlockA
1970-01-01 02:58:10.979233,a1ad1a30-2345-40cb-9341-c942b921e2eb,START,"{'container level': 28, 'geometry': <POINT (24.31 56.362)>}",{},YardBlockA
1970-01-01 03:00:10.979233,a1ad1a30-2345-40cb-9341-c942b921e2eb,STOP,"{'container level': 29, 'geometry': <POINT (24.31 56.362)>}",{},YardBlockA
1970-01-01 03:04:10.979233,226573aa-bd1c-4860-a49f-2b2c0771277a,START,"{'container level': 29, 'geometry': <POINT (24.31 56.362)>}",{},YardBlockA
1970-01-01 03:06:10.979233,226573aa-bd1c-4860-a49f-2b2c0771277a,STOP,"{'container level': 30, 'geometry': <POINT (24.31 56.362)>}",{},YardBlockA
1970-01-01 03:10:10.979233,716359e6-62ff-4449-b869-456d043b1913,START,"{'container level': 30, 'geometry': <POINT (24.31 56.362)>}",{},YardBlockA
1970-01-01 03:12:10.979233,716359e6-62ff-4449-b869-456d043b1913,STOP,"{'container level': 31, 'geometry': <POINT (24.31 56.362)>}",{},YardBlockA
1970-01-01 03:16:10.979233,d6843cee-0de2-4574-a8b0-4f7e65fd235a,START,"{'container level': 31, 'geometry': <POINT (24.31 56.362)>}",{},YardBlockA
1970-01-01 03:18:10.979233,d6843cee-0de2-4574-a8b0-4f7e65fd235a,STOP,"{'container level': 32, 'geometry': <POINT (24.31 56.362)>}",{},YardBlockA
1970-01-01 03:22:10.979233,f0729678-7ab6-4253-a269-84cfe361c13b,START,"{'container level': 32, 'geometry': <POINT (24.31 56.362)>}",{},YardBlockA
1970-01-01 03:24:10.979233,f0729678-7ab6-4253-a269-84cfe361c13b,STOP,"{'container level': 33, 'geometry': <POINT (24.31 56.362)>}",{},YardBlockA
1970-01-01 03:28:10.979233,b7234439-aa58-4ed2-a6a4-80d5c9fbd908,START,"{'container level': 33, 'geometry': <POINT (24.31 56.362)>}",{},YardBlockA
1970-01-01 03:30:10.979233,b7234439-aa58-4ed2-a6a4-80d5c9fbd908,STOP,"{'container level': 34, 'geometry': <POINT (24.31 56.362)>}",{},YardBlockA
1970-01-01 03:34:10.979233,5110f288-aefe-4686-80fa-da7e48476a3f,START,"{'container level': 34, 'geometry': <POINT (24.31 56.362)>}",{},YardBlockA
1970-01-01 03:36:10.979233,5110f288-aefe-4686-80fa-da7e48476a3f,STOP,"{'container level': 35, 'geometry': <POINT (24.31 56.362)>}",{},YardBlockA
1970-01-01 03:40:10.979233,5adde3f6-b989-4035-87f5-340e17e50bfb,START,"{'container level': 35, 'geometry': <POINT (24.31 56.362)>}",{},YardBlockA
1970-01-01 03:42:10.979233,5adde3f6-b989-4035-87f5-340e17e50bfb,STOP,"{'container level': 36, 'geometry': <POINT (24.31 56.362)>}",{},YardBlockA
1970-01-01 03:46:10.979233,e2d38126-40e3-4866-a102-04b2cb78fadd,START,"{'container level': 36, 'geometry': <POINT (24.31 56.362)>}",{},YardBlockA
1970-01-01 03:48:10.979233,e2d38126-40e3-4866-a102-04b2cb78fadd,STOP,"{'container level': 37, 'geometry': <POINT (24.31 56.362)>}",{},YardBlockA
1970-01-01 03:52:10.979233,480a4edc-fa95-4a9e-ace8-2d3fc7b5986f,START,"{'container level': 37, 'geometry': <POINT (24.31 56.362)>}",{},YardBlockA
1970-01-01 03:54:10.979233,480a4edc-fa95-4a9e-ace8-2d3fc7b5986f,STOP,"{'container level': 38, 'geometry': <POINT (24.31 56.362)>}",{},YardBlockA
1970-01-01 03:58:10.979233,28642cae-4df2-46bf-ad22-c9700818b69e,START,"{'container level': 38, 'geometry': <POINT (24.31 56.362)>}",{},YardBlockA
1970-01-01 04:00:10.979233,28642cae-4df2-46bf-ad22-c9700818b69e,STOP,"{'container level': 39, 'geometry': <POINT (24.31 56.362)>}",{},YardBlockA
1970-01-01 04:04:10.979233,270e9b53-aca0-46c1-a7c4-0b0a025c7618,START,"{'container level': 39, 'geometry': <POINT (24.31 56.362)>}",{},YardBlockA
1970-01-01 04:06:10.979233,270e9b53-aca0-46c1-a7c4-0b0a025c7618,STOP,"{'container level': 40, 'geometry': <POINT (24.31 56.362)>}",{},YardBlockA
1970-01-01 04:10:10.979233,0d719b75-49c0-4470-87f3-c8139e1a1c1e,START,"{'container level': 40, 'geometry': <POINT (24.31 56.362)>}",{},YardBlockA
1970-01-01 04:12:10.979233,0d719b75-49c0-4470-87f3-c8139e1a1c1e,STOP,"{'container level': 41, 'geometry': <POINT (24.31 56.362)>}",{},YardBlockA
1970-01-01 04:16:10.979233,b7c2d8fb-81c0-4d51-b3ce-5707cf95af55,START,"{'container level': 41, 'geometry': <POINT (24.31 56.362)>}",{},YardBlockA
1970-01-01 04:18:10.979233,b7c2d8fb-81c0-4d51-b3ce-5707cf95af55,STOP,"{'container level': 42, 'geometry': <POINT (24.31 56.362)>}",{},YardBlockA
1970-01-01 04:22:10.979233,7cc68ac1-384e-4f11-88bb-0f42dd7599a7,START,"{'container level': 42, 'geometry': <POINT (24.31 56.362)>}",{},YardBlockA
1970-01-01 04:24:10.979233,7cc68ac1-384e-4f11-88bb-0f42dd7599a7,STOP,"{'container level': 43, 'geometry': <POINT (24.31 56.362)>}",{},YardBlockA
1970-01-01 04:28:10.979233,443c3de8-a540-44e1-a095-8a174fe0f0a4,START,"{'container level': 43, 'geometry': <POINT (24.31 56.362)>}",{},YardBlockA
1970-01-01 04:30:10.979233,443c3de8-a540-44e1-a095-8a174fe0f0a4,STOP,"{'container level': 44, 'geometry': <POINT (24.31 56.362)>}",{},YardBlockA
1970-01-01 04:34:10.979233,423cd616-351f-41c6-b49f-6a6d0293fadb,START,"{'container level': 44, 'geometry': <POINT (24.31 56.362)>}",{},YardBlockA
1970-01-01 04:36:10.979233,423cd616-351f-41c6-b49f-6a6d0293fadb,STOP,"{'container level': 45, 'geometry': <POINT (24.31 56.362)>}",{},YardBlockA
1970-01-01 04:40:10.979233,325e84dc-82d7-4f4f-87de-9cd04eabdd3c,START,"{'container level': 45, 'geometry': <POINT (24.31 56.362)>}",{},YardBlockA
1970-01-01 04:42:10.979233,325e84dc-82d7-4f4f-87de-9cd04eabdd3c,STOP,"{'container level': 46, 'geometry': <POINT (24.31 56.362)>}",{},YardBlockA
1970-01-01 04:46:10.979233,d0af114f-ec0b-4081-991b-a4a59528d8c5,START,"{'container level': 46, 'geometry': <POINT (24.31 56.362)>}",{},YardBlockA
1970-01-01 04:48:10.979233,d0af114f-ec0b-4081-991b-a4a59528d8c5,STOP,"{'container level': 47, 'geometry': <POINT (24.31 56.362)>}",{},YardBlockA
1970-01-01 04:52:10.979233,940ae144-5a24-4391-93f0-6f1e27817ccd,START,"{'container level': 47, 'geometry': <POINT (24.31 56.362)>}",{},YardBlockA
1970-01-01 04:54:10.979233,940ae144-5a24-4391-93f0-6f1e27817ccd,STOP,"{'container level': 48, 'geometry': <POINT (24.31 56.362)>}",{},YardBlockA
1970-01-01 04:58:10.979233,b16a63bd-d1b2-4475-8c10-03488059336a,START,"{'container level': 48, 'geometry': <POINT (24.31 56.362)>}",{},YardBlockA
1970-01-01 05:00:10.979233,b16a63bd-d1b2-4475-8c10-03488059336a,STOP,"{'container level': 49, 'geometry': <POINT (24.31 56.362)>}",{},YardBlockA
1970-01-01 05:00:10.979233,7a4586d1-82c7-48c6-b38a-6aea5073ce26,START,"{'container level': 49, 'geometry': <POINT (24.31 56.362)>}",{},YardBlockA
1970-01-01 05:02:10.979233,7a4586d1-82c7-48c6-b38a-6aea5073ce26,STOP,"{'container level': 50, 'geometry': <POINT (24.31 56.362)>}",{},YardBlockA
1970-01-01 00:00:00.000000,d901f3af-d78b-4eb4-aa24-82d6b86ee2ec,START,"{'container level': 0, 'geometry': <POINT (24.311 56.363)>}",{},qc_01
1970-01-01 00:04:00.000000,d901f3af-d78b-4eb4-aa24-82d6b86ee2ec,STOP,"{'container level': 0, 'geometry': <POINT (24.311 56.363)>}",{},qc_01
1970-01-01 00:04:00.000000,68665115-7df6-488c-b68e-01c1f74d7649,START,"{'container level': 0, 'geometry': <POINT (24.311 56.363)>}",{},qc_01
1970-01-01 00:08:00.000000,68665115-7df6-488c-b68e-01c1f74d7649,STOP,"{'container level': 0, 'geometry': <POINT (24.311 56.363)>}",{},qc_01
1970-01-01 00:10:00.000000,76becef5-4718-4ae1-afff-b241936cae23,START,"{'container level': 0, 'geometry': <POINT (24.311 56.363)>}",{},qc_01
1970-01-01 00:14:00.000000,76becef5-4718-4ae1-afff-b241936cae23,STOP,"{'container level': 0, 'geometry': <POINT (24.311 56.363)>}",{},qc_01
1970-01-01 00:16:00.000000,87888cae-7870-487c-8f63-aaef7e7126e6,START,"{'container level': 0, 'geometry': <POINT (24.311 56.363)>}",{},qc_01
1970-01-01 00:20:00.000000,87888cae-7870-487c-8f63-aaef7e7126e6,STOP,"{'container level': 0, 'geometry': <POINT (24.311 56.363)>}",{},qc_01
1970-01-01 00:22:00.000000,bdfc78c2-f4ff-4768-9a22-be1a94f1bb2d,START,"{'container level': 0, 'geometry': <POINT (24.311 56.363)>}",{},qc_01
1970-01-01 00:26:00.000000,bdfc78c2-f4ff-4768-9a22-be1a94f1bb2d,STOP,"{'container level': 0, 'geometry': <POINT (24.311 56.363)>}",{},qc_01
1970-01-01 00:28:00.000000,a1f661d5-cf94-4f81-9560-01ad6dc5b1b1,START,"{'container level': 0, 'geometry': <POINT (24.311 56.363)>}",{},qc_01
1970-01-01 00:32:00.000000,a1f661d5-cf94-4f81-9560-01ad6dc5b1b1,STOP,"{'container level': 0, 'geometry': <POINT (24.311 56.363)>}",{},qc_01
1970-01-01 00:34:00.000000,45ceda1f-48b8-4c27-acec-d7c4946256bd,START,"{'container level': 0, 'geometry': <POINT (24.311 56.363)>}",{},qc_01
1970-01-01 00:38:00.000000,45ceda1f-48b8-4c27-acec-d7c4946256bd,STOP,"{'container level': 0, 'geometry': <POINT (24.311 56.363)>}",{},qc_01
1970-01-01 00:40:00.000000,10376722-cd24-4646-974a-0820295ad5c3,START,"{'container level': 0, 'geometry': <POINT (24.311 56.363)>}",{},qc_01
1970-01-01 00:44:00.000000,10376722-cd24-4646-974a-0820295ad5c3,STOP,"{'container level': 0, 'geometry': <POINT (24.311 56.363)>}",{},qc_01
1970-01-01 00:46:00.000000,0e9e70b4-6493-4fad-bbd3-01e356a13005,START,"{'container level': 0, 'geometry': <POINT (24.311 56.363)>}",{},qc_01
1970-01-01 00:50:00.000000,0e9e70b4-6493-4fad-bbd3-01e356a13005,STOP,"{'container level': 0, 'geometry': <POINT (24.311 56.363)>}",{},qc_01
1970-01-01 00:52:00.000000,050515d8-15ad-4461-9860-e40caaf80562,START,"{'container level': 0, 'geometry': <POINT (24.311 56.363)>}",{},qc_01
1970-01-01 00:56:00.000000,050515d8-15ad-4461-9860-e40caaf80562,STOP,"{'container level': 0, 'geometry': <POINT (24.311 56.363)>}",{},qc_01
1970-01-01 00:58:00.000000,5643670c-383a-4e8e-b4ac-f154aef220a7,START,"{'container level': 0, 'geometry': <POINT (24.311 56.363)>}",{},qc_01
1970-01-01 01:02:00.000000,5643670c-383a-4e8e-b4ac-f154aef220a7,STOP,"{'container level': 0, 'geometry': <POINT (24.311 56.363)>}",{},qc_01
1970-01-01 01:04:00.000000,1df74afc-f1a5-4531-84b7-be7c1b2fb3bf,START,"{'container level': 0, 'geometry': <POINT (24.311 56.363)>}",{},qc_01
1970-01-01 01:08:00.000000,1df74afc-f1a5-4531-84b7-be7c1b2fb3bf,STOP,"{'container level': 0, 'geometry': <POINT (24.311 56.363)>}",{},qc_01
1970-01-01 01:10:00.000000,b483bb0a-0785-4f2e-8991-a636ab56d234,START,"{'container level': 0, 'geometry': <POINT (24.311 56.363)>}",{},qc_01
1970-01-01 01:14:00.000000,b483bb0a-0785-4f2e-8991-a636ab56d234,STOP,"{'container level': 0, 'geometry': <POINT (24.311 56.363)>}",{},qc_01
1970-01-01 01:16:00.000000,69652481-4746-4bc3-90eb-903fdddf544c,START,"{'container level': 0, 'geometry': <POINT (24.311 56.363)>}",{},qc_01
1970-01-01 01:20:00.000000,69652481-4746-4bc3-90eb-903fdddf544c,STOP,"{'container level': 0, 'geometry': <POINT (24.311 56.363)>}",{},qc_01
1970-01-01 01:22:00.000000,90b61f36-2116-435a-9d16-177fa41181c1,START,"{'container level': 0, 'geometry': <POINT (24.311 56.363)>}",{},qc_01
1970-01-01 01:26:00.000000,90b61f36-2116-435a-9d16-177fa41181c1,STOP,"{'container level': 0, 'geometry': <POINT (24.311 56.363)>}",{},qc_01
1970-01-01 01:28:00.000000,128caece-20a3-4068-8d58-30b3a3fab3d8,START,"{'container level': 0, 'geometry': <POINT (24.311 56.363)>}",{},qc_01
1970-01-01 01:32:00.000000,128caece-20a3-4068-8d58-30b3a3fab3d8,STOP,"{'container level': 0, 'geometry': <POINT (24.311 56.363)>}",{},qc_01
1970-01-01 01:34:00.000000,0521c33f-1e0c-426e-87a0-774ce611e6c5,START,"{'container level': 0, 'geometry': <POINT (24.311 56.363)>}",{},qc_01
1970-01-01 01:38:00.000000,0521c33f-1e0c-426e-87a0-774ce611e6c5,STOP,"{'container level': 0, 'geometry': <POINT (24.311 56.363)>}",{},qc_01
1970-01-01 01:40:00.000000,d20634f6-5d23-421c-a9dc-c0c241615cc0,START,"{'container level': 0, 'geometry': <POINT (24.311 56.363)>}",{},qc_01
1970-01-01 01:44:00.000000,d20634f6-5d23-421c-a9dc-c0c241615cc0,STOP,"{'container level': 0, 'geometry': <POINT (24.311 56.363)>}",{},qc_01
1970-01-01 01:46:00.000000,daf25d8e-4504-4959-99a6-cbf360e880e9,START,"{'container level': 0, 'geometry': <POINT (24.311 56.363)>}",{},qc_01
1970-01-01 01:50:00.000000,daf25d8e-4504-4959-99a6-cbf360e880e9,STOP,"{'container level': 0, 'geometry': <POINT (24.311 56.363)>}",{},qc_01
1970-01-01 01:52:00.000000,0b6063cd-6508-4d5b-9cf2-c64657a8628e,START,"{'container level': 0, 'geometry': <POINT (24.311 56.363)>}",{},qc_01
1970-01-01 01:56:00.000000,0b6063cd-6508-4d5b-9cf2-c64657a8628e,STOP,"{'container level': 0, 'geometry': <POINT (24.311 56.363)>}",{},qc_01
1970-01-01 01:58:00.000000,d8dcb535-8af2-4a29-afe2-805629bd1e48,START,"{'container level': 0, 'geometry': <POINT (24.311 56.363)>}",{},qc_01
1970-01-01 02:02:00.000000,d8dcb535-8af2-4a29-afe2-805629bd1e48,STOP,"{'container level': 0, 'geometry': <POINT (24.311 56.363)>}",{},qc_01
1970-01-01 02:04:00.000000,542e9e37-737c-4643-b1bb-199bc730414b,START,"{'container level': 0, 'geometry': <POINT (24.311 56.363)>}",{},qc_01
1970-01-01 02:08:00.000000,542e9e37-737c-4643-b1bb-199bc730414b,STOP,"{'container level': 0, 'geometry': <POINT (24.311 56.363)>}",{},qc_01
1970-01-01 02:10:00.000000,51f9a22e-7ef8-4a68-b64e-76e865bacac2,START,"{'container level': 0, 'geometry': <POINT (24.311 56.363)>}",{},qc_01
1970-01-01 02:14:00.000000,51f9a22e-7ef8-4a68-b64e-76e865bacac2,STOP,"{'container level': 0, 'geometry': <POINT (24.311 56.363)>}",{},qc_01
1970-01-01 02:16:00.000000,60bf4f06-1990-454f-8e19-5c8e3f94740c,START,"{'container level': 0, 'geometry': <POINT (24.311 56.363)>}",{},qc_01
1970-01-01 02:20:00.000000,60bf4f06-1990-454f-8e19-5c8e3f94740c,STOP,"{'container level': 0, 'geometry': <POINT (24.311 56.363)>}",{},qc_01
1970-01-01 02:22:00.000000,8f82d012-f916-41a5-8127-7a2dca1e460d,START,"{'container level': 0, 'geometry': <POINT (24.311 56.363)>}",{},qc_01
1970-01-01 02:26:00.000000,8f82d012-f916-41a5-8127-7a2dca1e460d,STOP,"{'container level': 0, 'geometry': <POINT (24.311 56.363)>}",{},qc_01
1970-01-01 02:28:00.000000,e5b305b3-d02c-427b-bfdf-e066b2f271b5,START,"{'container level': 0, 'geometry': <POINT (24.311 56.363)>}",{},qc_01
1970-01-01 02:32:00.000000,e5b305b3-d02c-427b-bfdf-e066b2f271b5,STOP,"{'container level': 0, 'geometry': <POINT (24.311 56.363)>}",{},qc_01
1970-01-01 02:34:00.000000,ba47c1ee-8a74-4755-a311-88dc52ec5e19,START,"{'container level': 0, 'geometry': <POINT (24.311 56.363)>}",{},qc_01
1970-01-01 02:38:00.000000,ba47c1ee-8a74-4755-a311-88dc52ec5e19,STOP,"{'container level': 0, 'geometry': <POINT (24.311 56.363)>}",{},qc_01
1970-01-01 02:40:00.000000,d96e2558-81dd-418b-93da-adb45a70e922,START,"{'container level': 0, 'geometry': <POINT (24.311 56.363)>}",{},qc_01
1970-01-01 02:44:00.000000,d96e2558-81dd-418b-93da-adb45a70e922,STOP,"{'container level': 0, 'geometry': <POINT (24.311 56.363)>}",{},qc_01
1970-01-01 02:46:00.000000,c296e500-5202-4228-bbd7-df807dcaa2b1,START,"{'container level': 0, 'geometry': <POINT (24.311 56.363)>}",{},qc_01
1970-01-01 02:50:00.000000,c296e500-5202-4228-bbd7-df807dcaa2b1,STOP,"{'container level': 0, 'geometry': <POINT (24.311 56.363)>}",{},qc_01
1970-01-01 02:52:00.000000,2bd19865-ea66-497e-b42b-402e9c0963f5,START,"{'container level': 0, 'geometry': <POINT (24.311 56.363)>}",{},qc_01
1970-01-01 02:56:00.000000,2bd19865-ea66-497e-b42b-402e9c0963f5,STOP,"{'container level': 0, 'geometry': <POINT (24.311 56.363)>}",{},qc_01
1970-01-01 02:58:00.000000,239eb60b-fbc3-4671-a1d5-1a4d2d51a593,START,"{'container level': 0, 'geometry': <POINT (24.311 56.363)>}",{},qc_01
1970-01-01 03:02:00.000000,239eb60b-fbc3-4671-a1d5-1a4d2d51a593,STOP,"{'container level': 0, 'geometry': <POINT (24.311 56.363)>}",{},qc_01
1970-01-01 03:04:00.000000,9f139333-8906-43a8-9799-d67a5c498a2a,START,"{'container level': 0, 'geometry': <POINT (24.311 56.363)>}",{},qc_01
1970-01-01 03:08:00.000000,9f139333-8906-43a8-9799-d67a5c498a2a,STOP,"{'container level': 0, 'geometry': <POINT (24.311 56.363)>}",{},qc_01
1970-01-01 03:10:00.000000,07c0f61d-8b78-4021-ae27-98f01adf4303,START,"{'container level': 0, 'geometry': <POINT (24.311 56.363)>}",{},qc_01
1970-01-01 03:14:00.000000,07c0f61d-8b78-4021-ae27-98f01adf4303,STOP,"{'container level': 0, 'geometry': <POINT (24.311 56.363)>}",{},qc_01
1970-01-01 03:16:00.000000,38629c59-3981-4cd4-9d0d-b47f4614da3a,START,"{'container level': 0, 'geometry': <POINT (24.311 56.363)>}",{},qc_01
1970-01-01 03:20:00.000000,38629c59-3981-4cd4-9d0d-b47f4614da3a,STOP,"{'container level': 0, 'geometry': <POINT (24.311 56.363)>}",{},qc_01
1970-01-01 03:22:00.000000,1745c074-756c-4a77-a67e-bf014d42b001,START,"{'container level': 0, 'geometry': <POINT (24.311 56.363)>}",{},qc_01
1970-01-01 03:26:00.000000,1745c074-756c-4a77-a67e-bf014d42b001,STOP,"{'container level': 0, 'geometry': <POINT (24.311 56.363)>}",{},qc_01
1970-01-01 03:28:00.000000,b4afb6b9-af5b-4e55-9888-86c452c85381,START,"{'container level': 0, 'geometry': <POINT (24.311 56.363)>}",{},qc_01
1970-01-01 03:32:00.000000,b4afb6b9-af5b-4e55-9888-86c452c85381,STOP,"{'container level': 0, 'geometry': <POINT (24.311 56.363)>}",{},qc_01
1970-01-01 03:34:00.000000,e655727a-7e58-4261-a9c5-1659f0f23117,START,"{'container level': 0, 'geometry': <POINT (24.311 56.363)>}",{},qc_01
1970-01-01 03:38:00.000000,e655727a-7e58-4261-a9c5-1659f0f23117,STOP,"{'container level': 0, 'geometry': <POINT (24.311 56.363)>}",{},qc_01
1970-01-01 03:40:00.000000,51ce2323-9814-40fd-ad3f-adf3ee7bb849,START,"{'container level': 0, 'geometry': <POINT (24.311 56.363)>}",{},qc_01
1970-01-01 03:44:00.000000,51ce2323-9814-40fd-ad3f-adf3ee7bb849,STOP,"{'container level': 0, 'geometry': <POINT (24.311 56.363)>}",{},qc_01
1970-01-01 03:46:00.000000,f27d1333-1646-4ea3-a0ca-c64ca2edf856,START,"{'container level': 0, 'geometry': <POINT (24.311 56.363)>}",{},qc_01
1970-01-01 03:50:00.000000,f27d1333-1646-4ea3-a0ca-c64ca2edf856,STOP,"{'container level': 0, 'geometry': <POINT (24.311 56.363)>}",{},qc_01
1970-01-01 03:52:00.000000,1e5367a5-a981-42a9-a13a-05ac219c40bf,START,"{'container level': 0, 'geometry': <POINT (24.311 56.363)>}",{},qc_01
1970-01-01 03:56:00.000000,1e5367a5-a981-42a9-a13a-05ac219c40bf,STOP,"{'container level': 0, 'geometry': <POINT (24.311 56.363)>}",{},qc_01
1970-01-01 03:58:00.000000,4cab2c85-9536-43b8-8c32-ae10e9f8c5bb,START,"{'container level': 0, 'geometry': <POINT (24.311 56.363)>}",{},qc_01
1970-01-01 04:02:00.000000,4cab2c85-9536-43b8-8c32-ae10e9f8c5bb,STOP,"{'container level': 0, 'geometry': <POINT (24.311 56.363)>}",{},qc_01
1970-01-01 04:04:00.000000,fcd4b8df-88c6-4f0a-bcde-fca3cfba43b7,START,"{'container level': 0, 'geometry': <POINT (24.311 56.363)>}",{},qc_01
1970-01-01 04:08:00.000000,fcd4b8df-88c6-4f0a-bcde-fca3cfba43b7,STOP,"{'container level': 0, 'geometry': <POINT (24.311 56.363)>}",{},qc_01
1970-01-01 04:10:00.000000,90088156-df67-41f3-8f37-55624a3c9b56,START,"{'container level': 0, 'geometry': <POINT (24.311 56.363)>}",{},qc_01
1970-01-01 04:14:00.000000,90088156-df67-41f3-8f37-55624a3c9b56,STOP,"{'container level': 0, 'geometry': <POINT (24.311 56.363)>}",{},qc_01
1970-01-01 04:16:00.000000,3ee7c553-3206-492f-a70f-0b0a07ccc68c,START,"{'container level': 0, 'geometry': <POINT (24.311 56.363)>}",{},qc_01
1970-01-01 04:20:00.000000,3ee7c553-3206-492f-a70f-0b0a07ccc68c,STOP,"{'container level': 0, 'geometry': <POINT (24.311 56.363)>}",{},qc_01
1970-01-01 04:22:00.000000,4c8c22dc-24f0-49b0-bbfc-d8d220366935,START,"{'container level': 0, 'geometry': <POINT (24.311 56.363)>}",{},qc_01
1970-01-01 04:26:00.000000,4c8c22dc-24f0-49b0-bbfc-d8d220366935,STOP,"{'container level': 0, 'geometry': <POINT (24.311 56.363)>}",{},qc_01
1970-01-01 04:28:00.000000,a45516c0-c314-458e-83fc-65f60c790e55,START,"{'container level': 0, 'geometry': <POINT (24.311 56.363)>}",{},qc_01
1970-01-01 04:32:00.000000,a45516c0-c314-458e-83fc-65f60c790e55,STOP,"{'container level': 0, 'geometry': <POINT (24.311 56.363)>}",{},qc_01
1970-01-01 04:34:00.000000,095c7c32-d165-4476-9d37-3817438283ac,START,"{'container level': 0, 'geometry': <POINT (24.311 56.363)>}",{},qc_01
1970-01-01 04:38:00.000000,095c7c32-d165-4476-9d37-3817438283ac,STOP,"{'container level': 0, 'geometry': <POINT (24.311 56.363)>}",{},qc_01
1970-01-01 04:40:00.000000,6ca4a294-c129-49b5-adbc-9d64e0ec624c,START,"{'container level': 0, 'geometry': <POINT (24.311 56.363)>}",{},qc_01
1970-01-01 04:44:00.000000,6ca4a294-c129-49b5-adbc-9d64e0ec624c,STOP,"{'container level': 0, 'geometry': <POINT (24.311 56.363)>}",{},qc_01
1970-01-01 04:46:00.000000,585e8dfd-6811-4019-9cb7-34884968100e,START,"{'container level': 0, 'geometry': <POINT (24.311 56.363)>}",{},qc_01
1970-01-01 04:50:00.000000,585e8dfd-6811-4019-9cb7-34884968100e,STOP,"{'container level': 0, 'geometry': <POINT (24.311 56.363)>}",{},qc_01
1970-01-01 04:52:00.000000,9cce78bc-372d-4968-820c-3265de495f58,START,"{'container level': 0, 'geometry': <POINT (24.311 56.363)>}",{},qc_01
1970-01-01 04:56:00.000000,9cce78bc-372d-4968-820c-3265de495f58,STOP,"{'container level': 0, 'geometry': <POINT (24.311 56.363)>}",{},qc_01
1970-01-01 00:08:00.000000,b84f04b6-6dda-4e2c-b43a-d58b76bd0c0b,START,"{'container level': 0, 'geometry': <POINT (24.311 56.363)>}",{},pm_01
1970-01-01 00:10:00.000000,b84f04b6-6dda-4e2c-b43a-d58b76bd0c0b,STOP,"{'container level': 1, 'geometry': <POINT (24.311 56.363)>}",{},pm_01
1970-01-01 00:10:00.000000,5e29e2fa-cac8-48f2-86fe-1e5f734f14cd,START,"{'container level': 1, 'geometry': <POINT (24.311 56.363)>}",{},pm_01
1970-01-01 00:10:10.979233,5e29e2fa-cac8-48f2-86fe-1e5f734f14cd,STOP,"{'container level': 1, 'geometry': <POINT (24.31 56.362)>}",{},pm_01
1970-01-01 00:10:10.979233,5bf1f560-5af7-4d3a-9838-e218094aa70c,START,"{'container level': 1, 'geometry': <POINT (24.31 56.362)>}",{},pm_01
1970-01-01 00:12:10.979233,5bf1f560-5af7-4d3a-9838-e218094aa70c,STOP,"{'container level': 0, 'geometry': <POINT (24.31 56.362)>}",{},pm_01
1970-01-01 00:12:10.979233,cdbf65a3-70f5-409f-b718-50b0eb546463,START,"{'container level': 0, 'geometry': <POINT (24.31 56.362)>}",{},pm_01
1970-01-01 00:12:21.958467,cdbf65a3-70f5-409f-b718-50b0eb546463,STOP,"{'container level': 0, 'geometry': <POINT (24.311 56.363)>}",{},pm_01
1970-01-01 01:08:00.000000,a47b05cc-4cde-4cac-b33b-8793007a1a61,START,"{'container level': 0, 'geometry': <POINT (24.311 56.363)>}",{},pm_01
1970-01-01 01:10:00.000000,a47b05cc-4cde-4cac-b33b-8793007a1a61,STOP,"{'container level': 1, 'geometry': <POINT (24.311 56.363)>}",{},pm_01
1970-01-01 01:10:00.000000,8b67090f-ca63-4795-92b2-9bbb19383a32,START,"{'container level': 1, 'geometry': <POINT (24.311 56.363)>}",{},pm_01
1970-01-01 01:10:10.979233,8b67090f-ca63-4795-92b2-9bbb19383a32,STOP,"{'container level': 1, 'geometry': <POINT (24.31 56.362)>}",{},pm_01
1970-01-01 01:10:10.979233,7438985d-d245-4fd9-9694-ca3c91c8010f,START,"{'container level': 1, 'geometry': <POINT (24.31 56.362)>}",{},pm_01
1970-01-01 01:12:10.979233,7438985d-d245-4fd9-9694-ca3c91c8010f,STOP,"{'container level': 0, 'geometry': <POINT (24.31 56.362)>}",{},pm_01
1970-01-01 01:12:10.979233,9f6cc6f4-59df-454d-91ce-c18fd2ab033d,START,"{'container level': 0, 'geometry': <POINT (24.31 56.362)>}",{},pm_01
1970-01-01 01:12:21.958467,9f6cc6f4-59df-454d-91ce-c18fd2ab033d,STOP,"{'container level': 0, 'geometry': <POINT (24.311 56.363)>}",{},pm_01
1970-01-01 02:08:00.000000,9f227f08-bd40-4656-bdf8-932946f70e6c,START,"{'container level': 0, 'geometry': <POINT (24.311 56.363)>}",{},pm_01
1970-01-01 02:10:00.000000,9f227f08-bd40-4656-bdf8-932946f70e6c,STOP,"{'container level': 1, 'geometry': <POINT (24.311 56.363)>}",{},pm_01
1970-01-01 02:10:00.000000,0f5504fe-bc56-43fd-957d-552e55423ebb,START,"{'container level': 1, 'geometry': <POINT (24.311 56.363)>}",{},pm_01
1970-01-01 02:10:10.979233,0f5504fe-bc56-43fd-957d-552e55423ebb,STOP,"{'container level': 1, 'geometry': <POINT (24.31 56.362)>}",{},pm_01
1970-01-01 02:10:10.979233,1082f4a7-cf0d-412f-a292-3f49635d1ddd,START,"{'container level': 1, 'geometry': <POINT (24.31 56.362)>}",{},pm_01
1970-01-01 02:12:10.979233,1082f4a7-cf0d-412f-a292-3f49635d1ddd,STOP,"{'container level': 0, 'geometry': <POINT (24.31 56.362)>}",{},pm_01
1970-01-01 02:12:10.979233,f98b8533-1fab-4357-9677-801af25b81df,START,"{'container level': 0, 'geometry': <POINT (24.31 56.362)>}",{},pm_01
1970-01-01 02:12:21.958467,f98b8533-1fab-4357-9677-801af25b81df,STOP,"{'container level': 0, 'geometry': <POINT (24.311 56.363)>}",{},pm_01
1970-01-01 03:08:00.000000,bbd0286e-1dac-43be-9685-28b7097a4e73,START,"{'container level': 0, 'geometry': <POINT (24.311 56.363)>}",{},pm_01
1970-01-01 03:10:00.000000,bbd0286e-1dac-43be-9685-28b7097a4e73,STOP,"{'container level': 1, 'geometry': <POINT (24.311 56.363)>}",{},pm_01
1970-01-01 03:10:00.000000,23a73e1c-3f49-4a93-a561-b447efa8c5da,START,"{'container level': 1, 'geometry': <POINT (24.311 56.363)>}",{},pm_01
1970-01-01 03:10:10.979233,23a73e1c-3f49-4a93-a561-b447efa8c5da,STOP,"{'container level': 1, 'geometry': <POINT (24.31 56.362)>}",{},pm_01
1970-01-01 03:10:10.979233,716359e6-62ff-4449-b869-456d043b1913,START,"{'container level': 1, 'geometry': <POINT (24.31 56.362)>}",{},pm_01
1970-01-01 03:12:10.979233,716359e6-62ff-4449-b869-456d043b1913,STOP,"{'container level': 0, 'geometry': <POINT (24.31 56.362)>}",{},pm_01
1970-01-01 03:12:10.979233,722b57d3-cd90-48aa-a51f-f5550a829e93,START,"{'container level': 0, 'geometry': <POINT (24.31 56.362)>}",{},pm_01
1970-01-01 03:12:21.958467,722b57d3-cd90-48aa-a51f-f5550a829e93,STOP,"{'container level': 0, 'geometry': <POINT (24.311 56.363)>}",{},pm_01
1970-01-01 04:08:00.000000,b6012cdb-941b-4651-af4d-ee652ea11672,START,"{'container level': 0, 'geometry': <POINT (24.311 56.363)>}",{},pm_01
1970-01-01 04:10:00.000000,b6012cdb-941b-4651-af4d-ee652ea11672,STOP,"{'container level': 1, 'geometry': <POINT (24.311 56.363)>}",{},pm_01
1970-01-01 04:10:00.000000,d620c551-5614-4979-af96-b84da65c2b41,START,"{'container level': 1, 'geometry': <POINT (24.311 56.363)>}",{},pm_01
1970-01-01 04:10:10.979233,d620c551-5614-4979-af96-b84da65c2b41,STOP,"{'container level': 1, 'geometry': <POINT (24.31 56.362)>}",{},pm_01
1970-01-01 04:10:10.979233,0d719b75-49c0-4470-87f3-c8139e1a1c1e,START,"{'container level': 1, 'geometry': <POINT (24.31 56.362)>}",{},pm_01
1970-01-01 04:12:10.979233,0d719b75-49c0-4470-87f3-c8139e1a1c1e,STOP,"{'container level': 0, 'geometry': <POINT (24.31 56.362)>}",{},pm_01
1970-01-01 04:12:10.979233,d66c5447-53c5-4096-980f-dcd461481979,START,"{'container level': 0, 'geometry': <POINT (24.31 56.362)>}",{},pm_01
1970-01-01 04:12:21.958467,d66c5447-53c5-4096-980f-dcd461481979,STOP,"{'container level': 0, 'geometry': <POINT (24.311 56.363)>}",{},pm_01
1970-01-01 00:14:00.000000,ad2cf998-364d-495c-81f1-edbb67f25f85,START,"{'container level': 0, 'geometry': <POINT (24.311 56.363)>}",{},pm_02
1970-01-01 00:16:00.000000,ad2cf998-364d-495c-81f1-edbb67f25f85,STOP,"{'container level': 1, 'geometry': <POINT (24.311 56.363)>}",{},pm_02
1970-01-01 00:16:00.000000,dafb9373-2c78-41c4-9bd4-7efe17500091,START,"{'container level': 1, 'geometry': <POINT (24.311 56.363)>}",{},pm_02
1970-01-01 00:16:10.979233,dafb9373-2c78-41c4-9bd4-7efe17500091,STOP,"{'container level': 1, 'geometry': <POINT (24.31 56.362)>}",{},pm_02
1970-01-01 00:16:10.979233,6d2938b1-b9a8-48fe-b906-5f448ba0c44e,START,"{'container level': 1, 'geometry': <POINT (24.31 56.362)>}",{},pm_02
1970-01-01 00:18:10.979233,6d2938b1-b9a8-48fe-b906-5f448ba0c44e,STOP,"{'container level': 0, 'geometry': <POINT (24.31 56.362)>}",{},pm_02
1970-01-01 00:18:10.979233,3c5c2943-be24-49bb-876c-9e711739bf80,START,"{'container level': 0, 'geometry': <POINT (24.31 56.362)>}",{},pm_02
1970-01-01 00:18:21.958467,3c5c2943-be24-49bb-876c-9e711739bf80,STOP,"{'container level': 0, 'geometry': <POINT (24.311 56.363)>}",{},pm_02
1970-01-01 01:14:00.000000,c1d4ff5b-f484-44c5-a2d4-aff3b4a7add7,START,"{'container level': 0, 'geometry': <POINT (24.311 56.363)>}",{},pm_02
1970-01-01 01:16:00.000000,c1d4ff5b-f484-44c5-a2d4-aff3b4a7add7,STOP,"{'container level': 1, 'geometry': <POINT (24.311 56.363)>}",{},pm_02
1970-01-01 01:16:00.000000,16f3df40-4a4e-452c-8b1a-86c328d3d003,START,"{'container level': 1, 'geometry': <POINT (24.311 56.363)>}",{},pm_02
1970-01-01 01:16:10.979233,16f3df40-4a4e-452c-8b1a-86c328d3d003,STOP,"{'container level': 1, 'geometry': <POINT (24.31 56.362)>}",{},pm_02
1970-01-01 01:16:10.979233,7ec0dc01-9c84-4d2c-83f5-9a9e5b56fbf0,START,"{'container level': 1, 'geometry': <POINT (24.31 56.362)>}",{},pm_02
1970-01-01 01:18:10.979233,7ec0dc01-9c84-4d2c-83f5-9a9e5b56fbf0,STOP,"{'container level': 0, 'geometry': <POINT (24.31 56.362)>}",{},pm_02
1970-01-01 01:18:10.979233,8d153b88-6b70-48f0-8560-1c8064ea7111,START,"{'container level': 0, 'geometry': <POINT (24.31 56.362)>}",{},pm_02
1970-01-01 01:18:21.958467,8d153b88-6b70-48f0-8560-1c8064ea7111,STOP,"{'container level': 0, 'geometry': <POINT (24.311 56.363)>}",{},pm_02
1970-01-01 02:14:00.000000,ac711c40-d0cc-48c4-96cf-e9e4a675aef4,START,"{'container level': 0, 'geometry': <POINT (24.311 56.363)>}",{},pm_02
1970-01-01 02:16:00.000000,ac711c40-d0cc-48c4-96cf-e9e4a675aef4,STOP,"{'container level': 1, 'geometry': <POINT (24.311 56.363)>}",{},pm_02
1970-01-01 02:16:00.000000,69569b18-0bc0-4e8c-b795-2b548f833a35,START,"{'container level': 1, 'geometry': <POINT (24.311 56.363)>}",{},pm_02
1970-01-01 02:16:10.979233,69569b18-0bc0-4e8c-b795-2b548f833a35,STOP,"{'container level': 1, 'geometry': <POINT (24.31 56.362)>}",{},pm_02
1970-01-01 02:16:10.979233,ae4b122c-b27c-4dbc-b610-994af80b0ad5,START,"{'container level': 1, 'geometry': <POINT (24.31 56.362)>}",{},pm_02
1970-01-01 02:18:10.979233,ae4b122c-b27c-4dbc-b610-994af80b0ad5,STOP,"{'container level': 0, 'geometry': <POINT (24.31 56.362)>}",{},pm_02
1970-01-01 02:18:10.979233,bc7a64b5-8cbd-47a5-8b8e-db5804eb6c65,START,"{'container level': 0, 'geometry': <POINT (24.31 56.362)>}",{},pm_02
1970-01-01 02:18:21.958467,bc7a64b5-8cbd-47a5-8b8e-db5804eb6c65,STOP,"{'container level': 0, 'geometry': <POINT (24.311 56.363)>}",{},pm_02
1970-01-01 03:14:00.000000,1c12b1f6-c515-4661-9d3a-5155a28ae295,START,"{'container level': 0, 'geometry': <POINT (24.311 56.363)>}",{},pm_02
1970-01-01 03:16:00.000000,1c12b1f6-c515-4661-9d3a-5155a28ae295,STOP,"{'container level': 1, 'geometry': <POINT (24.311 56.363)>}",{},pm_02
1970-01-01 03:16:00.000000,fe55d4d0-1c9f-402d-9cc7-681f28b62bd1,START,"{'container level': 1, 'geometry': <POINT (24.311 56.363)>}",{},pm_02
1970-01-01 03:16:10.979233,fe55d4d0-1c9f-402d-9cc7-681f28b62bd1,STOP,"{'container level': 1, 'geometry': <POINT (24.31 56.362)>}",{},pm_02
1970-01-01 03:16:10.979233,d6843cee-0de2-4574-a8b0-4f7e65fd235a,START,"{'container level': 1, 'geometry': <POINT (24.31 56.362)>}",{},pm_02
1970-01-01 03:18:10.979233,d6843cee-0de2-4574-a8b0-4f7e65fd235a,STOP,"{'container level': 0, 'geometry': <POINT (24.31 56.362)>}",{},pm_02
1970-01-01 03:18:10.979233,fe7016b2-10e5-4fa0-b2f3-949f1481f0e8,START,"{'container level': 0, 'geometry': <POINT (24.31 56.362)>}",{},pm_02
1970-01-01 03:18:21.958467,fe7016b2-10e5-4fa0-b2f3-949f1481f0e8,STOP,"{'container level': 0, 'geometry': <POINT (24.311 56.363)>}",{},pm_02
1970-01-01 04:14:00.000000,4ac97694-7cc3-491b-8f5b-81fa8e469cbb,START,"{'container level': 0, 'geometry': <POINT (24.311 56.363)>}",{},pm_02
1970-01-01 04:16:00.000000,4ac97694-7cc3-491b-8f5b-81fa8e469cbb,STOP,"{'container level': 1, 'geometry': <POINT (24.311 56.363)>}",{},pm_02
1970-01-01 04:16:00.000000,7d293c4c-dca6-40cd-9567-393db133b044,START,"{'container level': 1, 'geometry': <POINT (24.311 56.363)>}",{},pm_02
1970-01-01 04:16:10.979233,7d293c4c-dca6-40cd-9567-393db133b044,STOP,"{'container level': 1, 'geometry': <POINT (24.31 56.362)>}",{},pm_02
1970-01-01 04:16:10.979233,b7c2d8fb-81c0-4d51-b3ce-5707cf95af55,START,"{'container level': 1, 'geometry': <POINT (24.31 56.362)>}",{},pm_02
1970-01-01 04:18:10.979233,b7c2d8fb-81c0-4d51-b3ce-5707cf95af55,STOP,"{'container level': 0, 'geometry': <POINT (24.31 56.362)>}",{},pm_02
1970-01-01 04:18:10.979233,efd92c97-b763-4004-9591-b9a6122652a2,START,"{'container level': 0, 'geometry': <POINT (24.31 56.362)>}",{},pm_02
1970-01-01 04:18:21.958467,efd92c97-b763-4004-9591-b9a6122652a2,STOP,"{'container level': 0, 'geometry': <POINT (24.311 56.363)>}",{},pm_02
1970-01-01 00:20:00.000000,b49d4980-6d7f-4069-ba3f-473392b16ca9,START,"{'container level': 0, 'geometry': <POINT (24.311 56.363)>}",{},pm_03
1970-01-01 00:22:00.000000,b49d4980-6d7f-4069-ba3f-473392b16ca9,STOP,"{'container level': 1, 'geometry': <POINT (24.311 56.363)>}",{},pm_03
1970-01-01 00:22:00.000000,c2bf9b22-3e18-43e1-b2f4-af683d1f81f5,START,"{'container level': 1, 'geometry': <POINT (24.311 56.363)>}",{},pm_03
1970-01-01 00:22:10.979233,c2bf9b22-3e18-43e1-b2f4-af683d1f81f5,STOP,"{'container level': 1, 'geometry': <POINT (24.31 56.362)>}",{},pm_03
1970-01-01 00:22:10.979233,84d4258a-d9f3-4548-9381-5bf815485750,START,"{'container level': 1, 'geometry': <POINT (24.31 56.362)>}",{},pm_03
1970-01-01 00:24:10.979233,84d4258a-d9f3-4548-9381-5bf815485750,STOP,"{'container level': 0, 'geometry': <POINT (24.31 56.362)>}",{},pm_03
1970-01-01 00:24:10.979233,5636f013-b6d5-4865-a2a9-7ba080590220,START,"{'container level': 0, 'geometry': <POINT (24.31 56.362)>}",{},pm_03
1970-01-01 00:24:21.958467,5636f013-b6d5-4865-a2a9-7ba080590220,STOP,"{'container level': 0, 'geometry': <POINT (24.311 56.363)>}",{},pm_03
1970-01-01 01:20:00.000000,201c23ca-def0-40af-9570-3fc176f51a08,START,"{'container level': 0, 'geometry': <POINT (24.311 56.363)>}",{},pm_03
1970-01-01 01:22:00.000000,201c23ca-def0-40af-9570-3fc176f51a08,STOP,"{'container level': 1, 'geometry': <POINT (24.311 56.363)>}",{},pm_03
1970-01-01 01:22:00.000000,7d77fe9b-8b62-4547-98b1-865da3a1cc02,START,"{'container level': 1, 'geometry': <POINT (24.311 56.363)>}",{},pm_03
1970-01-01 01:22:10.979233,7d77fe9b-8b62-4547-98b1-865da3a1cc02,STOP,"{'container level': 1, 'geometry': <POINT (24.31 56.362)>}",{},pm_03
1970-01-01 01:22:10.979233,a8566c3a-e634-4179-8b51-75aac8f0bf18,START,"{'container level': 1, 'geometry': <POINT (24.31 56.362)>}",{},pm_03
1970-01-01 01:24:10.979233,a8566c3a-e634-4179-8b51-75aac8f0bf18,STOP,"{'container level': 0, 'geometry': <POINT (24.31 56.362)>}",{},pm_03
1970-01-01 01:24:10.979233,50d745da-c424-4781-b367-1ffba18839f1,START,"{'container level': 0, 'geometry': <POINT (24.31 56.362)>}",{},pm_03
1970-01-01 01:24:21.958467,50d745da-c424-4781-b367-1ffba18839f1,STOP,"{'container level': 0, 'geometry': <POINT (24.311 56.363)>}",{},pm_03
1970-01-01 02:20:00.000000,1698da2e-f0c5-40a7-8ed1-beec0cfe7569,START,"{'container level': 0, 'geometry': <POINT (24.311 56.363)>}",{},pm_03
1970-01-01 02:22:00.000000,1698da2e-f0c5-40a7-8ed1-beec0cfe7569,STOP,"{'container level': 1, 'geometry': <POINT (24.311 56.363)>}",{},pm_03
1970-01-01 02:22:00.000000,b1df3c18-7912-49c0-a054-254fe7185e5b,START,"{'container level': 1, 'geometry': <POINT (24.311 56.363)>}",{},pm_03
1970-01-01 02:22:10.979233,b1df3c18-7912-49c0-a054-254fe7185e5b,STOP,"{'container level': 1, 'geometry': <POINT (24.31 56.362)>}",{},pm_03
1970-01-01 02:22:10.979233,54a7d061-291f-4ce3-9bc6-418d75b69218,START,"{'container level': 1, 'geometry': <POINT (24.31 56.362)>}",{},pm_03
1970-01-01 02:24:10.979233,54a7d061-291f-4ce3-9bc6-418d75b69218,STOP,"{'container level': 0, 'geometry': <POINT (24.31 56.362)>}",{},pm_03
1970-01-01 02:24:10.979233,8142c116-6656-4fa8-bc1c-f1cec886b365,START,"{'container level': 0, 'geometry': <POINT (24.31 56.362)>}",{},pm_03
1970-01-01 02:24:21.958467,8142c116-6656-4fa8-bc1c-f1cec886b365,STOP,"{'container level': 0, 'geometry': <POINT (24.311 56.363)>}",{},pm_03
1970-01-01 03:20:00.000000,8578c43f-0b1f-4096-bb4c-369129a4e6b2,START,"{'container level': 0, 'geometry': <POINT (24.311 56.363)>}",{},pm_03
1970-01-01 03:22:00.000000,8578c43f-0b1f-4096-bb4c-369129a4e6b2,STOP,"{'container level': 1, 'geometry': <POINT (24.311 56.363)>}",{},pm_03
1970-01-01 03:22:00.000000,a796767a-7fcd-4b71-b57a-c1701b7183b8,START,"{'container level': 1, 'geometry': <POINT (24.311 56.363)>}",{},pm_03
1970-01-01 03:22:10.979233,a796767a-7fcd-4b71-b57a-c1701b7183b8,STOP,"{'container level': 1, 'geometry': <POINT (24.31 56.362)>}",{},pm_03
1970-01-01 03:22:10.979233,f0729678-7ab6-4253-a269-84cfe361c13b,START,"{'container level': 1, 'geometry': <POINT (24.31 56.362)>}",{},pm_03
1970-01-01 03:24:10.979233,f0729678-7ab6-4253-a269-84cfe361c13b,STOP,"{'container level': 0, 'geometry': <POINT (24.31 56.362)>}",{},pm_03
1970-01-01 03:24:10.979233,0db6edb2-c234-4122-9071-e3dbf5eac31e,START,"{'container level': 0, 'geometry': <POINT (24.31 56.362)>}",{},pm_03
1970-01-01 03:24:21.958467,0db6edb2-c234-4122-9071-e3dbf5eac31e,STOP,"{'container level': 0, 'geometry': <POINT (24.311 56.363)>}",{},pm_03
1970-01-01 04:20:00.000000,f48fd093-1ad4-4205-9983-184805f05b47,START,"{'container level': 0, 'geometry': <POINT (24.311 56.363)>}",{},pm_03
1970-01-01 04:22:00.000000,f48fd093-1ad4-4205-9983-184805f05b47,STOP,"{'container level': 1, 'geometry': <POINT (24.311 56.363)>}",{},pm_03
1970-01-01 04:22:00.000000,f26bedd4-6bcd-4ee4-898c-146969a40141,START,"{'container level': 1, 'geometry': <POINT (24.311 56.363)>}",{},pm_03
1970-01-01 04:22:10.979233,f26bedd4-6bcd-4ee4-898c-146969a40141,STOP,"{'container level': 1, 'geometry': <POINT (24.31 56.362)>}",{},pm_03
1970-01-01 04:22:10.979233,7cc68ac1-384e-4f11-88bb-0f42dd7599a7,START,"{'container level': 1, 'geometry': <POINT (24.31 56.362)>}",{},pm_03
1970-01-01 04:24:10.979233,7cc68ac1-384e-4f11-88bb-0f42dd7599a7,STOP,"{'container level': 0, 'geometry': <POINT (24.31 56.362)>}",{},pm_03
1970-01-01 04:24:10.979233,5a7ad171-5602-40cc-803c-22dd4b3d2c26,START,"{'container level': 0, 'geometry': <POINT (24.31 56.362)>}",{},pm_03
1970-01-01 04:24:21.958467,5a7ad171-5602-40cc-803c-22dd4b3d2c26,STOP,"{'container level': 0, 'geometry': <POINT (24.311 56.363)>}",{},pm_03
1970-01-01 00:26:00.000000,aff75c6e-e45b-45f4-862d-6d0902caaf4d,START,"{'container level': 0, 'geometry': <POINT (24.311 56.363)>}",{},pm_04
1970-01-01 00:28:00.000000,aff75c6e-e45b-45f4-862d-6d0902caaf4d,STOP,"{'container level': 1, 'geometry': <POINT (24.311 56.363)>}",{},pm_04
1970-01-01 00:28:00.000000,2f0ec411-4b2c-4682-ab2b-84434a493ff6,START,"{'container level': 1, 'geometry': <POINT (24.311 56.363)>}",{},pm_04
1970-01-01 00:28:10.979233,2f0ec411-4b2c-4682-ab2b-84434a493ff6,STOP,"{'container level': 1, 'geometry': <POINT (24.31 56.362)>}",{},pm_04
1970-01-01 00:28:10.979233,fc70c18e-3113-4726-a3db-a8fba3045d62,START,"{'container level': 1, 'geometry': <POINT (24.31 56.362)>}",{},pm_04
1970-01-01 00:30:10.979233,fc70c18e-3113-4726-a3db-a8fba3045d62,STOP,"{'container level': 0, 'geometry': <POINT (24.31 56.362)>}",{},pm_04
1970-01-01 00:30:10.979233,19ecfb90-1a2e-4b1c-974a-1582e28af18c,START,"{'container level': 0, 'geometry': <POINT (24.31 56.362)>}",{},pm_04
1970-01-01 00:30:21.958467,19ecfb90-1a2e-4b1c-974a-1582e28af18c,STOP,"{'container level': 0, 'geometry': <POINT (24.311 56.363)>}",{},pm_04
1970-01-01 01:26:00.000000,43a28e1e-4e50-4142-8a4b-ea6fff178a3c,START,"{'container level': 0, 'geometry': <POINT (24.311 56.363)>}",{},pm_04
1970-01-01 01:28:00.000000,43a28e1e-4e50-4142-8a4b-ea6fff178a3c,STOP,"{'container level': 1, 'geometry': <POINT (24.311 56.363)>}",{},pm_04
1970-01-01 01:28:00.000000,931a3408-71e1-4445-aa9e-33050fd1f34b,START,"{'container level': 1, 'geometry': <POINT (24.311 56.363)>}",{},pm_04
1970-01-01 01:28:10.979233,931a3408-71e1-4445-aa9e-33050fd1f34b,STOP,"{'container level': 1, 'geometry': <POINT (24.31 56.362)>}",{},pm_04
1970-01-01 01:28:10.979233,de0b0713-db23-4de0-9d80-07665703091a,START,"{'container level': 1, 'geometry': <POINT (24.31 56.362)>}",{},pm_04
1970-01-01 01:30:10.979233,de0b0713-db23-4de0-9d80-07665703091a,STOP,"{'container level': 0, 'geometry': <POINT (24.31 56.362)>}",{},pm_04
1970-01-01 01:30:10.979233,aac84fb2-4430-4e10-bbba-0aff729a4f76,START,"{'container level': 0, 'geometry': <POINT (24.31 56.362)>}",{},pm_04
1970-01-01 01:30:21.958467,aac84fb2-4430-4e10-bbba-0aff729a4f76,STOP,"{'container level': 0, 'geometry': <POINT (24.311 56.363)>}",{},pm_04
1970-01-01 02:26:00.000000,45ab9db7-2ce8-4023-8d1f-e4695af4f182,START,"{'container level': 0, 'geometry': <POINT (24.311 56.363)>}",{},pm_04
1970-01-01 02:28:00.000000,45ab9db7-2ce8-4023-8d1f-e4695af4f182,STOP,"{'container level': 1, 'geometry': <POINT (24.311 56.363)>}",{},pm_04
1970-01-01 02:28:00.000000,4e281272-93da-48cd-832a-8a080c317d4e,START,"{'container level': 1, 'geometry': <POINT (24.311 56.363)>}",{},pm_04
1970-01-01 02:28:10.979233,4e281272-93da-48cd-832a-8a080c317d4e,STOP,"{'container level': 1, 'geometry': <POINT (24.31 56.362)>}",{},pm_04
1970-01-01 02:28:10.979233,e908b01d-9d53-4532-bdac-8c0508305926,START,"{'container level': 1, 'geometry': <POINT (24.31 56.362)>}",{},pm_04
1970-01-01 02:30:10.979233,e908b01d-9d53-4532-bdac-8c0508305926,STOP,"{'container level': 0, 'geometry': <POINT (24.31 56.362)>}",{},pm_04
1970-01-01 02:30:10.979233,77dcee4a-c23b-4193-8871-8aa8dcac057e,START,"{'container level': 0, 'geometry': <POINT (24.31 56.362)>}",{},pm_04
1970-01-01 02:30:21.958467,77dcee4a-c23b-4193-8871-8aa8dcac057e,STOP,"{'container level': 0, 'geometry': <POINT (24.311 56.363)>}",{},pm_04
1970-01-01 03:26:00.000000,87507242-a915-4846-a5ac-e8d198adbf07,START,"{'container level': 0, 'geometry': <POINT (24.311 56.363)>}",{},pm_04
1970-01-01 03:28:00.000000,87507242-a915-4846-a5ac-e8d198adbf07,STOP,"{'container level': 1, 'geometry': <POINT (24.311 56.363)>}",{},pm_04
1970-01-01 03:28:00.000000,47b02086-22f8-4535-a06b-eb725929bcb3,START,"{'container level': 1, 'geometry': <POINT (24.311 56.363)>}",{},pm_04
1970-01-01 03:28:10.979233,47b02086-22f8-4535-a06b-eb725929bcb3,STOP,"{'container level': 1, 'geometry': <POINT (24.31 56.362)>}",{},pm_04
1970-01-01 03:28:10.979233,b7234439-aa58-4ed2-a6a4-80d5c9fbd908,START,"{'container level': 1, 'geometry': <POINT (24.31 56.362)>}",{},pm_04
1970-01-01 03:30:10.979233,b7234439-aa58-4ed2-a6a4-80d5c9fbd908,STOP,"{'container level': 0, 'geometry': <POINT (24.31 56.362)>}",{},pm_04
1970-01-01 03:30:10.979233,efc25cec-533c-42ef-89d4-1184d2d6ba83,START,"{'container level': 0, 'geometry': <POINT (24.31 56.362)>}",{},pm_04
1970-01-01 03:30:21.958467,efc25cec-533c-42ef-89d4-1184d2d6ba83,STOP,"{'container level': 0, 'geometry': <POINT (24.311 56.363)>}",{},pm_04
1970-01-01 04:26:00.000000,a224fb1f-5c7c-4feb-98a9-8d2a60b8c7c1,START,"{'container level': 0, 'geometry': <POINT (24.311 56.363)>}",{},pm_04
1970-01-01 04:28:00.000000,a224fb1f-5c7c-4feb-98a9-8d2a60b8c7c1,STOP,"{'container level': 1, 'geometry': <POINT (24.311 56.363)>}",{},pm_04
1970-01-01 04:28:00.000000,2bcd061d-a63d-4e5e-bb4b-f92f7cc37f9f,START,"{'container level': 1, 'geometry': <POINT (24.311 56.363)>}",{},pm_04
1970-01-01 04:28:10.979233,2bcd061d-a63d-4e5e-bb4b-f92f7cc37f9f,STOP,"{'container level': 1, 'geometry': <POINT (24.31 56.362)>}",{},pm_04
1970-01-01 04:28:10.979233,443c3de8-a540-44e1-a095-8a174fe0f0a4,START,"{'container level': 1, 'geometry': <POINT (24.31 56.362)>}",{},pm_04
1970-01-01 04:30:10.979233,443c3de8-a540-44e1-a095-8a174fe0f0a4,STOP,"{'container level': 0, 'geometry': <POINT (24.31 56.362)>}",{},pm_04
1970-01-01 04:30:10.979233,192e7515-3d82-4438-8689-d7569cc58afa,START,"{'container level': 0, 'geometry': <POINT (24.31 56.362)>}",{},pm_04
1970-01-01 04:30:21.958467,192e7515-3d82-4438-8689-d7569cc58afa,STOP,"{'container level': 0, 'geometry': <POINT (24.311 56.363)>}",{},pm_04
1970-01-01 00:32:00.000000,7d5e7e43-3106-483d-8f65-450286445c6f,START,"{'container level': 0, 'geometry': <POINT (24.311 56.363)>}",{},pm_05
1970-01-01 00:34:00.000000,7d5e7e43-3106-483d-8f65-450286445c6f,STOP,"{'container level': 1, 'geometry': <POINT (24.311 56.363)>}",{},pm_05
1970-01-01 00:34:00.000000,d8035fcc-c45c-46d3-ac47-8e918216e25b,START,"{'container level': 1, 'geometry': <POINT (24.311 56.363)>}",{},pm_05
1970-01-01 00:34:10.979233,d8035fcc-c45c-46d3-ac47-8e918216e25b,STOP,"{'container level': 1, 'geometry': <POINT (24.31 56.362)>}",{},pm_05
1970-01-01 00:34:10.979233,e9fec68e-f092-4a0d-a119-7e372d5a94d1,START,"{'container level': 1, 'geometry': <POINT (24.31 56.362)>}",{},pm_05
1970-01-01 00:36:10.979233,e9fec68e-f092-4a0d-a119-7e372d5a94d1,STOP,"{'container level': 0, 'geometry': <POINT (24.31 56.362)>}",{},pm_05
1970-01-01 00:36:10.979233,d62774ff-57e1-4447-b101-6fb8d9f9aaf2,START,"{'container level': 0, 'geometry': <POINT (24.31 56.362)>}",{},pm_05
1970-01-01 00:36:21.958467,d62774ff-57e1-4447-b101-6fb8d9f9aaf2,STOP,"{'container level': 0, 'geometry': <POINT (24.311 56.363)>}",{},pm_05
1970-01-01 01:32:00.000000,4aff4578-c953-4ab5-9f43-cbbaba405197,START,"{'container level': 0, 'geometry': <POINT (24.311 56.363)>}",{},pm_05
1970-01-01 01:34:00.000000,4aff4578-c953-4ab5-9f43-cbbaba405197,STOP,"{'container level': 1, 'geometry': <POINT (24.311 56.363)>}",{},pm_05
1970-01-01 01:34:00.000000,7e0a55e5-3934-403b-90d6-4aa9fac07c4c,START,"{'container level': 1, 'geometry': <POINT (24.311 56.363)>}",{},pm_05
1970-01-01 01:34:10.979233,7e0a55e5-3934-403b-90d6-4aa9fac07c4c,STOP,"{'container level': 1, 'geometry': <POINT (24.31 56.362)>}",{},pm_05
1970-01-01 01:34:10.979233,e01bc804-1eb8-45c6-ab67-2c989582d8c6,START,"{'container level': 1, 'geometry': <POINT (24.31 56.362)>}",{},pm_05
1970-01-01 01:36:10.979233,e01bc804-1eb8-45c6-ab67-2c989582d8c6,STOP,"{'container level': 0, 'geometry': <POINT (24.31 56.362)>}",{},pm_05
1970-01-01 01:36:10.979233,916ae2b8-7e00-4eb3-ac06-71515c19f4ea,START,"{'container level': 0, 'geometry': <POINT (24.31 56.362)>}",{},pm_05
1970-01-01 01:36:21.958467,916ae2b8-7e00-4eb3-ac06-71515c19f4ea,STOP,"{'container level': 0, 'geometry': <POINT (24.311 56.363)>}",{},pm_05
1970-01-01 02:32:00.000000,5e035f66-c1c8-4462-a41a-bc53c5ac4dd3,START,"{'container level': 0, 'geometry': <POINT (24.311 56.363)>}",{},pm_05
1970-01-01 02:34:00.000000,5e035f66-c1c8-4462-a41a-bc53c5ac4dd3,STOP,"{'container level': 1, 'geometry': <POINT (24.311 56.363)>}",{},pm_05
1970-01-01 02:34:00.000000,66a53aa0-97a7-4068-abdb-1bea1bb4d71d,START,"{'container level': 1, 'geometry': <POINT (24.311 56.363)>}",{},pm_05
1970-01-01 02:34:10.979233,66a53aa0-97a7-4068-abdb-1bea1bb4d71d,STOP,"{'container level': 1, 'geometry': <POINT (24.31 56.362)>}",{},pm_05
1970-01-01 02:34:10.979233,184480a6-2731-403d-8272-b14d95ae5917,START,"{'container level': 1, 'geometry': <POINT (24.31 56.362)>}",{},pm_05
1970-01-01 02:36:10.979233,184480a6-2731-403d-8272-b14d95ae5917,STOP,"{'container level': 0, 'geometry': <POINT (24.31 56.362)>}",{},pm_05
1970-01-01 02:36:10.979233,c1f6a8c0-c60d-4231-8075-a30a82a2d66c,START,"{'container level': 0, 'geometry': <POINT (24.31 56.362)>}",{},pm_05
1970-01-01 02:36:21.958467,c1f6a8c0-c60d-4231-8075-a30a82a2d66c,STOP,"{'container level': 0, 'geometry': <POINT (24.311 56.363)>}",{},pm_05
1970-01-01 03:32:00.000000,c0fc7da5-370c-404d-b957-2241af08837a,START,"{'container level': 0, 'geometry': <POINT (24.311 56.363)>}",{},pm_05
1970-01-01 03:34:00.000000,c0fc7da5-370c-404d-b957-2241af08837a,STOP,"{'container level': 1, 'geometry': <POINT (24.311 56.363)>}",{},pm_05
1970-01-01 03:34:00.000000,f4e84693-37fe-4961-9b5a-713180ed6ec8,START,"{'container level': 1, 'geometry': <POINT (24.311 56.363)>}",{},pm_05
1970-01-01 03:34:10.979233,f4e84693-37fe-4961-9b5a-713180ed6ec8,STOP,"{'container level': 1, 'geometry': <POINT (24.31 56.362)>}",{},pm_05
1970-01-01 03:34:10.979233,5110f288-aefe-4686-80fa-da7e48476a3f,START,"{'container level': 1, 'geometry': <POINT (24.31 56.362)>}",{},pm_05
1970-01-01 03:36:10.979233,5110f288-aefe-4686-80fa-da7e48476a3f,STOP,"{'container level': 0, 'geometry': <POINT (24.31 56.362)>}",{},pm_05
1970-01-01 03:36:10.979233,83acc7af-ffc1-449d-bdcf-8f0bfa458931,START,"{'container level': 0, 'geometry': <POINT (24.31 56.362)>}",{},pm_05
1970-01-01 03:36:21.958467,83acc7af-ffc1-449d-bdcf-8f0bfa458931,STOP,"{'container level': 0, 'geometry': <POINT (24.311 56.363)>}",{},pm_05
1970-01-01 04:32:00.000000,b174fcda-dcda-4a05-8d95-6a5821ad9a76,START,"{'container level': 0, 'geometry': <POINT (24.311 56.363)>}",{},pm_05
1970-01-01 04:34:00.000000,b174fcda-dcda-4a05-8d95-6a5821ad9a76,STOP,"{'container level': 1, 'geometry': <POINT (24.311 56.363)>}",{},pm_05
1970-01-01 04:34:00.000000,f47384b3-e383-4ae7-8bd7-592f7119e775,START,"{'container level': 1, 'geometry': <POINT (24.311 56.363)>}",{},pm_05
1970-01-01 04:34:10.979233,f47384b3-e383-4ae7-8bd7-592f7119e775,STOP,"{'container level': 1, 'geometry': <POINT (24.31 56.362)>}",{},pm_05
1970-01-01 04:34:10.979233,423cd616-351f-41c6-b49f-6a6d0293fadb,START,"{'container level': 1, 'geometry': <POINT (24.31 56.362)>}",{},pm_05
1970-01-01 04:36:10.979233,423cd616-351f-41c6-b49f-6a6d0293fadb,STOP,"{'container level': 0, 'geometry': <POINT (24.31 56.362)>}",{},pm_05
1970-01-01 04:36:10.979233,1b487f7e-22b1-4e3f-bda7-87090985970e,START,"{'container level': 0, 'geometry': <POINT (24.31 56.362)>}",{},pm_05
1970-01-01 04:36:21.958467,1b487f7e-22b1-4e3f-bda7-87090985970e,STOP,"{'container level': 0, 'geometry': <POINT (24.311 56.363)>}",{},pm_05
1970-01-01 00:38:00.000000,3becb173-67ef-4b46-9fd1-6be37f05a489,START,"{'container level': 0, 'geometry': <POINT (24.311 56.363)>}",{},pm_06
1970-01-01 00:40:00.000000,3becb173-67ef-4b46-9fd1-6be37f05a489,STOP,"{'container level': 1, 'geometry': <POINT (24.311 56.363)>}",{},pm_06
1970-01-01 00:40:00.000000,c79f4ee7-7757-4f9b-8815-ce6544082324,START,"{'container level': 1, 'geometry': <POINT (24.311 56.363)>}",{},pm_06
1970-01-01 00:40:10.979233,c79f4ee7-7757-4f9b-8815-ce6544082324,STOP,"{'container level': 1, 'geometry': <POINT (24.31 56.362)>}",{},pm_06
1970-01-01 00:40:10.979233,c30f5707-c367-4d0b-bca3-130841d393ea,START,"{'container level': 1, 'geometry': <POINT (24.31 56.362)>}",{},pm_06
1970-01-01 00:42:10.979233,c30f5707-c367-4d0b-bca3-130841d393ea,STOP,"{'container level': 0, 'geometry': <POINT (24.31 56.362)>}",{},pm_06
1970-01-01 00:42:10.979233,1044e67f-f28d-4141-be38-9f8338b3e393,START,"{'container level': 0, 'geometry': <POINT (24.31 56.362)>}",{},pm_06
1970-01-01 00:42:21.958467,1044e67f-f28d-4141-be38-9f8338b3e393,STOP,"{'container level': 0, 'geometry': <POINT (24.311 56.363)>}",{},pm_06
1970-01-01 01:38:00.000000,38663930-8fb6-4597-b384-4e1ccf4adc46,START,"{'container level': 0, 'geometry': <POINT (24.311 56.363)>}",{},pm_06
1970-01-01 01:40:00.000000,38663930-8fb6-4597-b384-4e1ccf4adc46,STOP,"{'container level': 1, 'geometry': <POINT (24.311 56.363)>}",{},pm_06
1970-01-01 01:40:00.000000,635805c6-3732-40bf-a133-07779cb17503,START,"{'container level': 1, 'geometry': <POINT (24.311 56.363)>}",{},pm_06
1970-01-01 01:40:10.979233,635805c6-3732-40bf-a133-07779cb17503,STOP,"{'container level': 1, 'geometry': <POINT (24.31 56.362)>}",{},pm_06
1970-01-01 01:40:10.979233,87d30f94-c8db-42a5-8414-a343cb96d5bf,START,"{'container level': 1, 'geometry': <POINT (24.31 56.362)>}",{},pm_06
1970-01-01 01:42:10.979233,87d30f94-c8db-42a5-8414-a343cb96d5bf,STOP,"{'container level': 0, 'geometry': <POINT (24.31 56.362)>}",{},pm_06
1970-01-01 01:42:10.979233,ff0b2511-1555-4ef6-8335-ebf2a1264374,START,"{'container level': 0, 'geometry': <POINT (24.31 56.362)>}",{},pm_06
1970-01-01 01:42:21.958467,ff0b2511-1555-4ef6-8335-ebf2a1264374,STOP,"{'container level': 0, 'geometry': <POINT (24.311 56.363)>}",{},pm_06
1970-01-01 02:38:00.000000,87748097-3059-49f0-bfa7-7a4d99e6595e,START,"{'container level': 0, 'geometry': <POINT (24.311 56.363)>}",{},pm_06
1970-01-01 02:40:00.000000,87748097-3059-49f0-bfa7-7a4d99e6595e,STOP,"{'container level': 1, 'geometry': <POINT (24.311 56.363)>}",{},pm_06
1970-01-01 02:40:00.000000,544fc59a-8a96-40bc-b068-1073bce5fad3,START,"{'container level': 1, 'geometry': <POINT (24.311 56.363)>}",{},pm_06
1970-01-01 02:40:10.979233,544fc59a-8a96-40bc-b068-1073bce5fad3,STOP,"{'container level': 1, 'geometry': <POINT (24.31 56.362)>}",{},pm_06
1970-01-01 02:40:10.979233,9c0b2942-0456-4b01-9eaa-472a745cf45b,START,"{'container level': 1, 'geometry': <POINT (24.31 56.362)>}",{},pm_06
1970-01-01 02:42:10.979233,9c0b2942-0456-4b01-9eaa-472a745cf45b,STOP,"{'container level': 0, 'geometry': <POINT (24.31 56.362)>}",{},pm_06
1970-01-01 02:42:10.979233,6f0c15a5-db0b-478d-a346-fe679c6c7ee7,START,"{'container level': 0, 'geometry': <POINT (24.31 56.362)>}",{},pm_06
1970-01-01 02:42:21.958467,6f0c15a5-db0b-478d-a346-fe679c6c7ee7,STOP,"{'container level': 0, 'geometry': <POINT (24.311 56.363)>}",{},pm_06
1970-01-01 03:38:00.000000,ceac396c-15cb-480a-ad89-bfbf4621212c,START,"{'container level': 0, 'geometry': <POINT (24.311 56.363)>}",{},pm_06
1970-01-01 03:40:00.000000,ceac396c-15cb-480a-ad89-bfbf4621212c,STOP,"{'container level': 1, 'geometry': <POINT (24.311 56.363)>}",{},pm_06
1970-01-01 03:40:00.000000,460f095a-4cd8-4451-8d7c-f0b006039986,START,"{'container level': 1, 'geometry': <POINT (24.311 56.363)>}",{},pm_06
1970-01-01 03:40:10.979233,460f095a-4cd8-4451-8d7c-f0b006039986,STOP,"{'container level': 1, 'geometry': <POINT (24.31 56.362)>}",{},pm_06
1970-01-01 03:40:10.979233,5adde3f6-b989-4035-87f5-340e17e50bfb,START,"{'container level': 1, 'geometry': <POINT (24.31 56.362)>}",{},pm_06
1970-01-01 03:42:10.979233,5adde3f6-b989-4035-87f5-340e17e50bfb,STOP,"{'container level': 0, 'geometry': <POINT (24.31 56.362)>}",{},pm_06
1970-01-01 03:42:10.979233,bd82b9b1-3985-4aae-be7d-cec725280741,START,"{'container level': 0, 'geometry': <POINT (24.31 56.362)>}",{},pm_06
1970-01-01 03:42:21.958467,bd82b9b1-3985-4aae-be7d-cec725280741,STOP,"{'container level': 0, 'geometry': <POINT (24.311 56.363)>}",{},pm_06
1970-01-01 04:38:00.000000,aed1f9e9-6f66-4386-9c6d-60b9804027ee,START,"{'container level': 0, 'geometry': <POINT (24.311 56.363)>}",{},pm_06
1970-01-01 04:40:00.000000,aed1f9e9-6f66-4386-9c6d-60b9804027ee,STOP,"{'container level': 1, 'geometry': <POINT (24.311 56.363)>}",{},pm_06
1970-01-01 04:40:00.000000,5fb98d9c-f7c0-4895-af9f-cfaa80492e6a,START,"{'container level': 1, 'geometry': <POINT (24.311 56.363)>}",{},pm_06
1970-01-01 04:40:10.979233,5fb98d9c-f7c0-4895-af9f-cfaa80492e6a,STOP,"{'container level': 1, 'geometry': <POINT (24.31 56.362)>}",{},pm_06
1970-01-01 04:40:10.979233,325e84dc-82d7-4f4f-87de-9cd04eabdd3c,START,"{'container level': 1, 'geometry': <POINT (24.31 56.362)>}",{},pm_06
1970-01-01 04:42:10.979233,325e84dc-82d7-4f4f-87de-9cd04eabdd3c,STOP,"{'container level': 0, 'geometry': <POINT (24.31 56.362)>}",{},pm_06
1970-01-01 04:42:10.979233,4bb18fa6-9ea4-4f5f-a0c2-0d7d09808f04,START,"{'container level': 0, 'geometry': <POINT (24.31 56.362)>}",{},pm_06
1970-01-01 04:42:21.958467,4bb18fa6-9ea4-4f5f-a0c2-0d7d09808f04,STOP,"{'container level': 0, 'geometry': <POINT (24.311 56.363)>}",{},pm_06
1970-01-01 00:44:00.000000,7302dd9f-d597-4c99-a54b-a642ccead1dc,START,"{'container level': 0, 'geometry': <POINT (24.311 56.363)>}",{},pm_07
1970-01-01 00:46:00.000000,7302dd9f-d597-4c99-a54b-a642ccead1dc,STOP,"{'container level': 1, 'geometry': <POINT (24.311 56.363)>}",{},pm_07
1970-01-01 00:46:00.000000,d808c15d-7fdb-430f-8e29-53cd7176ea0b,START,"{'container level': 1, 'geometry': <POINT (24.311 56.363)>}",{},pm_07
1970-01-01 00:46:10.979233,d808c15d-7fdb-430f-8e29-53cd7176ea0b,STOP,"{'container level': 1, 'geometry': <POINT (24.31 56.362)>}",{},pm_07
1970-01-01 00:46:10.979233,ee798fb3-b0a4-448d-b6eb-6bd42d705351,START,"{'container level': 1, 'geometry': <POINT (24.31 56.362)>}",{},pm_07
1970-01-01 00:48:10.979233,ee798fb3-b0a4-448d-b6eb-6bd42d705351,STOP,"{'container level': 0, 'geometry': <POINT (24.31 56.362)>}",{},pm_07
1970-01-01 00:48:10.979233,19f6a4e5-2edb-416f-b543-fd8f8d3668fd,START,"{'container level': 0, 'geometry': <POINT (24.31 56.362)>}",{},pm_07
1970-01-01 00:48:21.958467,19f6a4e5-2edb-416f-b543-fd8f8d3668fd,STOP,"{'container level': 0, 'geometry': <POINT (24.311 56.363)>}",{},pm_07
1970-01-01 01:44:00.000000,bbfbe5d4-61ab-4463-83fb-620698d61e75,START,"{'container level': 0, 'geometry': <POINT (24.311 56.363)>}",{},pm_07
1970-01-01 01:46:00.000000,bbfbe5d4-61ab-4463-83fb-620698d61e75,STOP,"{'container level': 1, 'geometry': <POINT (24.311 56.363)>}",{},pm_07
1970-01-01 01:46:00.000000,1a198402-8147-4621-ad6e-5d60826690c2,START,"{'container level': 1, 'geometry': <POINT (24.311 56.363)>}",{},pm_07
1970-01-01 01:46:10.979233,1a198402-8147-4621-ad6e-5d60826690c2,STOP,"{'container level': 1, 'geometry': <POINT (24.31 56.362)>}",{},pm_07
1970-01-01 01:46:10.979233,0bd25d7d-1d27-4fad-81c2-981813c45576,START,"{'container level': 1, 'geometry': <POINT (24.31 56.362)>}",{},pm_07
1970-01-01 01:48:10.979233,0bd25d7d-1d27-4fad-81c2-981813c45576,STOP,"{'container level': 0, 'geometry': <POINT (24.31 56.362)>}",{},pm_07
1970-01-01 01:48:10.979233,7a97111f-a969-4004-a582-b126d06efb71,START,"{'container level': 0, 'geometry': <POINT (24.31 56.362)>}",{},pm_07
1970-01-01 01:48:21.958467,7a97111f-a969-4004-a582-b126d06efb71,STOP,"{'container level': 0, 'geometry': <POINT (24.311 56.363)>}",{},pm_07
1970-01-01 02:44:00.000000,1931bcd5-c54d-403a-a00b-fc981798f51e,START,"{'container level': 0, 'geometry': <POINT (24.311 56.363)>}",{},pm_07
1970-01-01 02:46:00.000000,1931bcd5-c54d-403a-a00b-fc981798f51e,STOP,"{'container level': 1, 'geometry': <POINT (24.311 56.363)>}",{},pm_07
1970-01-01 02:46:00.000000,0f919870-4c9d-496f-9add-d4edb55c0539,START,"{'container level': 1, 'geometry': <POINT (24.311 56.363)>}",{},pm_07
1970-01-01 02:46:10.979233,0f919870-4c9d-496f-9add-d4edb55c0539,STOP,"{'container level': 1, 'geometry': <POINT (24.31 56.362)>}",{},pm_07
1970-01-01 02:46:10.979233,ebef0963-dcdf-48f8-aa68-c142efa07edc,START,"{'container level': 1, 'geometry': <POINT (24.31 56.362)>}",{},pm_07
1970-01-01 02:48:10.979233,ebef0963-dcdf-48f8-aa68-c142efa07edc,STOP,"{'container level': 0, 'geometry': <POINT (24.31 56.362)>}",{},pm_07
1970-01-01 02:48:10.979233,455b883a-3056-406b-bf23-87624057cf74,START,"{'container level': 0, 'geometry': <POINT (24.31 56.362)>}",{},pm_07
1970-01-01 02:48:21.958467,455b883a-3056-406b-bf23-87624057cf74,STOP,"{'container level': 0, 'geometry': <POINT (24.311 56.363)>}",{},pm_07
1970-01-01 03:44:00.000000,d4492a58-4378-4a1a-8fa9-57250b9db3f7,START,"{'container level': 0, 'geometry': <POINT (24.311 56.363)>}",{},pm_07
1970-01-01 03:46:00.000000,d4492a58-4378-4a1a-8fa9-57250b9db3f7,STOP,"{'container level': 1, 'geometry': <POINT (24.311 56.363)>}",{},pm_07
1970-01-01 03:46:00.000000,fcc1990e-066e-4796-83af-5b15f14b3078,START,"{'container level': 1, 'geometry': <POINT (24.311 56.363)>}",{},pm_07
1970-01-01 03:46:10.979233,fcc1990e-066e-4796-83af-5b15f14b3078,STOP,"{'container level': 1, 'geometry': <POINT (24.31 56.362)>}",{},pm_07
1970-01-01 03:46:10.979233,e2d38126-40e3-4866-a102-04b2cb78fadd,START,"{'container level': 1, 'geometry': <POINT (24.31 56.362)>}",{},pm_07
1970-01-01 03:48:10.979233,e2d38126-40e3-4866-a102-04b2cb78fadd,STOP,"{'container level': 0, 'geometry': <POINT (24.31 56.362)>}",{},pm_07
1970-01-01 03:48:10.979233,4602d5b2-dbc8-4138-a1b6-f20f969e091a,START,"{'container level': 0, 'geometry': <POINT (24.31 56.362)>}",{},pm_07
1970-01-01 03:48:21.958467,4602d5b2-dbc8-4138-a1b6-f20f969e091a,STOP,"{'container level': 0, 'geometry': <POINT (24.311 56.363)>}",{},pm_07
1970-01-01 04:44:00.000000,278fec47-4421-41f6-8d4a-3ceb76bd8a80,START,"{'container level': 0, 'geometry': <POINT (24.311 56.363)>}",{},pm_07
1970-01-01 04:46:00.000000,278fec47-4421-41f6-8d4a-3ceb76bd8a80,STOP,"{'container level': 1, 'geometry': <POINT (24.311 56.363)>}",{},pm_07
1970-01-01 04:46:00.000000,ef8ac097-87fb-4b07-a0bc-beffef52d443,START,"{'container level': 1, 'geometry': <POINT (24.311 56.363)>}",{},pm_07
1970-01-01 04:46:10.979233,ef8ac097-87fb-4b07-a0bc-beffef52d443,STOP,"{'container level': 1, 'geometry': <POINT (24.31 56.362)>}",{},pm_07
1970-01-01 04:46:10.979233,d0af114f-ec0b-4081-991b-a4a59528d8c5,START,"{'container level': 1, 'geometry': <POINT (24.31 56.362)>}",{},pm_07
1970-01-01 04:48:10.979233,d0af114f-ec0b-4081-991b-a4a59528d8c5,STOP,"{'container level': 0, 'geometry': <POINT (24.31 56.362)>}",{},pm_07
1970-01-01 04:48:10.979233,e2296946-fb24-43b7-8dde-61a7399e6e9f,START,"{'container level': 0, 'geometry': <POINT (24.31 56.362)>}",{},pm_07
1970-01-01 04:48:21.958467,e2296946-fb24-43b7-8dde-61a7399e6e9f,STOP,"{'container level': 0, 'geometry': <POINT (24.311 56.363)>}",{},pm_07
1970-01-01 00:50:00.000000,2bb9cf2f-a5e9-4b84-ad9b-f9d22057dc4b,START,"{'container level': 0, 'geometry': <POINT (24.311 56.363)>}",{},pm_08
1970-01-01 00:52:00.000000,2bb9cf2f-a5e9-4b84-ad9b-f9d22057dc4b,STOP,"{'container level': 1, 'geometry': <POINT (24.311 56.363)>}",{},pm_08
1970-01-01 00:52:00.000000,58953fa1-7790-48bc-baf2-80144526e1d1,START,"{'container level': 1, 'geometry': <POINT (24.311 56.363)>}",{},pm_08
1970-01-01 00:52:10.979233,58953fa1-7790-48bc-baf2-80144526e1d1,STOP,"{'container level': 1, 'geometry': <POINT (24.31 56.362)>}",{},pm_08
1970-01-01 00:52:10.979233,1ead7c87-af83-4f09-a98a-06514bc11386,START,"{'container level': 1, 'geometry': <POINT (24.31 56.362)>}",{},pm_08
1970-01-01 00:54:10.979233,1ead7c87-af83-4f09-a98a-06514bc11386,STOP,"{'container level': 0, 'geometry': <POINT (24.31 56.362)>}",{},pm_08
1970-01-01 00:54:10.979233,df665543-2684-4eb3-8bbf-77dd8e458ad6,START,"{'container level': 0, 'geometry': <POINT (24.31 56.362)>}",{},pm_08
1970-01-01 00:54:21.958467,df665543-2684-4eb3-8bbf-77dd8e458ad6,STOP,"{'container level': 0, 'geometry': <POINT (24.311 56.363)>}",{},pm_08
1970-01-01 01:50:00.000000,b739bf96-7831-43e7-9ab0-79e546872e07,START,"{'container level': 0, 'geometry': <POINT (24.311 56.363)>}",{},pm_08
1970-01-01 01:52:00.000000,b739bf96-7831-43e7-9ab0-79e546872e07,STOP,"{'container level': 1, 'geometry': <POINT (24.311 56.363)>}",{},pm_08
1970-01-01 01:52:00.000000,773ad5c1-2e13-4ad3-8a91-750ba776c4b1,START,"{'container level': 1, 'geometry': <POINT (24.311 56.363)>}",{},pm_08
1970-01-01 01:52:10.979233,773ad5c1-2e13-4ad3-8a91-750ba776c4b1,STOP,"{'container level': 1, 'geometry': <POINT (24.31 56.362)>}",{},pm_08
1970-01-01 01:52:10.979233,dbd16d2c-895b-439c-ac36-4c4ae31c4417,START,"{'container level': 1, 'geometry': <POINT (24.31 56.362)>}",{},pm_08
1970-01-01 01:54:10.979233,dbd16d2c-895b-439c-ac36-4c4ae31c4417,STOP,"{'container level': 0, 'geometry': <POINT (24.31 56.362)>}",{},pm_08
1970-01-01 01:54:10.979233,c7039b14-8749-4134-b49b-ee9487926258,START,"{'container level': 0, 'geometry': <POINT (24.31 56.362)>}",{},pm_08
1970-01-01 01:54:21.958467,c7039b14-8749-4134-b49b-ee9487926258,STOP,"{'container level': 0, 'geometry': <POINT (24.311 56.363)>}",{},pm_08
1970-01-01 02:50:00.000000,d07e9cef-e814-4c98-a7a1-18dd07ae5454,START,"{'container level': 0, 'geometry': <POINT (24.311 56.363)>}",{},pm_08
1970-01-01 02:52:00.000000,d07e9cef-e814-4c98-a7a1-18dd07ae5454,STOP,"{'container level': 1, 'geometry': <POINT (24.311 56.363)>}",{},pm_08
1970-01-01 02:52:00.000000,68658900-3663-4ce1-a6a6-b949de39a954,START,"{'container level': 1, 'geometry': <POINT (24.311 56.363)>}",{},pm_08
1970-01-01 02:52:10.979233,68658900-3663-4ce1-a6a6-b949de39a954,STOP,"{'container level': 1, 'geometry': <POINT (24.31 56.362)>}",{},pm_08
1970-01-01 02:52:10.979233,c611bbb7-0a2a-498c-8824-256caccfcda4,START,"{'container level': 1, 'geometry': <POINT (24.31 56.362)>}",{},pm_08
1970-01-01 02:54:10.979233,c611bbb7-0a2a-498c-8824-256caccfcda4,STOP,"{'container level': 0, 'geometry': <POINT (24.31 56.362)>}",{},pm_08
1970-01-01 02:54:10.979233,094d6aa9-1495-4894-a3d4-54ad298776e8,START,"{'container level': 0, 'geometry': <POINT (24.31 56.362)>}",{},pm_08
1970-01-01 02:54:21.958467,094d6aa9-1495-4894-a3d4-54ad298776e8,STOP,"{'container level': 0, 'geometry': <POINT (24.311 56.363)>}",{},pm_08
1970-01-01 03:50:00.000000,98e7cd1a-9582-4119-a41b-42d59adea5fe,START,"{'container level': 0, 'geometry': <POINT (24.311 56.363)>}",{},pm_08
1970-01-01 03:52:00.000000,98e7cd1a-9582-4119-a41b-42d59adea5fe,STOP,"{'container level': 1, 'geometry': <POINT (24.311 56.363)>}",{},pm_08
1970-01-01 03:52:00.000000,bc7dd13d-a37c-4ec0-a24c-ccbcd30b136e,START,"{'container level': 1, 'geometry': <POINT (24.311 56.363)>}",{},pm_08
1970-01-01 03:52:10.979233,bc7dd13d-a37c-4ec0-a24c-ccbcd30b136e,STOP,"{'container level': 1, 'geometry': <POINT (24.31 56.362)>}",{},pm_08
1970-01-01 03:52:10.979233,480a4edc-fa95-4a9e-ace8-2d3fc7b5986f,START,"{'container level': 1, 'geometry': <POINT (24.31 56.362)>}",{},pm_08
1970-01-01 03:54:10.979233,480a4edc-fa95-4a9e-ace8-2d3fc7b5986f,STOP,"{'container level': 0, 'geometry': <POINT (24.31 56.362)>}",{},pm_08
1970-01-01 03:54:10.979233,faf9b42b-8eea-4449-8a8f-e57b2157137f,START,"{'container level': 0, 'geometry': <POINT (24.31 56.362)>}",{},pm_08
1970-01-01 03:54:21.958467,faf9b42b-8eea-4449-8a8f-e57b2157137f,STOP,"{'container level': 0, 'geometry': <POINT (24.311 56.363)>}",{},pm_08
1970-01-01 04:50:00.000000,2f620c2f-fe7d-49e9-9442-ae1cd193ebe7,START,"{'container level': 0, 'geometry': <POINT (24.311 56.363)>}",{},pm_08
1970-01-01 04:52:00.000000,2f620c2f-fe7d-49e9-9442-ae1cd193ebe7,STOP,"{'container level': 1, 'geometry': <POINT (24.311 56.363)>}",{},pm_08
1970-01-01 04:52:00.000000,3e382ab5-8a0f-4d10-9975-99f570d8d9dc,START,"{'container level': 1, 'geometry': <POINT (24.311 56.363)>}",{},pm_08
1970-01-01 04:52:10.979233,3e382ab5-8a0f-4d10-9975-99f570d8d9dc,STOP,"{'container level': 1, 'geometry': <POINT (24.31 56.362)>}",{},pm_08
1970-01-01 04:52:10.979233,940ae144-5a24-4391-93f0-6f1e27817ccd,START,"{'container level': 1, 'geometry': <POINT (24.31 56.362)>}",{},pm_08
1970-01-01 04:54:10.979233,940ae144-5a24-4391-93f0-6f1e27817ccd,STOP,"{'container level': 0, 'geometry': <POINT (24.31 56.362)>}",{},pm_08
1970-01-01 04:54:10.979233,e890c29d-78fb-42ac-9292-74d331225f6b,START,"{'container level': 0, 'geometry': <POINT (24.31 56.362)>}",{},pm_08
1970-01-01 04:54:21.958467,e890c29d-78fb-42ac-9292-74d331225f6b,STOP,"{'container level': 0, 'geometry': <POINT (24.311 56.363)>}",{},pm_08
1970-01-01 00:56:00.000000,31d49bd8-e940-4233-997d-4b262a6f7cf6,START,"{'container level': 0, 'geometry': <POINT (24.311 56.363)>}",{},pm_09
1970-01-01 00:58:00.000000,31d49bd8-e940-4233-997d-4b262a6f7cf6,STOP,"{'container level': 1, 'geometry': <POINT (24.311 56.363)>}",{},pm_09
1970-01-01 00:58:00.000000,ec9bd672-03fc-4fca-bbc2-bf85c1706a77,START,"{'container level': 1, 'geometry': <POINT (24.311 56.363)>}",{},pm_09
1970-01-01 00:58:10.979233,ec9bd672-03fc-4fca-bbc2-bf85c1706a77,STOP,"{'container level': 1, 'geometry': <POINT (24.31 56.362)>}",{},pm_09
1970-01-01 00:58:10.979233,ac2b3a9d-0655-4b81-af1c-b0b30c3900a7,START,"{'container level': 1, 'geometry': <POINT (24.31 56.362)>}",{},pm_09
1970-01-01 01:00:10.979233,ac2b3a9d-0655-4b81-af1c-b0b30c3900a7,STOP,"{'container level': 0, 'geometry': <POINT (24.31 56.362)>}",{},pm_09
1970-01-01 01:00:10.979233,221dc90f-94b3-4877-b0bf-d0339e797144,START,"{'container level': 0, 'geometry': <POINT (24.31 56.362)>}",{},pm_09
1970-01-01 01:00:21.958467,221dc90f-94b3-4877-b0bf-d0339e797144,STOP,"{'container level': 0, 'geometry': <POINT (24.311 56.363)>}",{},pm_09
1970-01-01 01:56:00.000000,33f44b14-66d9-4c76-b88a-820082cd56b5,START,"{'container level': 0, 'geometry': <POINT (24.311 56.363)>}",{},pm_09
1970-01-01 01:58:00.000000,33f44b14-66d9-4c76-b88a-820082cd56b5,STOP,"{'container level': 1, 'geometry': <POINT (24.311 56.363)>}",{},pm_09
1970-01-01 01:58:00.000000,f12363b9-31ab-42b0-9e1a-88042f79a4f9,START,"{'container level': 1, 'geometry': <POINT (24.311 56.363)>}",{},pm_09
1970-01-01 01:58:10.979233,f12363b9-31ab-42b0-9e1a-88042f79a4f9,STOP,"{'container level': 1, 'geometry': <POINT (24.31 56.362)>}",{},pm_09
1970-01-01 01:58:10.979233,391b6955-0d99-484b-b9f5-3d762e147a11,START,"{'container level': 1, 'geometry': <POINT (24.31 56.362)>}",{},pm_09
1970-01-01 02:00:10.979233,391b6955-0d99-484b-b9f5-3d762e147a11,STOP,"{'container level': 0, 'geometry': <POINT (24.31 56.362)>}",{},pm_09
1970-01-01 02:00:10.979233,fdda6539-3c18-4932-b894-41e361b40376,START,"{'container level': 0, 'geometry': <POINT (24.31 56.362)>}",{},pm_09
1970-01-01 02:00:21.958467,fdda6539-3c18-4932-b894-41e361b40376,STOP,"{'container level': 0, 'geometry': <POINT (24.311 56.363)>}",{},pm_09
1970-01-01 02:56:00.000000,f37f87f2-57b2-480a-ae1a-67ccefdbd329,START,"{'container level': 0, 'geometry': <POINT (24.311 56.363)>}",{},pm_09
1970-01-01 02:58:00.000000,f37f87f2-57b2-480a-ae1a-67ccefdbd329,STOP,"{'container level': 1, 'geometry': <POINT (24.311 56.363)>}",{},pm_09
1970-01-01 02:58:00.000000,439d2868-391d-4b3d-af3c-1e98e17f57c0,START,"{'container level': 1, 'geometry': <POINT (24.311 56.363)>}",{},pm_09
1970-01-01 02:58:10.979233,439d2868-391d-4b3d-af3c-1e98e17f57c0,STOP,"{'container level': 1, 'geometry': <POINT (24.31 56.362)>}",{},pm_09
1970-01-01 02:58:10.979233,a1ad1a30-2345-40cb-9341-c942b921e2eb,START,"{'container level': 1, 'geometry': <POINT (24.31 56.362)>}",{},pm_09
1970-01-01 03:00:10.979233,a1ad1a30-2345-40cb-9341-c942b921e2eb,STOP,"{'container level': 0, 'geometry': <POINT (24.31 56.362)>}",{},pm_09
1970-01-01 03:00:10.979233,7faaa662-27e2-417f-a3a2-f065244a06af,START,"{'container level': 0, 'geometry': <POINT (24.31 56.362)>}",{},pm_09
1970-01-01 03:00:21.958467,7faaa662-27e2-417f-a3a2-f065244a06af,STOP,"{'container level': 0, 'geometry': <POINT (24.311 56.363)>}",{},pm_09
1970-01-01 03:56:00.000000,670c84bb-23eb-480e-a87e-9d6bb752ce9e,START,"{'container level': 0, 'geometry': <POINT (24.311 56.363)>}",{},pm_09
1970-01-01 03:58:00.000000,670c84bb-23eb-480e-a87e-9d6bb752ce9e,STOP,"{'container level': 1, 'geometry': <POINT (24.311 56.363)>}",{},pm_09
1970-01-01 03:58:00.000000,7c038081-2dff-47ac-b50a-408b1ac3a047,START,"{'container level': 1, 'geometry': <POINT (24.311 56.363)>}",{},pm_09
1970-01-01 03:58:10.979233,7c038081-2dff-47ac-b50a-408b1ac3a047,STOP,"{'container level': 1, 'geometry': <POINT (24.31 56.362)>}",{},pm_09
1970-01-01 03:58:10.979233,28642cae-4df2-46bf-ad22-c9700818b69e,START,"{'container level': 1, 'geometry': <POINT (24.31 56.362)>}",{},pm_09
1970-01-01 04:00:10.979233,28642cae-4df2-46bf-ad22-c9700818b69e,STOP,"{'container level': 0, 'geometry': <POINT (24.31 56.362)>}",{},pm_09
1970-01-01 04:00:10.979233,3cc1891b-1e72-40de-a089-426f4f4e5b16,START,"{'container level': 0, 'geometry': <POINT (24.31 56.362)>}",{},pm_09
1970-01-01 04:00:21.958467,3cc1891b-1e72-40de-a089-426f4f4e5b16,STOP,"{'container level': 0, 'geometry': <POINT (24.311 56.363)>}",{},pm_09
1970-01-01 04:56:00.000000,d4db6386-7188-4b53-b587-1f2a6a088c42,START,"{'container level': 0, 'geometry': <POINT (24.311 56.363)>}",{},pm_09
1970-01-01 04:58:00.000000,d4db6386-7188-4b53-b587-1f2a6a088c42,STOP,"{'container level': 1, 'geometry': <POINT (24.311 56.363)>}",{},pm_09
1970-01-01 04:58:00.000000,0032ff40-8fea-4788-bf04-0d3171543757,START,"{'container level': 1, 'geometry': <POINT (24.311 56.363)>}",{},pm_09
1970-01-01 04:58:10.979233,0032ff40-8fea-4788-bf04-0d3171543757,STOP,"{'container level': 1, 'geometry': <POINT (24.31 56.362)>}",{},pm_09
1970-01-01 04:58:10.979233,b16a63bd-d1b2-4475-8c10-03488059336a,START,"{'container level': 1, 'geometry': <POINT (24.31 56.362)>}",{},pm_09
1970-01-01 05:00:10.979233,b16a63bd-d1b2-4475-8c10-03488059336a,STOP,"{'container level': 0, 'geometry': <POINT (24.31 56.362)>}",{},pm_09
1970-01-01 05:00:10.979233,1af924c6-b812-443c-9fe6-65c8046869c6,START,"{'container level': 0, 'geometry': <POINT (24.31 56.362)>}",{},pm_09
1970-01-01 05:00:21.958467,1af924c6-b812-443c-9fe6-65c8046869c6,STOP,"{'container level': 0, 'geometry': <POINT (24.311 56.363)>}",{},pm_09
1970-01-01 01:02:00.000000,93b23272-01f5-4491-96e8-dc80926eef75,START,"{'container level': 0, 'geometry': <POINT (24.311 56.363)>}",{},pm_10
1970-01-01 01:04:00.000000,93b23272-01f5-4491-96e8-dc80926eef75,STOP,"{'container level': 1, 'geometry': <POINT (24.311 56.363)>}",{},pm_10
1970-01-01 01:04:00.000000,aa925e40-04b0-4a9f-8d6f-597cd35cc938,START,"{'container level': 1, 'geometry': <POINT (24.311 56.363)>}",{},pm_10
1970-01-01 01:04:10.979233,aa925e40-04b0-4a9f-8d6f-597cd35cc938,STOP,"{'container level': 1, 'geometry': <POINT (24.31 56.362)>}",{},pm_10
1970-01-01 01:04:10.979233,cc2660bc-15a4-4106-857d-639e9891f0dc,START,"{'container level': 1, 'geometry': <POINT (24.31 56.362)>}",{},pm_10
1970-01-01 01:06:10.979233,cc2660bc-15a4-4106-857d-639e9891f0dc,STOP,"{'container level': 0, 'geometry': <POINT (24.31 56.362)>}",{},pm_10
1970-01-01 01:06:10.979233,0d20e1fe-8498-4075-a0be-3d8d30bd186a,START,"{'container level': 0, 'geometry': <POINT (24.31 56.362)>}",{},pm_10
1970-01-01 01:06:21.958467,0d20e1fe-8498-4075-a0be-3d8d30bd186a,STOP,"{'container level': 0, 'geometry': <POINT (24.311 56.363)>}",{},pm_10
1970-01-01 02:02:00.000000,a8e58cb0-3173-42f8-8958-931e129cae89,START,"{'container level': 0, 'geometry': <POINT (24.311 56.363)>}",{},pm_10
1970-01-01 02:04:00.000000,a8e58cb0-3173-42f8-8958-931e129cae89,STOP,"{'container level': 1, 'geometry': <POINT (24.311 56.363)>}",{},pm_10
1970-01-01 02:04:00.000000,28a9f8c7-547e-45f9-90d5-20a44f5c4f4a,START,"{'container level': 1, 'geometry': <POINT (24.311 56.363)>}",{},pm_10
1970-01-01 02:04:10.979233,28a9f8c7-547e-45f9-90d5-20a44f5c4f4a,STOP,"{'container level': 1, 'geometry': <POINT (24.31 56.362)>}",{},pm_10
1970-01-01 02:04:10.979233,560c4672-7c62-47a7-8650-866ec75e0749,START,"{'container level': 1, 'geometry': <POINT (24.31 56.362)>}",{},pm_10
1970-01-01 02:06:10.979233,560c4672-7c62-47a7-8650-866ec75e0749,STOP,"{'container level': 0, 'geometry': <POINT (24.31 56.362)>}",{},pm_10
1970-01-01 02:06:10.979233,73fdac18-89dd-4e1d-a721-46e748fe6410,START,"{'container level': 0, 'geometry': <POINT (24.31 56.362)>}",{},pm_10
1970-01-01 02:06:21.958467,73fdac18-89dd-4e1d-a721-46e748fe6410,STOP,"{'container level': 0, 'geometry': <POINT (24.311 56.363)>}",{},pm_10
1970-01-01 03:02:00.000000,cde0974a-9261-4553-bf0e-8e9d5096ea92,START,"{'container level': 0, 'geometry': <POINT (24.311 56.363)>}",{},pm_10
1970-01-01 03:04:00.000000,cde0974a-9261-4553-bf0e-8e9d5096ea92,STOP,"{'container level': 1, 'geometry': <POINT (24.311 56.363)>}",{},pm_10
1970-01-01 03:04:00.000000,d79e0f79-d7ab-4115-8be0-20c8057d5292,START,"{'container level': 1, 'geometry': <POINT (24.311 56.363)>}",{},pm_10
1970-01-01 03:04:10.979233,d79e0f79-d7ab-4115-8be0-20c8057d5292,STOP,"{'container level': 1, 'geometry': <POINT (24.31 56.362)>}",{},pm_10
1970-01-01 03:04:10.979233,226573aa-bd1c-4860-a49f-2b2c0771277a,START,"{'container level': 1, 'geometry': <POINT (24.31 56.362)>}",{},pm_10
1970-01-01 03:06:10.979233,226573aa-bd1c-4860-a49f-2b2c0771277a,STOP,"{'container level': 0, 'geometry': <POINT (24.31 56.362)>}",{},pm_10
1970-01-01 03:06:10.979233,54154c47-a855-4340-b800-507c6c92075a,START,"{'container level': 0, 'geometry': <POINT (24.31 56.362)>}",{},pm_10
1970-01-01 03:06:21.958467,54154c47-a855-4340-b800-507c6c92075a,STOP,"{'container level': 0, 'geometry': <POINT (24.311 56.363)>}",{},pm_10
1970-01-01 04:02:00.000000,2b8a2296-764b-4da4-80a2-170f1e772414,START,"{'container level': 0, 'geometry': <POINT (24.311 56.363)>}",{},pm_10
1970-01-01 04:04:00.000000,2b8a2296-764b-4da4-80a2-170f1e772414,STOP,"{'container level': 1, 'geometry': <POINT (24.311 56.363)>}",{},pm_10
1970-01-01 04:04:00.000000,8ceb3077-f7aa-4829-a438-f0953711086c,START,"{'container level': 1, 'geometry': <POINT (24.311 56.363)>}",{},pm_10
1970-01-01 04:04:10.979233,8ceb3077-f7aa-4829-a438-f0953711086c,STOP,"{'container level': 1, 'geometry': <POINT (24.31 56.362)>}",{},pm_10
1970-01-01 04:04:10.979233,270e9b53-aca0-46c1-a7c4-0b0a025c7618,START,"{'container level': 1, 'geometry': <POINT (24.31 56.362)>}",{},pm_10
1970-01-01 04:06:10.979233,270e9b53-aca0-46c1-a7c4-0b0a025c7618,STOP,"{'container level': 0, 'geometry': <POINT (24.31 56.362)>}",{},pm_10
1970-01-01 04:06:10.979233,937ef956-6f1e-468f-b681-9bce49e07158,START,"{'container level': 0, 'geometry': <POINT (24.31 56.362)>}",{},pm_10
1970-01-01 04:06:21.958467,937ef956-6f1e-468f-b681-9bce49e07158,STOP,"{'container level': 0, 'geometry': <POINT (24.311 56.363)>}",{},pm_10
1970-01-01 04:58:00.000000,6f54da83-b782-4b8e-b355-155558c8d600,START,"{'container level': 0, 'geometry': <POINT (24.311 56.363)>}",{},pm_10
1970-01-01 05:00:00.000000,6f54da83-b782-4b8e-b355-155558c8d600,STOP,"{'container level': 1, 'geometry': <POINT (24.311 56.363)>}",{},pm_10
1970-01-01 05:00:00.000000,2651e687-cb59-4696-892a-7d97cdc10eca,START,"{'container level': 1, 'geometry': <POINT (24.311 56.363)>}",{},pm_10
1970-01-01 05:00:10.979233,2651e687-cb59-4696-892a-7d97cdc10eca,STOP,"{'container level': 1, 'geometry': <POINT (24.31 56.362)>}",{},pm_10
1970-01-01 05:00:10.979233,7a4586d1-82c7-48c6-b38a-6aea5073ce26,START,"{'container level': 1, 'geometry': <POINT (24.31 56.362)>}",{},pm_10
1970-01-01 05:02:10.979233,7a4586d1-82c7-48c6-b38a-6aea5073ce26,STOP,"{'container level': 0, 'geometry': <POINT (24.31 56.362)>}",{},pm_10
1970-01-01 05:02:10.979233,ae806ed4-95c2-4e62-b4be-307f7de4997d,START,"{'container level': 0, 'geometry': <POINT (24.31 56.362)>}",{},pm_10
1970-01-01 05:02:21.958467,ae806ed4-95c2-4e62-b4be-307f7de4997d,STOP,"{'container level': 0, 'geometry': <POINT (24.311 56.363)>}",{},pm_10
